{
"type": "FeatureCollection",
"name": "geo_18_2",
"crs": { "type": "name", "properties": { "name": "urn:ogc:def:crs:OGC:1.3:CRS84" } },
"features": [
{ "type": "Feature", "properties": { "ID": 1822180000040, "正式名称": "医療法人　生田会　生田医院", "機関区分": 2, "都道府県コード": 18, "市区町村コード": 201, "所在地": "福井県福井市西木田２－４－１４", "緯度": 36.052978, "経度": 136.214375, "url": "https://www.iryou.teikyouseido.mhlw.go.jp/znk-web/juminkanja/S2430/initialize?prefCd=18&kikanCd=2180000040&kikanKbn=2", "url2": null, "内容": "医療法人　生田会　生田医院【2:診療所】【診療科目:内科_小児科】福井県福井市西木田２－４－１４" }, "geometry": { "type": "Point", "coordinates": [ 136.214375, 36.052978 ] } },
{ "type": "Feature", "properties": { "ID": 1822180000090, "正式名称": "医療法人　眼科原医院", "機関区分": 2, "都道府県コード": 18, "市区町村コード": 201, "所在地": "福井県福井市大手２－６－６", "緯度": 36.062894, "経度": 136.222125, "url": "https://www.iryou.teikyouseido.mhlw.go.jp/znk-web/juminkanja/S2430/initialize?prefCd=18&kikanCd=2180000090&kikanKbn=2", "url2": "http://ganka-haraiin.jp/", "内容": "医療法人　眼科原医院【2:診療所】【診療科目:眼科】福井県福井市大手２－６－６" }, "geometry": { "type": "Point", "coordinates": [ 136.222125, 36.062894 ] } },
{ "type": "Feature", "properties": { "ID": 1822180000100, "正式名称": "医療法人　長生会　長谷川医院", "機関区分": 2, "都道府県コード": 18, "市区町村コード": 201, "所在地": "福井県福井市松本４－２－２４", "緯度": 36.071561, "経度": 136.220319, "url": "https://www.iryou.teikyouseido.mhlw.go.jp/znk-web/juminkanja/S2430/initialize?prefCd=18&kikanCd=2180000100&kikanKbn=2", "url2": "https://www.hasegawaiin-fukui.com", "内容": "医療法人　長生会　長谷川医院【2:診療所】【診療科目:精神科_心療内科】福井県福井市松本４－２－２４" }, "geometry": { "type": "Point", "coordinates": [ 136.220319, 36.071561 ] } },
{ "type": "Feature", "properties": { "ID": 1822180000220, "正式名称": "田中皮フ科医院", "機関区分": 2, "都道府県コード": 18, "市区町村コード": 201, "所在地": "福井県福井市文京１－１６－９", "緯度": 36.077089, "経度": 136.223792, "url": "https://www.iryou.teikyouseido.mhlw.go.jp/znk-web/juminkanja/S2430/initialize?prefCd=18&kikanCd=2180000220&kikanKbn=2", "url2": null, "内容": "田中皮フ科医院【2:診療所】【診療科目:小児皮膚科_皮膚科】福井県福井市文京１－１６－９" }, "geometry": { "type": "Point", "coordinates": [ 136.223792, 36.077089 ] } },
{ "type": "Feature", "properties": { "ID": 1822180000230, "正式名称": "医療法人桂会　丹尾医院", "機関区分": 2, "都道府県コード": 18, "市区町村コード": 201, "所在地": "福井県福井市松本４―２―６", "緯度": 36.07095, "経度": 136.218903, "url": "https://www.iryou.teikyouseido.mhlw.go.jp/znk-web/juminkanja/S2430/initialize?prefCd=18&kikanCd=2180000230&kikanKbn=2", "url2": "http://www.nioiin.com", "内容": "医療法人桂会　丹尾医院【2:診療所】【診療科目:内科_糖尿病・内分泌内科_呼吸器内科_循環器内科_心臓血管内科_消化器内科_小児科_眼科】福井県福井市松本４―２―６" }, "geometry": { "type": "Point", "coordinates": [ 136.218903, 36.07095 ] } },
{ "type": "Feature", "properties": { "ID": 1822180000270, "正式名称": "山本医院", "機関区分": 2, "都道府県コード": 18, "市区町村コード": 201, "所在地": "福井県福井市志比口１－３－５", "緯度": 36.070839, "経度": 136.233625, "url": "https://www.iryou.teikyouseido.mhlw.go.jp/znk-web/juminkanja/S2430/initialize?prefCd=18&kikanCd=2180000270&kikanKbn=2", "url2": null, "内容": "山本医院【2:診療所】【診療科目:内科_循環器内科_皮膚科】福井県福井市志比口１－３－５" }, "geometry": { "type": "Point", "coordinates": [ 136.233625, 36.070839 ] } },
{ "type": "Feature", "properties": { "ID": 1822180000280, "正式名称": "医療法人　赤井内科呼吸器クリニック", "機関区分": 2, "都道府県コード": 18, "市区町村コード": 201, "所在地": "福井県福井市松本２－４－１６", "緯度": 36.071486, "経度": 136.226336, "url": "https://www.iryou.teikyouseido.mhlw.go.jp/znk-web/juminkanja/S2430/initialize?prefCd=18&kikanCd=2180000280&kikanKbn=2", "url2": "https://www.akai-nkc.jp", "内容": "医療法人　赤井内科呼吸器クリニック【2:診療所】【診療科目:内科_呼吸器内科_循環器内科】福井県福井市松本２－４－１６" }, "geometry": { "type": "Point", "coordinates": [ 136.226336, 36.071486 ] } },
{ "type": "Feature", "properties": { "ID": 1822180000290, "正式名称": "医療法人　佐藤内科医院", "機関区分": 2, "都道府県コード": 18, "市区町村コード": 201, "所在地": "福井県福井市御幸３－２－１", "緯度": 36.056367, "経度": 136.234431, "url": "https://www.iryou.teikyouseido.mhlw.go.jp/znk-web/juminkanja/S2430/initialize?prefCd=18&kikanCd=2180000290&kikanKbn=2", "url2": "http://sato-naika.net/", "内容": "医療法人　佐藤内科医院【2:診療所】【診療科目:内科_消化器内科_内視鏡内科_小児科】福井県福井市御幸３－２－１" }, "geometry": { "type": "Point", "coordinates": [ 136.234431, 36.056367 ] } },
{ "type": "Feature", "properties": { "ID": 1822180000310, "正式名称": "森川医院", "機関区分": 2, "都道府県コード": 18, "市区町村コード": 201, "所在地": "福井県福井市下森田桜町６－６", "緯度": 36.111228, "経度": 136.227931, "url": "https://www.iryou.teikyouseido.mhlw.go.jp/znk-web/juminkanja/S2430/initialize?prefCd=18&kikanCd=2180000310&kikanKbn=2", "url2": "http://www.morikawa-iin.jp/", "内容": "森川医院【2:診療所】【診療科目:内科_循環器内科_小児科】福井県福井市下森田桜町６－６" }, "geometry": { "type": "Point", "coordinates": [ 136.227931, 36.111228 ] } },
{ "type": "Feature", "properties": { "ID": 1822180000320, "正式名称": "医療法人　貴昭会　大久保外科内科医院", "機関区分": 2, "都道府県コード": 18, "市区町村コード": 201, "所在地": "福井県福井市西木田２－１１－８", "緯度": 36.05295, "経度": 136.212792, "url": "https://www.iryou.teikyouseido.mhlw.go.jp/znk-web/juminkanja/S2430/initialize?prefCd=18&kikanCd=2180000320&kikanKbn=2", "url2": null, "内容": "医療法人　貴昭会　大久保外科内科医院【2:診療所】【診療科目:内科_呼吸器内科_循環器内科_消化器内科_外科_整形外科】福井県福井市西木田２－１１－８" }, "geometry": { "type": "Point", "coordinates": [ 136.212792, 36.05295 ] } },
{ "type": "Feature", "properties": { "ID": 1822180000420, "正式名称": "寺尾小児科医院", "機関区分": 2, "都道府県コード": 18, "市区町村コード": 201, "所在地": "福井県福井市大宮３－２６－１０", "緯度": 36.082273, "経度": 136.209362, "url": "https://www.iryou.teikyouseido.mhlw.go.jp/znk-web/juminkanja/S2430/initialize?prefCd=18&kikanCd=2180000420&kikanKbn=2", "url2": null, "内容": "寺尾小児科医院【2:診療所】【診療科目:小児科】福井県福井市大宮３－２６－１０" }, "geometry": { "type": "Point", "coordinates": [ 136.209362, 36.082273 ] } },
{ "type": "Feature", "properties": { "ID": 1822180000460, "正式名称": "平沢内科医院", "機関区分": 2, "都道府県コード": 18, "市区町村コード": 201, "所在地": "福井県福井市花堂中２ー２５ー１０", "緯度": 36.036894, "経度": 136.212931, "url": "https://www.iryou.teikyouseido.mhlw.go.jp/znk-web/juminkanja/S2430/initialize?prefCd=18&kikanCd=2180000460&kikanKbn=2", "url2": null, "内容": "平沢内科医院【2:診療所】【診療科目:内科_循環器内科】福井県福井市花堂中２ー２５ー１０" }, "geometry": { "type": "Point", "coordinates": [ 136.212931, 36.036894 ] } },
{ "type": "Feature", "properties": { "ID": 1822180000510, "正式名称": "坪川内科医院", "機関区分": 2, "都道府県コード": 18, "市区町村コード": 201, "所在地": "福井県福井市若杉浜１－７０７", "緯度": 36.063089, "経度": 136.189347, "url": "https://www.iryou.teikyouseido.mhlw.go.jp/znk-web/juminkanja/S2430/initialize?prefCd=18&kikanCd=2180000510&kikanKbn=2", "url2": "https://tsubokawa-clinic.com/", "内容": "坪川内科医院【2:診療所】【診療科目:内科_呼吸器内科_循環器内科_消化器内科_胃腸内科_放射線科】福井県福井市若杉浜１－７０７" }, "geometry": { "type": "Point", "coordinates": [ 136.189347, 36.063089 ] } },
{ "type": "Feature", "properties": { "ID": 1822180000520, "正式名称": "吉田医院", "機関区分": 2, "都道府県コード": 18, "市区町村コード": 201, "所在地": "福井県福井市照手１丁目１３－３", "緯度": 36.066117, "経度": 136.210375, "url": "https://www.iryou.teikyouseido.mhlw.go.jp/znk-web/juminkanja/S2430/initialize?prefCd=18&kikanCd=2180000520&kikanKbn=2", "url2": "https://yoshidacl-terute.com/", "内容": "吉田医院【2:診療所】【診療科目:内科_漢方内科_皮膚科_泌尿器科_アレルギー科】福井県福井市照手１丁目１３－３" }, "geometry": { "type": "Point", "coordinates": [ 136.210375, 36.066117 ] } },
{ "type": "Feature", "properties": { "ID": 1822180000570, "正式名称": "医療法人　福山医院", "機関区分": 2, "都道府県コード": 18, "市区町村コード": 201, "所在地": "福井県福井市安原町１－１１－１", "緯度": 36.016769, "経度": 136.275591, "url": "https://www.iryou.teikyouseido.mhlw.go.jp/znk-web/juminkanja/S2430/initialize?prefCd=18&kikanCd=2180000570&kikanKbn=2", "url2": "https://www.fukuyama-clinic-fukui.com/", "内容": "医療法人　福山医院【2:診療所】【診療科目:内科_呼吸器内科_循環器内科_消化器内科_小児科_アレルギー科_リウマチ科】福井県福井市安原町１－１１－１" }, "geometry": { "type": "Point", "coordinates": [ 136.275591, 36.016769 ] } },
{ "type": "Feature", "properties": { "ID": 1822180000580, "正式名称": "医療法人福真会　福島泌尿器科医院", "機関区分": 2, "都道府県コード": 18, "市区町村コード": 201, "所在地": "福井県福井市新田塚町４０８", "緯度": 36.088367, "経度": 136.211708, "url": "https://www.iryou.teikyouseido.mhlw.go.jp/znk-web/juminkanja/S2430/initialize?prefCd=18&kikanCd=2180000580&kikanKbn=2", "url2": null, "内容": "医療法人福真会　福島泌尿器科医院【2:診療所】【診療科目:内科_人工透析内科_泌尿器科】福井県福井市新田塚町４０８" }, "geometry": { "type": "Point", "coordinates": [ 136.211708, 36.088367 ] } },
{ "type": "Feature", "properties": { "ID": 1822180000590, "正式名称": "医療法人　幸若会　打波外科胃腸科婦人科", "機関区分": 2, "都道府県コード": 18, "市区町村コード": 201, "所在地": "福井県福井市文京７－１０－２", "緯度": 36.076256, "経度": 136.194764, "url": "https://www.iryou.teikyouseido.mhlw.go.jp/znk-web/juminkanja/S2430/initialize?prefCd=18&kikanCd=2180000590&kikanKbn=2", "url2": "https://www.uchinamiclinic.com/", "内容": "医療法人　幸若会　打波外科胃腸科婦人科【2:診療所】【診療科目:内科_性感染症内科_消化器内科_胃腸内科_外科_消化器外科_肛門外科_婦人科】福井県福井市文京７－１０－２" }, "geometry": { "type": "Point", "coordinates": [ 136.194764, 36.076256 ] } },
{ "type": "Feature", "properties": { "ID": 1822180000600, "正式名称": "細川泌尿器科医院", "機関区分": 2, "都道府県コード": 18, "市区町村コード": 201, "所在地": "福井県福井市花堂中２丁目１８－２", "緯度": 36.038672, "経度": 136.213208, "url": "https://www.iryou.teikyouseido.mhlw.go.jp/znk-web/juminkanja/S2430/initialize?prefCd=18&kikanCd=2180000600&kikanKbn=2", "url2": "https://www.hosokawaiin.jp/", "内容": "細川泌尿器科医院【2:診療所】【診療科目:泌尿器科_男性泌尿器科】福井県福井市花堂中２丁目１８－２" }, "geometry": { "type": "Point", "coordinates": [ 136.213208, 36.038672 ] } },
{ "type": "Feature", "properties": { "ID": 1822180000610, "正式名称": "加納医院", "機関区分": 2, "都道府県コード": 18, "市区町村コード": 201, "所在地": "福井県福井市毛矢２丁目６－２２", "緯度": 36.058756, "経度": 136.214458, "url": "https://www.iryou.teikyouseido.mhlw.go.jp/znk-web/juminkanja/S2430/initialize?prefCd=18&kikanCd=2180000610&kikanKbn=2", "url2": null, "内容": "加納医院【2:診療所】【診療科目:内科_小児科_皮膚科_麻酔科】福井県福井市毛矢２丁目６－２２" }, "geometry": { "type": "Point", "coordinates": [ 136.214458, 36.058756 ] } },
{ "type": "Feature", "properties": { "ID": 1822180000650, "正式名称": "三﨑胃腸科クリニック", "機関区分": 2, "都道府県コード": 18, "市区町村コード": 201, "所在地": "福井県福井市順化２丁目２４番１９号", "緯度": 36.066867, "経度": 136.213764, "url": "https://www.iryou.teikyouseido.mhlw.go.jp/znk-web/juminkanja/S2430/initialize?prefCd=18&kikanCd=2180000650&kikanKbn=2", "url2": null, "内容": "三﨑胃腸科クリニック【2:診療所】【診療科目:内科_消化器内科_胃腸内科_外科_整形外科】福井県福井市順化２丁目２４番１９号" }, "geometry": { "type": "Point", "coordinates": [ 136.213764, 36.066867 ] } },
{ "type": "Feature", "properties": { "ID": 1822180000660, "正式名称": "文京内科クリニック", "機関区分": 2, "都道府県コード": 18, "市区町村コード": 201, "所在地": "福井県福井市文京１丁目２９－６", "緯度": 36.077827, "経度": 136.224642, "url": "https://www.iryou.teikyouseido.mhlw.go.jp/znk-web/juminkanja/S2430/initialize?prefCd=18&kikanCd=2180000660&kikanKbn=2", "url2": "http://bunkyo-clinic.jp", "内容": "文京内科クリニック【2:診療所】【診療科目:内科_呼吸器内科_循環器内科】福井県福井市文京１丁目２９－６" }, "geometry": { "type": "Point", "coordinates": [ 136.224642, 36.077827 ] } },
{ "type": "Feature", "properties": { "ID": 1822180000680, "正式名称": "本多整形外科医院", "機関区分": 2, "都道府県コード": 18, "市区町村コード": 201, "所在地": "福井県福井市南四ツ居１－３－１０", "緯度": 36.063061, "経度": 136.243292, "url": "https://www.iryou.teikyouseido.mhlw.go.jp/znk-web/juminkanja/S2430/initialize?prefCd=18&kikanCd=2180000680&kikanKbn=2", "url2": "https://www.hondaseikei.jp/", "内容": "本多整形外科医院【2:診療所】【診療科目:整形外科_リウマチ科_リハビリテーション科_麻酔科】福井県福井市南四ツ居１－３－１０" }, "geometry": { "type": "Point", "coordinates": [ 136.243292, 36.063061 ] } },
{ "type": "Feature", "properties": { "ID": 1822180000700, "正式名称": "谷口医院", "機関区分": 2, "都道府県コード": 18, "市区町村コード": 201, "所在地": "福井県福井市天王町２０－４１", "緯度": 36.0277, "経度": 136.233236, "url": "https://www.iryou.teikyouseido.mhlw.go.jp/znk-web/juminkanja/S2430/initialize?prefCd=18&kikanCd=2180000700&kikanKbn=2", "url2": "https://www.taniguchiclinic-fukui.com", "内容": "谷口医院【2:診療所】【診療科目:内科_外科_肛門外科_小児科】福井県福井市天王町２０－４１" }, "geometry": { "type": "Point", "coordinates": [ 136.233236, 36.0277 ] } },
{ "type": "Feature", "properties": { "ID": 1822180000720, "正式名称": "前川医院", "機関区分": 2, "都道府県コード": 18, "市区町村コード": 201, "所在地": "福井県福井市東郷二ケ町２９－２５", "緯度": 36.016728, "経度": 136.271292, "url": "https://www.iryou.teikyouseido.mhlw.go.jp/znk-web/juminkanja/S2430/initialize?prefCd=18&kikanCd=2180000720&kikanKbn=2", "url2": null, "内容": "前川医院【2:診療所】【診療科目:内科_外科_整形外科_小児科】福井県福井市東郷二ケ町２９－２５" }, "geometry": { "type": "Point", "coordinates": [ 136.271292, 36.016728 ] } },
{ "type": "Feature", "properties": { "ID": 1822180000730, "正式名称": "堂下医院", "機関区分": 2, "都道府県コード": 18, "市区町村コード": 201, "所在地": "福井県福井市西中野町３－５２－２", "緯度": 36.145811, "経度": 136.155903, "url": "https://www.iryou.teikyouseido.mhlw.go.jp/znk-web/juminkanja/S2430/initialize?prefCd=18&kikanCd=2180000730&kikanKbn=2", "url2": null, "内容": "堂下医院【2:診療所】【診療科目:整形外科】福井県福井市西中野町３－５２－２" }, "geometry": { "type": "Point", "coordinates": [ 136.155903, 36.145811 ] } },
{ "type": "Feature", "properties": { "ID": 1822180000740, "正式名称": "山村医院", "機関区分": 2, "都道府県コード": 18, "市区町村コード": 201, "所在地": "福井県福井市三十八社町１０１－１１", "緯度": 36.001839, "経度": 136.188931, "url": "https://www.iryou.teikyouseido.mhlw.go.jp/znk-web/juminkanja/S2430/initialize?prefCd=18&kikanCd=2180000740&kikanKbn=2", "url2": null, "内容": "山村医院【2:診療所】【診療科目:内科_小児科】福井県福井市三十八社町１０１－１１" }, "geometry": { "type": "Point", "coordinates": [ 136.188931, 36.001839 ] } },
{ "type": "Feature", "properties": { "ID": 1822180000760, "正式名称": "斉木内科医院", "機関区分": 2, "都道府県コード": 18, "市区町村コード": 201, "所在地": "福井県福井市城東２－８－１１", "緯度": 36.061256, "経度": 136.235458, "url": "https://www.iryou.teikyouseido.mhlw.go.jp/znk-web/juminkanja/S2430/initialize?prefCd=18&kikanCd=2180000760&kikanKbn=2", "url2": "https://saiki-naikajyunkanki.jp/", "内容": "斉木内科医院【2:診療所】【診療科目:内科_糖尿病・内分泌内科_呼吸器内科_循環器内科_胃腸内科】福井県福井市城東２－８－１１" }, "geometry": { "type": "Point", "coordinates": [ 136.235458, 36.061256 ] } },
{ "type": "Feature", "properties": { "ID": 1822180000790, "正式名称": "加畑皮膚科医院", "機関区分": 2, "都道府県コード": 18, "市区町村コード": 201, "所在地": "福井県福井市中央３丁目３－１", "緯度": 36.062589, "経度": 136.216208, "url": "https://www.iryou.teikyouseido.mhlw.go.jp/znk-web/juminkanja/S2430/initialize?prefCd=18&kikanCd=2180000790&kikanKbn=2", "url2": null, "内容": "加畑皮膚科医院【2:診療所】【診療科目:皮膚科】福井県福井市中央３丁目３－１" }, "geometry": { "type": "Point", "coordinates": [ 136.216208, 36.062589 ] } },
{ "type": "Feature", "properties": { "ID": 1822180000800, "正式名称": "医療法人英和会　貴志医院", "機関区分": 2, "都道府県コード": 18, "市区町村コード": 201, "所在地": "福井県福井市市波町２４－５", "緯度": 36.018194, "経度": 136.330025, "url": "https://www.iryou.teikyouseido.mhlw.go.jp/znk-web/juminkanja/S2430/initialize?prefCd=18&kikanCd=2180000800&kikanKbn=2", "url2": null, "内容": "医療法人英和会　貴志医院【2:診療所】【診療科目:内科_小児科_精神科_心療内科】福井県福井市市波町２４－５" }, "geometry": { "type": "Point", "coordinates": [ 136.330025, 36.018194 ] } },
{ "type": "Feature", "properties": { "ID": 1822180000810, "正式名称": "福井市国民健康保険上味見診療所", "機関区分": 2, "都道府県コード": 18, "市区町村コード": 201, "所在地": "福井県福井市中手町１０－３－１", "緯度": 35.961728, "経度": 136.417875, "url": "https://www.iryou.teikyouseido.mhlw.go.jp/znk-web/juminkanja/S2430/initialize?prefCd=18&kikanCd=2180000810&kikanKbn=2", "url2": null, "内容": "福井市国民健康保険上味見診療所【2:診療所】【診療科目:内科】福井県福井市中手町１０－３－１" }, "geometry": { "type": "Point", "coordinates": [ 136.417875, 35.961728 ] } },
{ "type": "Feature", "properties": { "ID": 1822180000900, "正式名称": "嶋田医院", "機関区分": 2, "都道府県コード": 18, "市区町村コード": 322, "所在地": "福井県吉田郡永平寺町山王２１―１５―５", "緯度": 36.080117, "経度": 136.392097, "url": "https://www.iryou.teikyouseido.mhlw.go.jp/znk-web/juminkanja/S2430/initialize?prefCd=18&kikanCd=2180000900&kikanKbn=2", "url2": null, "内容": "嶋田医院【2:診療所】【診療科目:内科_糖尿病内科_老年内科】福井県吉田郡永平寺町山王２１―１５―５" }, "geometry": { "type": "Point", "coordinates": [ 136.392097, 36.080117 ] } },
{ "type": "Feature", "properties": { "ID": 1822180000910, "正式名称": "本定医院", "機関区分": 2, "都道府県コード": 18, "市区町村コード": 201, "所在地": "福井県福井市上中町５２－２－４", "緯度": 36.086894, "経度": 136.273847, "url": "https://www.iryou.teikyouseido.mhlw.go.jp/znk-web/juminkanja/S2430/initialize?prefCd=18&kikanCd=2180000910&kikanKbn=2", "url2": null, "内容": "本定医院【2:診療所】【診療科目:内科_呼吸器内科_循環器内科_消化器内科_小児科】福井県福井市上中町５２－２－４" }, "geometry": { "type": "Point", "coordinates": [ 136.273847, 36.086894 ] } },
{ "type": "Feature", "properties": { "ID": 1822180000920, "正式名称": "竹内医院", "機関区分": 2, "都道府県コード": 18, "市区町村コード": 201, "所在地": "福井県福井市花堂北２－１２－２８", "緯度": 36.040367, "経度": 136.213514, "url": "https://www.iryou.teikyouseido.mhlw.go.jp/znk-web/juminkanja/S2430/initialize?prefCd=18&kikanCd=2180000920&kikanKbn=2", "url2": null, "内容": "竹内医院【2:診療所】【診療科目:内科_胃腸内科_外科_肛門外科_整形外科_皮膚科】福井県福井市花堂北２－１２－２８" }, "geometry": { "type": "Point", "coordinates": [ 136.213514, 36.040367 ] } },
{ "type": "Feature", "properties": { "ID": 1822180000930, "正式名称": "ふじさわ小児科医院", "機関区分": 2, "都道府県コード": 18, "市区町村コード": 201, "所在地": "福井県福井市和田中町１１０－２０", "緯度": 36.045422, "経度": 136.252236, "url": "https://www.iryou.teikyouseido.mhlw.go.jp/znk-web/juminkanja/S2430/initialize?prefCd=18&kikanCd=2180000930&kikanKbn=2", "url2": "http://syounika.com", "内容": "ふじさわ小児科医院【2:診療所】【診療科目:内科_小児科_アレルギー科】福井県福井市和田中町１１０－２０" }, "geometry": { "type": "Point", "coordinates": [ 136.252236, 36.045422 ] } },
{ "type": "Feature", "properties": { "ID": 1822180001030, "正式名称": "医療法人清風会　吉田医院", "機関区分": 2, "都道府県コード": 18, "市区町村コード": 201, "所在地": "福井県福井市順化１－８－１", "緯度": 36.064033, "経度": 136.215653, "url": "https://www.iryou.teikyouseido.mhlw.go.jp/znk-web/juminkanja/S2430/initialize?prefCd=18&kikanCd=2180001030&kikanKbn=2", "url2": "http://fukui-yoshidahospital.com/", "内容": "医療法人清風会　吉田医院【2:診療所】【診療科目:内科_消化器内科_肝臓内科_内視鏡内科_外科_消化器外科_胃腸外科_乳腺外科_肛門外科_整形外科_小児科_アレルギー科_リウマチ科_リハビリテーション科_麻酔科】福井県福井市順化１－８－１" }, "geometry": { "type": "Point", "coordinates": [ 136.215653, 36.064033 ] } },
{ "type": "Feature", "properties": { "ID": 1822180001100, "正式名称": "福井市下味見診療所", "機関区分": 2, "都道府県コード": 18, "市区町村コード": 201, "所在地": "福井県福井市西河原町１８－３３－１", "緯度": 35.951978, "経度": 136.359847, "url": "https://www.iryou.teikyouseido.mhlw.go.jp/znk-web/juminkanja/S2430/initialize?prefCd=18&kikanCd=2180001100&kikanKbn=2", "url2": null, "内容": "福井市下味見診療所【2:診療所】【診療科目:内科】福井県福井市西河原町１８－３３－１" }, "geometry": { "type": "Point", "coordinates": [ 136.359847, 35.951978 ] } },
{ "type": "Feature", "properties": { "ID": 1822180001110, "正式名称": "吉村医院", "機関区分": 2, "都道府県コード": 18, "市区町村コード": 201, "所在地": "福井県福井市北四ツ居２丁目１８－３１", "緯度": 36.066061, "経度": 136.248264, "url": "https://www.iryou.teikyouseido.mhlw.go.jp/znk-web/juminkanja/S2430/initialize?prefCd=18&kikanCd=2180001110&kikanKbn=2", "url2": null, "内容": "吉村医院【2:診療所】【診療科目:内科_漢方内科_小児科_皮膚科_アレルギー科_リハビリテーション科】福井県福井市北四ツ居２丁目１８－３１" }, "geometry": { "type": "Point", "coordinates": [ 136.248264, 36.066061 ] } },
{ "type": "Feature", "properties": { "ID": 1822180001160, "正式名称": "得田内科医院", "機関区分": 2, "都道府県コード": 18, "市区町村コード": 201, "所在地": "福井県福井市文京１－１９－２４", "緯度": 36.077811, "経度": 136.222736, "url": "https://www.iryou.teikyouseido.mhlw.go.jp/znk-web/juminkanja/S2430/initialize?prefCd=18&kikanCd=2180001160&kikanKbn=2", "url2": null, "内容": "得田内科医院【2:診療所】【診療科目:内科_呼吸器内科_循環器内科_消化器内科_神経内科】福井県福井市文京１－１９－２４" }, "geometry": { "type": "Point", "coordinates": [ 136.222736, 36.077811 ] } },
{ "type": "Feature", "properties": { "ID": 1822180001180, "正式名称": "多賀内科循環器科医院", "機関区分": 2, "都道府県コード": 18, "市区町村コード": 201, "所在地": "福井県福井市二の宮４丁目２－６", "緯度": 36.083256, "経度": 136.213236, "url": "https://www.iryou.teikyouseido.mhlw.go.jp/znk-web/juminkanja/S2430/initialize?prefCd=18&kikanCd=2180001180&kikanKbn=2", "url2": "https://taganaika.com", "内容": "多賀内科循環器科医院【2:診療所】【診療科目:内科_呼吸器内科_循環器内科_消化器内科】福井県福井市二の宮４丁目２－６" }, "geometry": { "type": "Point", "coordinates": [ 136.213236, 36.083256 ] } },
{ "type": "Feature", "properties": { "ID": 1822180001190, "正式名称": "森川内科クリニック", "機関区分": 2, "都道府県コード": 18, "市区町村コード": 201, "所在地": "福井県福井市高木北１－７０４", "緯度": 36.098144, "経度": 136.229764, "url": "https://www.iryou.teikyouseido.mhlw.go.jp/znk-web/juminkanja/S2430/initialize?prefCd=18&kikanCd=2180001190&kikanKbn=2", "url2": null, "内容": "森川内科クリニック【2:診療所】【診療科目:内科_胃腸内科_小児科】福井県福井市高木北１－７０４" }, "geometry": { "type": "Point", "coordinates": [ 136.229764, 36.098144 ] } },
{ "type": "Feature", "properties": { "ID": 1822180001230, "正式名称": "多田医院", "機関区分": 2, "都道府県コード": 18, "市区町村コード": 322, "所在地": "福井県吉田郡永平寺町竹原１－１９", "緯度": 36.074561, "経度": 136.412958, "url": "https://www.iryou.teikyouseido.mhlw.go.jp/znk-web/juminkanja/S2430/initialize?prefCd=18&kikanCd=2180001230&kikanKbn=2", "url2": null, "内容": "多田医院【2:診療所】【診療科目:内科_消化器内科_小児科】福井県吉田郡永平寺町竹原１－１９" }, "geometry": { "type": "Point", "coordinates": [ 136.412958, 36.074561 ] } },
{ "type": "Feature", "properties": { "ID": 1822180001240, "正式名称": "有塚医院", "機関区分": 2, "都道府県コード": 18, "市区町村コード": 201, "所在地": "福井県福井市和田東２－１８２０", "緯度": 36.049183, "経度": 136.250005, "url": "https://www.iryou.teikyouseido.mhlw.go.jp/znk-web/juminkanja/S2430/initialize?prefCd=18&kikanCd=2180001240&kikanKbn=2", "url2": "https://aritsuka-clinic.jp", "内容": "有塚医院【2:診療所】【診療科目:内科_消化器内科_肝臓内科_内視鏡内科】福井県福井市和田東２－１８２０" }, "geometry": { "type": "Point", "coordinates": [ 136.250005, 36.049183 ] } },
{ "type": "Feature", "properties": { "ID": 1822180001250, "正式名称": "あすわクリニック", "機関区分": 2, "都道府県コード": 18, "市区町村コード": 201, "所在地": "福井県福井市下馬３－５１１", "緯度": 36.037811, "経度": 136.232319, "url": "https://www.iryou.teikyouseido.mhlw.go.jp/znk-web/juminkanja/S2430/initialize?prefCd=18&kikanCd=2180001250&kikanKbn=2", "url2": "http://www.jyuzenkai.com/", "内容": "あすわクリニック【2:診療所】【診療科目:内科_糖尿病内科_小児科】福井県福井市下馬３－５１１" }, "geometry": { "type": "Point", "coordinates": [ 136.232319, 36.037811 ] } },
{ "type": "Feature", "properties": { "ID": 1822180001260, "正式名称": "医療法人　大橋整形外科医院", "機関区分": 2, "都道府県コード": 18, "市区町村コード": 201, "所在地": "福井県福井市二の宮３－３８－２０", "緯度": 36.087728, "経度": 136.216986, "url": "https://www.iryou.teikyouseido.mhlw.go.jp/znk-web/juminkanja/S2430/initialize?prefCd=18&kikanCd=2180001260&kikanKbn=2", "url2": "http://orthopaedics.server-shared.com/", "内容": "医療法人　大橋整形外科医院【2:診療所】【診療科目:整形外科_リウマチ科_リハビリテーション科】福井県福井市二の宮３－３８－２０" }, "geometry": { "type": "Point", "coordinates": [ 136.216986, 36.087728 ] } },
{ "type": "Feature", "properties": { "ID": 1822180001280, "正式名称": "医療法人　元和会　野村内科医院", "機関区分": 2, "都道府県コード": 18, "市区町村コード": 201, "所在地": "福井県福井市上中町３６－８", "緯度": 36.081672, "経度": 136.266875, "url": "https://www.iryou.teikyouseido.mhlw.go.jp/znk-web/juminkanja/S2430/initialize?prefCd=18&kikanCd=2180001280&kikanKbn=2", "url2": "http://www.myclinic.ne.jp/nomuraim", "内容": "医療法人　元和会　野村内科医院【2:診療所】【診療科目:内科_循環器内科_消化器内科_小児科】福井県福井市上中町３６－８" }, "geometry": { "type": "Point", "coordinates": [ 136.266875, 36.081672 ] } },
{ "type": "Feature", "properties": { "ID": 1822180001320, "正式名称": "開発整形外科眼科", "機関区分": 2, "都道府県コード": 18, "市区町村コード": 201, "所在地": "福井県福井市開発町２４－１５－１", "緯度": 36.082339, "経度": 136.243875, "url": "https://www.iryou.teikyouseido.mhlw.go.jp/znk-web/juminkanja/S2430/initialize?prefCd=18&kikanCd=2180001320&kikanKbn=2", "url2": "https://kaihotsu.com", "内容": "開発整形外科眼科【2:診療所】【診療科目:整形外科_眼科_リウマチ科_リハビリテーション科】福井県福井市開発町２４－１５－１" }, "geometry": { "type": "Point", "coordinates": [ 136.243875, 36.082339 ] } },
{ "type": "Feature", "properties": { "ID": 1822180001370, "正式名称": "医療法人　碧粋会　　青山クリニック", "機関区分": 2, "都道府県コード": 18, "市区町村コード": 201, "所在地": "福井県福井市宝永１丁目３８－１５", "緯度": 36.070814, "経度": 136.230951, "url": "https://www.iryou.teikyouseido.mhlw.go.jp/znk-web/juminkanja/S2430/initialize?prefCd=18&kikanCd=2180001370&kikanKbn=2", "url2": "https://aoyamaclinic-fukui.com", "内容": "医療法人　碧粋会　　青山クリニック【2:診療所】【診療科目:内科_循環器内科_形成外科_小児科_皮膚科】福井県福井市宝永１丁目３８－１５" }, "geometry": { "type": "Point", "coordinates": [ 136.230951, 36.070814 ] } },
{ "type": "Feature", "properties": { "ID": 1822180001460, "正式名称": "長保会　吉水整形外科医院", "機関区分": 2, "都道府県コード": 18, "市区町村コード": 201, "所在地": "福井県福井市舟橋新１丁目１１０８番地", "緯度": 36.0992, "経度": 136.210847, "url": "https://www.iryou.teikyouseido.mhlw.go.jp/znk-web/juminkanja/S2430/initialize?prefCd=18&kikanCd=2180001460&kikanKbn=2", "url2": null, "内容": "長保会　吉水整形外科医院【2:診療所】【診療科目:整形外科_リウマチ科_リハビリテーション科】福井県福井市舟橋新１丁目１１０８番地" }, "geometry": { "type": "Point", "coordinates": [ 136.210847, 36.0992 ] } },
{ "type": "Feature", "properties": { "ID": 1822180001490, "正式名称": "医療法人　波々伯部　ホーカベレディースクリニック", "機関区分": 2, "都道府県コード": 18, "市区町村コード": 201, "所在地": "福井県福井市左内町１０－１１", "緯度": 36.059256, "経度": 136.212097, "url": "https://www.iryou.teikyouseido.mhlw.go.jp/znk-web/juminkanja/S2430/initialize?prefCd=18&kikanCd=2180001490&kikanKbn=2", "url2": "http://www.hookabe.com", "内容": "医療法人　波々伯部　ホーカベレディースクリニック【2:診療所】【診療科目:小児科_産婦人科_産科_婦人科】福井県福井市左内町１０－１１" }, "geometry": { "type": "Point", "coordinates": [ 136.212097, 36.059256 ] } },
{ "type": "Feature", "properties": { "ID": 1822180001500, "正式名称": "福井市休日急患センター", "機関区分": 2, "都道府県コード": 18, "市区町村コード": 201, "所在地": "福井県福井市城東４－１４－３０", "緯度": 36.059089, "経度": 136.237319, "url": "https://www.iryou.teikyouseido.mhlw.go.jp/znk-web/juminkanja/S2430/initialize?prefCd=18&kikanCd=2180001500&kikanKbn=2", "url2": null, "内容": "福井市休日急患センター【2:診療所】【診療科目:内科】福井県福井市城東４－１４－３０" }, "geometry": { "type": "Point", "coordinates": [ 136.237319, 36.059089 ] } },
{ "type": "Feature", "properties": { "ID": 1822180001540, "正式名称": "医療法人　久保田内科", "機関区分": 2, "都道府県コード": 18, "市区町村コード": 201, "所在地": "福井県福井市大宮３－１１－２５", "緯度": 36.08145, "経度": 136.213764, "url": "https://www.iryou.teikyouseido.mhlw.go.jp/znk-web/juminkanja/S2430/initialize?prefCd=18&kikanCd=2180001540&kikanKbn=2", "url2": null, "内容": "医療法人　久保田内科【2:診療所】【診療科目:内科】福井県福井市大宮３－１１－２５" }, "geometry": { "type": "Point", "coordinates": [ 136.213764, 36.08145 ] } },
{ "type": "Feature", "properties": { "ID": 1822180001550, "正式名称": "三船内科クリニック", "機関区分": 2, "都道府県コード": 18, "市区町村コード": 201, "所在地": "福井県福井市北四ツ居３－３－１６", "緯度": 36.068444, "経度": 136.243576, "url": "https://www.iryou.teikyouseido.mhlw.go.jp/znk-web/juminkanja/S2430/initialize?prefCd=18&kikanCd=2180001550&kikanKbn=2", "url2": "http://www.mifunenaika.jp/", "内容": "三船内科クリニック【2:診療所】【診療科目:内科】福井県福井市北四ツ居３－３－１６" }, "geometry": { "type": "Point", "coordinates": [ 136.243576, 36.068444 ] } },
{ "type": "Feature", "properties": { "ID": 1822180001560, "正式名称": "末松内科循環器科医院", "機関区分": 2, "都道府県コード": 18, "市区町村コード": 201, "所在地": "福井県福井市文京６－３４－１１", "緯度": 36.078783, "経度": 136.197708, "url": "https://www.iryou.teikyouseido.mhlw.go.jp/znk-web/juminkanja/S2430/initialize?prefCd=18&kikanCd=2180001560&kikanKbn=2", "url2": "http://nttbj.itp.ne.jp/0776281001/index.html", "内容": "末松内科循環器科医院【2:診療所】【診療科目:内科_呼吸器内科_循環器内科】福井県福井市文京６－３４－１１" }, "geometry": { "type": "Point", "coordinates": [ 136.197708, 36.078783 ] } },
{ "type": "Feature", "properties": { "ID": 1822180001570, "正式名称": "医療法人　裕志会　石黒眼科クリニック", "機関区分": 2, "都道府県コード": 18, "市区町村コード": 201, "所在地": "福井県福井市二の宮４－９－２８", "緯度": 36.083894, "経度": 136.213653, "url": "https://www.iryou.teikyouseido.mhlw.go.jp/znk-web/juminkanja/S2430/initialize?prefCd=18&kikanCd=2180001570&kikanKbn=2", "url2": null, "内容": "医療法人　裕志会　石黒眼科クリニック【2:診療所】【診療科目:眼科】福井県福井市二の宮４－９－２８" }, "geometry": { "type": "Point", "coordinates": [ 136.213653, 36.083894 ] } },
{ "type": "Feature", "properties": { "ID": 1822180001590, "正式名称": "英内科医院", "機関区分": 2, "都道府県コード": 18, "市区町村コード": 201, "所在地": "福井県福井市大宮２丁目６－２１", "緯度": 36.07995, "経度": 136.220403, "url": "https://www.iryou.teikyouseido.mhlw.go.jp/znk-web/juminkanja/S2430/initialize?prefCd=18&kikanCd=2180001590&kikanKbn=2", "url2": null, "内容": "英内科医院【2:診療所】【診療科目:内科】福井県福井市大宮２丁目６－２１" }, "geometry": { "type": "Point", "coordinates": [ 136.220403, 36.07995 ] } },
{ "type": "Feature", "properties": { "ID": 1822180001600, "正式名称": "安井医院", "機関区分": 2, "都道府県コード": 18, "市区町村コード": 201, "所在地": "福井県福井市松本２－１１－６", "緯度": 36.072478, "経度": 136.226625, "url": "https://www.iryou.teikyouseido.mhlw.go.jp/znk-web/juminkanja/S2430/initialize?prefCd=18&kikanCd=2180001600&kikanKbn=2", "url2": null, "内容": "安井医院【2:診療所】【診療科目:内科_循環器内科_小児科】福井県福井市松本２－１１－６" }, "geometry": { "type": "Point", "coordinates": [ 136.226625, 36.072478 ] } },
{ "type": "Feature", "properties": { "ID": 1822180001610, "正式名称": "笠松内科クリニック", "機関区分": 2, "都道府県コード": 18, "市区町村コード": 201, "所在地": "福井県福井市下馬２－５０８", "緯度": 36.042144, "経度": 136.236681, "url": "https://www.iryou.teikyouseido.mhlw.go.jp/znk-web/juminkanja/S2430/initialize?prefCd=18&kikanCd=2180001610&kikanKbn=2", "url2": "kasamatsu-naika.com", "内容": "笠松内科クリニック【2:診療所】【診療科目:内科_小児科_皮膚科】福井県福井市下馬２－５０８" }, "geometry": { "type": "Point", "coordinates": [ 136.236681, 36.042144 ] } },
{ "type": "Feature", "properties": { "ID": 1822180001620, "正式名称": "藤田医院", "機関区分": 2, "都道府県コード": 18, "市区町村コード": 201, "所在地": "福井県福井市小幡町３－２６－１", "緯度": 36.142081, "経度": 136.123075, "url": "https://www.iryou.teikyouseido.mhlw.go.jp/znk-web/juminkanja/S2430/initialize?prefCd=18&kikanCd=2180001620&kikanKbn=2", "url2": null, "内容": "藤田医院【2:診療所】【診療科目:内科_循環器内科_消化器内科_小児科】福井県福井市小幡町３－２６－１" }, "geometry": { "type": "Point", "coordinates": [ 136.123075, 36.142081 ] } },
{ "type": "Feature", "properties": { "ID": 1822180001630, "正式名称": "福井はやし整形外科", "機関区分": 2, "都道府県コード": 18, "市区町村コード": 201, "所在地": "福井県福井市加茂河原３－８－６", "緯度": 36.062728, "経度": 136.192125, "url": "https://www.iryou.teikyouseido.mhlw.go.jp/znk-web/juminkanja/S2430/initialize?prefCd=18&kikanCd=2180001630&kikanKbn=2", "url2": "https://fukuihayashi-seikei.jp", "内容": "福井はやし整形外科【2:診療所】【診療科目:内科_脳神経外科_整形外科_形成外科_リウマチ科_リハビリテーション科】福井県福井市加茂河原３－８－６" }, "geometry": { "type": "Point", "coordinates": [ 136.192125, 36.062728 ] } },
{ "type": "Feature", "properties": { "ID": 1822180001640, "正式名称": "医療法人明慈会　すすき耳鼻咽喉科", "機関区分": 2, "都道府県コード": 18, "市区町村コード": 201, "所在地": "福井県福井市大東１－１－５", "緯度": 36.063894, "経度": 136.249236, "url": "https://www.iryou.teikyouseido.mhlw.go.jp/znk-web/juminkanja/S2430/initialize?prefCd=18&kikanCd=2180001640&kikanKbn=2", "url2": "https://www.meijikaisusuki-ent.com", "内容": "医療法人明慈会　すすき耳鼻咽喉科【2:診療所】【診療科目:耳鼻いんこう科_アレルギー科】福井県福井市大東１－１－５" }, "geometry": { "type": "Point", "coordinates": [ 136.249236, 36.063894 ] } },
{ "type": "Feature", "properties": { "ID": 1822180001660, "正式名称": "島本眼科医院", "機関区分": 2, "都道府県コード": 18, "市区町村コード": 201, "所在地": "福井県福井市木田２－１２０７", "緯度": 36.045339, "経度": 136.222514, "url": "https://www.iryou.teikyouseido.mhlw.go.jp/znk-web/juminkanja/S2430/initialize?prefCd=18&kikanCd=2180001660&kikanKbn=2", "url2": "http://www.koushikai.org", "内容": "島本眼科医院【2:診療所】【診療科目:眼科】福井県福井市木田２－１２０７" }, "geometry": { "type": "Point", "coordinates": [ 136.222514, 36.045339 ] } },
{ "type": "Feature", "properties": { "ID": 1822180001700, "正式名称": "冨澤クリニック", "機関区分": 2, "都道府県コード": 18, "市区町村コード": 201, "所在地": "福井県福井市砂子坂町１５－２６", "緯度": 36.14545, "経度": 136.150792, "url": "https://www.iryou.teikyouseido.mhlw.go.jp/znk-web/juminkanja/S2430/initialize?prefCd=18&kikanCd=2180001700&kikanKbn=2", "url2": null, "内容": "冨澤クリニック【2:診療所】【診療科目:内科_呼吸器内科_循環器内科_消化器内科_小児科】福井県福井市砂子坂町１５－２６" }, "geometry": { "type": "Point", "coordinates": [ 136.150792, 36.14545 ] } },
{ "type": "Feature", "properties": { "ID": 1822180001740, "正式名称": "医療法人　文殊会　片山整形外科", "機関区分": 2, "都道府県コード": 18, "市区町村コード": 201, "所在地": "福井県福井市江端町１３－１５－４", "緯度": 36.032283, "経度": 136.213347, "url": "https://www.iryou.teikyouseido.mhlw.go.jp/znk-web/juminkanja/S2430/initialize?prefCd=18&kikanCd=2180001740&kikanKbn=2", "url2": "https://www.katayamaseikei.com/", "内容": "医療法人　文殊会　片山整形外科【2:診療所】【診療科目:整形外科_リウマチ科_リハビリテーション科】福井県福井市江端町１３－１５－４" }, "geometry": { "type": "Point", "coordinates": [ 136.213347, 36.032283 ] } },
{ "type": "Feature", "properties": { "ID": 1822180001750, "正式名称": "高波耳鼻咽喉科医院", "機関区分": 2, "都道府県コード": 18, "市区町村コード": 201, "所在地": "福井県福井市荒木新保町５２－１０", "緯度": 36.029172, "経度": 136.273594, "url": "https://www.iryou.teikyouseido.mhlw.go.jp/znk-web/juminkanja/S2430/initialize?prefCd=18&kikanCd=2180001750&kikanKbn=2", "url2": null, "内容": "高波耳鼻咽喉科医院【2:診療所】【診療科目:耳鼻いんこう科】福井県福井市荒木新保町５２－１０" }, "geometry": { "type": "Point", "coordinates": [ 136.273594, 36.029172 ] } },
{ "type": "Feature", "properties": { "ID": 1822180001760, "正式名称": "やしろファミリークリニック", "機関区分": 2, "都道府県コード": 18, "市区町村コード": 201, "所在地": "福井県福井市渕２丁目１００６番地", "緯度": 36.042489, "経度": 136.188496, "url": "https://www.iryou.teikyouseido.mhlw.go.jp/znk-web/juminkanja/S2430/initialize?prefCd=18&kikanCd=2180001760&kikanKbn=2", "url2": "https://yashirofamilyclini.wixsite.com/home", "内容": "やしろファミリークリニック【2:診療所】【診療科目:内科_小児科_アレルギー科】福井県福井市渕２丁目１００６番地" }, "geometry": { "type": "Point", "coordinates": [ 136.188496, 36.042489 ] } },
{ "type": "Feature", "properties": { "ID": 1822180001770, "正式名称": "井本耳鼻咽喉科医院", "機関区分": 2, "都道府県コード": 18, "市区町村コード": 201, "所在地": "福井県福井市文京６丁目１７番２５号", "緯度": 36.0762, "経度": 136.201458, "url": "https://www.iryou.teikyouseido.mhlw.go.jp/znk-web/juminkanja/S2430/initialize?prefCd=18&kikanCd=2180001770&kikanKbn=2", "url2": null, "内容": "井本耳鼻咽喉科医院【2:診療所】【診療科目:耳鼻いんこう科】福井県福井市文京６丁目１７番２５号" }, "geometry": { "type": "Point", "coordinates": [ 136.201458, 36.0762 ] } },
{ "type": "Feature", "properties": { "ID": 1822180001780, "正式名称": "岡田形成外科皮フ科クリニック", "機関区分": 2, "都道府県コード": 18, "市区町村コード": 201, "所在地": "福井県福井市大東１－６－３８", "緯度": 36.064367, "経度": 136.251847, "url": "https://www.iryou.teikyouseido.mhlw.go.jp/znk-web/juminkanja/S2430/initialize?prefCd=18&kikanCd=2180001780&kikanKbn=2", "url2": null, "内容": "岡田形成外科皮フ科クリニック【2:診療所】【診療科目:形成外科_美容外科_皮膚科】福井県福井市大東１－６－３８" }, "geometry": { "type": "Point", "coordinates": [ 136.251847, 36.064367 ] } },
{ "type": "Feature", "properties": { "ID": 1822180001790, "正式名称": "医療法人社団緑泉会　荒川整形外科医院", "機関区分": 2, "都道府県コード": 18, "市区町村コード": 201, "所在地": "福井県福井市高木町５１－８", "緯度": 36.094319, "経度": 136.230529, "url": "https://www.iryou.teikyouseido.mhlw.go.jp/znk-web/juminkanja/S2430/initialize?prefCd=18&kikanCd=2180001790&kikanKbn=2", "url2": "https://web.gogo.jp/publicpreview/5c80b17e5994123d72a61084", "内容": "医療法人社団緑泉会　荒川整形外科医院【2:診療所】【診療科目:整形外科_リウマチ科_リハビリテーション科】福井県福井市高木町５１－８" }, "geometry": { "type": "Point", "coordinates": [ 136.230529, 36.094319 ] } },
{ "type": "Feature", "properties": { "ID": 1822180001800, "正式名称": "とくだ耳鼻咽喉科", "機関区分": 2, "都道府県コード": 18, "市区町村コード": 201, "所在地": "福井県福井市花堂中２－２８－１", "緯度": 36.036561, "経度": 136.212875, "url": "https://www.iryou.teikyouseido.mhlw.go.jp/znk-web/juminkanja/S2430/initialize?prefCd=18&kikanCd=2180001800&kikanKbn=2", "url2": null, "内容": "とくだ耳鼻咽喉科【2:診療所】【診療科目:耳鼻いんこう科】福井県福井市花堂中２－２８－１" }, "geometry": { "type": "Point", "coordinates": [ 136.212875, 36.036561 ] } },
{ "type": "Feature", "properties": { "ID": 1822180001810, "正式名称": "医療法人　ドクター・ズー", "機関区分": 2, "都道府県コード": 18, "市区町村コード": 201, "所在地": "福井県福井市四ツ井１丁目２２番２２号", "緯度": 36.065818, "経度": 136.239566, "url": "https://www.iryou.teikyouseido.mhlw.go.jp/znk-web/juminkanja/S2430/initialize?prefCd=18&kikanCd=2180001810&kikanKbn=2", "url2": null, "内容": "医療法人　ドクター・ズー【2:診療所】【診療科目:内科_消化器内科_心療内科】福井県福井市四ツ井１丁目２２番２２号" }, "geometry": { "type": "Point", "coordinates": [ 136.239566, 36.065818 ] } },
{ "type": "Feature", "properties": { "ID": 1822180001840, "正式名称": "医療法人　西ウイミンズクリニック", "機関区分": 2, "都道府県コード": 18, "市区町村コード": 201, "所在地": "福井県福井市木田２－２１０２", "緯度": 36.04645, "経度": 136.226431, "url": "https://www.iryou.teikyouseido.mhlw.go.jp/znk-web/juminkanja/S2430/initialize?prefCd=18&kikanCd=2180001840&kikanKbn=2", "url2": "http://nishi-ivf.com", "内容": "医療法人　西ウイミンズクリニック【2:診療所】【診療科目:内科_産婦人科_産婦人科（生殖医療）】福井県福井市木田２－２１０２" }, "geometry": { "type": "Point", "coordinates": [ 136.226431, 36.04645 ] } },
{ "type": "Feature", "properties": { "ID": 1822180001860, "正式名称": "平井内科クリニック", "機関区分": 2, "都道府県コード": 18, "市区町村コード": 201, "所在地": "福井県福井市みのり３－２１－５", "緯度": 36.04845, "経度": 136.209347, "url": "https://www.iryou.teikyouseido.mhlw.go.jp/znk-web/juminkanja/S2430/initialize?prefCd=18&kikanCd=2180001860&kikanKbn=2", "url2": "hirai-naika-clinic.com", "内容": "平井内科クリニック【2:診療所】【診療科目:内科_呼吸器内科_循環器内科_消化器内科】福井県福井市みのり３－２１－５" }, "geometry": { "type": "Point", "coordinates": [ 136.209347, 36.04845 ] } },
{ "type": "Feature", "properties": { "ID": 1822180001910, "正式名称": "むとう眼科医院", "機関区分": 2, "都道府県コード": 18, "市区町村コード": 201, "所在地": "福井県福井市花堂南２－４－１０　ＴＳビル１Ｆ", "緯度": 36.035006, "経度": 136.211431, "url": "https://www.iryou.teikyouseido.mhlw.go.jp/znk-web/juminkanja/S2430/initialize?prefCd=18&kikanCd=2180001910&kikanKbn=2", "url2": null, "内容": "むとう眼科医院【2:診療所】【診療科目:眼科】福井県福井市花堂南２－４－１０　ＴＳビル１Ｆ" }, "geometry": { "type": "Point", "coordinates": [ 136.211431, 36.035006 ] } },
{ "type": "Feature", "properties": { "ID": 1822180001940, "正式名称": "医療法人秀峰会　本多レディースクリニック", "機関区分": 2, "都道府県コード": 18, "市区町村コード": 201, "所在地": "福井県福井市宝永４丁目２番１８号", "緯度": 36.067422, "経度": 136.219597, "url": "https://www.iryou.teikyouseido.mhlw.go.jp/znk-web/juminkanja/S2430/initialize?prefCd=18&kikanCd=2180001940&kikanKbn=2", "url2": "https://www.honda-lc.or.jp", "内容": "医療法人秀峰会　本多レディースクリニック【2:診療所】【診療科目:小児科_産科_婦人科_産婦人科（生殖医療）】福井県福井市宝永４丁目２番１８号" }, "geometry": { "type": "Point", "coordinates": [ 136.219597, 36.067422 ] } },
{ "type": "Feature", "properties": { "ID": 1822180001950, "正式名称": "安原医院", "機関区分": 2, "都道府県コード": 18, "市区町村コード": 201, "所在地": "福井県福井市東郷二ケ町３６－２６", "緯度": 36.015829, "経度": 136.274165, "url": "https://www.iryou.teikyouseido.mhlw.go.jp/znk-web/juminkanja/S2430/initialize?prefCd=18&kikanCd=2180001950&kikanKbn=2", "url2": null, "内容": "安原医院【2:診療所】【診療科目:内科_呼吸器内科_循環器内科_消化器内科_小児科】福井県福井市東郷二ケ町３６－２６" }, "geometry": { "type": "Point", "coordinates": [ 136.274165, 36.015829 ] } },
{ "type": "Feature", "properties": { "ID": 1822180001960, "正式名称": "医療法人　三井皮膚科医院", "機関区分": 2, "都道府県コード": 18, "市区町村コード": 201, "所在地": "福井県福井市江守中１－１００２", "緯度": 36.0362, "経度": 136.195875, "url": "https://www.iryou.teikyouseido.mhlw.go.jp/znk-web/juminkanja/S2430/initialize?prefCd=18&kikanCd=2180001960&kikanKbn=2", "url2": null, "内容": "医療法人　三井皮膚科医院【2:診療所】【診療科目:皮膚科】福井県福井市江守中１－１００２" }, "geometry": { "type": "Point", "coordinates": [ 136.195875, 36.0362 ] } },
{ "type": "Feature", "properties": { "ID": 1822180002000, "正式名称": "山岸眼科クリニック", "機関区分": 2, "都道府県コード": 18, "市区町村コード": 201, "所在地": "福井県福井市四ツ井１－４－１", "緯度": 36.066867, "経度": 136.234931, "url": "https://www.iryou.teikyouseido.mhlw.go.jp/znk-web/juminkanja/S2430/initialize?prefCd=18&kikanCd=2180002000&kikanKbn=2", "url2": "https://www.yamagishi-eyedoctor.com/", "内容": "山岸眼科クリニック【2:診療所】【診療科目:眼科】福井県福井市四ツ井１－４－１" }, "geometry": { "type": "Point", "coordinates": [ 136.234931, 36.066867 ] } },
{ "type": "Feature", "properties": { "ID": 1822180002020, "正式名称": "たなか整形外科・眼科", "機関区分": 2, "都道府県コード": 18, "市区町村コード": 201, "所在地": "福井県福井市種池１－１０１", "緯度": 36.03645, "経度": 136.192736, "url": "https://www.iryou.teikyouseido.mhlw.go.jp/znk-web/juminkanja/S2430/initialize?prefCd=18&kikanCd=2180002020&kikanKbn=2", "url2": "http://tanaka-seikeiganka.com/", "内容": "たなか整形外科・眼科【2:診療所】【診療科目:整形外科_眼科_リウマチ科_リハビリテーション科】福井県福井市種池１－１０１" }, "geometry": { "type": "Point", "coordinates": [ 136.192736, 36.03645 ] } },
{ "type": "Feature", "properties": { "ID": 1822180002040, "正式名称": "ひらい内科消化器科医院", "機関区分": 2, "都道府県コード": 18, "市区町村コード": 201, "所在地": "福井県福井市渕４－１８１３", "緯度": 36.045506, "経度": 136.182153, "url": "https://www.iryou.teikyouseido.mhlw.go.jp/znk-web/juminkanja/S2430/initialize?prefCd=18&kikanCd=2180002040&kikanKbn=2", "url2": "http://www.hirainaikashoukakika.org/", "内容": "ひらい内科消化器科医院【2:診療所】【診療科目:内科_循環器内科_消化器内科_小児科_リハビリテーション科】福井県福井市渕４－１８１３" }, "geometry": { "type": "Point", "coordinates": [ 136.182153, 36.045506 ] } },
{ "type": "Feature", "properties": { "ID": 1822180002080, "正式名称": "くろかわ医院", "機関区分": 2, "都道府県コード": 18, "市区町村コード": 201, "所在地": "福井県福井市四ツ井２－１－６", "緯度": 36.068256, "経度": 136.234986, "url": "https://www.iryou.teikyouseido.mhlw.go.jp/znk-web/juminkanja/S2430/initialize?prefCd=18&kikanCd=2180002080&kikanKbn=2", "url2": "http://www4.fctv.ne.jp/~kurokawa/jibika.html", "内容": "くろかわ医院【2:診療所】【診療科目:耳鼻いんこう科_アレルギー科】福井県福井市四ツ井２－１－６" }, "geometry": { "type": "Point", "coordinates": [ 136.234986, 36.068256 ] } },
{ "type": "Feature", "properties": { "ID": 1822180002090, "正式名称": "松田小児科クリニック", "機関区分": 2, "都道府県コード": 18, "市区町村コード": 201, "所在地": "福井県福井市町屋２－９－２１レジデンス佐野１階", "緯度": 36.0792, "経度": 136.228903, "url": "https://www.iryou.teikyouseido.mhlw.go.jp/znk-web/juminkanja/S2430/initialize?prefCd=18&kikanCd=2180002090&kikanKbn=2", "url2": null, "内容": "松田小児科クリニック【2:診療所】【診療科目:小児科】福井県福井市町屋２－９－２１レジデンス佐野１階" }, "geometry": { "type": "Point", "coordinates": [ 136.228903, 36.0792 ] } },
{ "type": "Feature", "properties": { "ID": 1822180002110, "正式名称": "清水整形外科クリニック", "機関区分": 2, "都道府県コード": 18, "市区町村コード": 201, "所在地": "福井県福井市和田中２－２１０", "緯度": 36.048978, "経度": 136.246403, "url": "https://www.iryou.teikyouseido.mhlw.go.jp/znk-web/juminkanja/S2430/initialize?prefCd=18&kikanCd=2180002110&kikanKbn=2", "url2": null, "内容": "清水整形外科クリニック【2:診療所】【診療科目:整形外科_リウマチ科_リハビリテーション科】福井県福井市和田中２－２１０" }, "geometry": { "type": "Point", "coordinates": [ 136.246403, 36.048978 ] } },
{ "type": "Feature", "properties": { "ID": 1822180002120, "正式名称": "いわほり小児科医院", "機関区分": 2, "都道府県コード": 18, "市区町村コード": 201, "所在地": "福井県福井市水越１－６０６", "緯度": 36.066172, "経度": 136.189903, "url": "https://www.iryou.teikyouseido.mhlw.go.jp/znk-web/juminkanja/S2430/initialize?prefCd=18&kikanCd=2180002120&kikanKbn=2", "url2": null, "内容": "いわほり小児科医院【2:診療所】【診療科目:小児科】福井県福井市水越１－６０６" }, "geometry": { "type": "Point", "coordinates": [ 136.189903, 36.066172 ] } },
{ "type": "Feature", "properties": { "ID": 1822180002130, "正式名称": "医療法人　福井心のクリニック", "機関区分": 2, "都道府県コード": 18, "市区町村コード": 201, "所在地": "福井県福井市手寄１ー４ー１　ＡＯＳＳＡ　２階", "緯度": 36.060531, "経度": 136.223467, "url": "https://www.iryou.teikyouseido.mhlw.go.jp/znk-web/juminkanja/S2430/initialize?prefCd=18&kikanCd=2180002130&kikanKbn=2", "url2": "http://www.cococli.com", "内容": "医療法人　福井心のクリニック【2:診療所】【診療科目:精神科】福井県福井市手寄１ー４ー１　ＡＯＳＳＡ　２階" }, "geometry": { "type": "Point", "coordinates": [ 136.223467, 36.060531 ] } },
{ "type": "Feature", "properties": { "ID": 1822180002160, "正式名称": "医療法人犀輝会玉井内科クリニック", "機関区分": 2, "都道府県コード": 18, "市区町村コード": 201, "所在地": "福井県福井市下荒井町第４号７４番地１５", "緯度": 36.027172, "経度": 136.206625, "url": "https://www.iryou.teikyouseido.mhlw.go.jp/znk-web/juminkanja/S2430/initialize?prefCd=18&kikanCd=2180002160&kikanKbn=2", "url2": null, "内容": "医療法人犀輝会玉井内科クリニック【2:診療所】【診療科目:内科_呼吸器内科_循環器内科_小児科】福井県福井市下荒井町第４号７４番地１５" }, "geometry": { "type": "Point", "coordinates": [ 136.206625, 36.027172 ] } },
{ "type": "Feature", "properties": { "ID": 1822180002170, "正式名称": "大名町スキンクリニック", "機関区分": 2, "都道府県コード": 18, "市区町村コード": 201, "所在地": "福井県福井市手寄１ー４ー１　ＡＯＳＳＡ２階", "緯度": 36.063228, "経度": 136.217819, "url": "https://www.iryou.teikyouseido.mhlw.go.jp/znk-web/juminkanja/S2430/initialize?prefCd=18&kikanCd=2180002170&kikanKbn=2", "url2": "http://www.m-beauty.jp/", "内容": "大名町スキンクリニック【2:診療所】【診療科目:美容皮膚科】福井県福井市手寄１ー４ー１　ＡＯＳＳＡ２階" }, "geometry": { "type": "Point", "coordinates": [ 136.217819, 36.063228 ] } },
{ "type": "Feature", "properties": { "ID": 1822180002180, "正式名称": "医療法人社団　響　二の宮クリニック", "機関区分": 2, "都道府県コード": 18, "市区町村コード": 201, "所在地": "福井県福井市大宮３－３１－３７", "緯度": 36.083006, "経度": 136.215264, "url": "https://www.iryou.teikyouseido.mhlw.go.jp/znk-web/juminkanja/S2430/initialize?prefCd=18&kikanCd=2180002180&kikanKbn=2", "url2": null, "内容": "医療法人社団　響　二の宮クリニック【2:診療所】【診療科目:内科_消化器内科_外科】福井県福井市大宮３－３１－３７" }, "geometry": { "type": "Point", "coordinates": [ 136.215264, 36.083006 ] } },
{ "type": "Feature", "properties": { "ID": 1822180002190, "正式名称": "平谷こども発達クリニック", "機関区分": 2, "都道府県コード": 18, "市区町村コード": 201, "所在地": "福井県福井市北四ツ居２－１４０９", "緯度": 36.067228, "経度": 136.248014, "url": "https://www.iryou.teikyouseido.mhlw.go.jp/znk-web/juminkanja/S2430/initialize?prefCd=18&kikanCd=2180002190&kikanKbn=2", "url2": "http://www.hiratani-c.jp", "内容": "平谷こども発達クリニック【2:診療所】【診療科目:小児科_精神科_アレルギー科】福井県福井市北四ツ居２－１４０９" }, "geometry": { "type": "Point", "coordinates": [ 136.248014, 36.067228 ] } },
{ "type": "Feature", "properties": { "ID": 1822180002200, "正式名称": "三崎医院", "機関区分": 2, "都道府県コード": 18, "市区町村コード": 201, "所在地": "福井県福井市左内町８－９", "緯度": 36.058491, "経度": 136.213485, "url": "https://www.iryou.teikyouseido.mhlw.go.jp/znk-web/juminkanja/S2430/initialize?prefCd=18&kikanCd=2180002200&kikanKbn=2", "url2": "http://www.misaki-clinic.com", "内容": "三崎医院【2:診療所】【診療科目:内科_小児科_リウマチ科】福井県福井市左内町８－９" }, "geometry": { "type": "Point", "coordinates": [ 136.213485, 36.058491 ] } },
{ "type": "Feature", "properties": { "ID": 1822180002210, "正式名称": "門整形外科", "機関区分": 2, "都道府県コード": 18, "市区町村コード": 201, "所在地": "福井県福井市西開発１－２４０５", "緯度": 36.076589, "経度": 136.237708, "url": "https://www.iryou.teikyouseido.mhlw.go.jp/znk-web/juminkanja/S2430/initialize?prefCd=18&kikanCd=2180002210&kikanKbn=2", "url2": null, "内容": "門整形外科【2:診療所】【診療科目:整形外科_リウマチ科_リハビリテーション科】福井県福井市西開発１－２４０５" }, "geometry": { "type": "Point", "coordinates": [ 136.237708, 36.076589 ] } },
{ "type": "Feature", "properties": { "ID": 1822180002230, "正式名称": "大和田アイクリニック", "機関区分": 2, "都道府県コード": 18, "市区町村コード": 201, "所在地": "福井県福井市大和田町１６４－５", "緯度": 36.094617, "経度": 136.251792, "url": "https://www.iryou.teikyouseido.mhlw.go.jp/znk-web/juminkanja/S2430/initialize?prefCd=18&kikanCd=2180002230&kikanKbn=2", "url2": null, "内容": "大和田アイクリニック【2:診療所】【診療科目:眼科】福井県福井市大和田町１６４－５" }, "geometry": { "type": "Point", "coordinates": [ 136.251792, 36.094617 ] } },
{ "type": "Feature", "properties": { "ID": 1822180002240, "正式名称": "細川内科クリニック", "機関区分": 2, "都道府県コード": 18, "市区町村コード": 201, "所在地": "福井県福井市花堂中２丁目１８番２号", "緯度": 36.038575, "経度": 136.213238, "url": "https://www.iryou.teikyouseido.mhlw.go.jp/znk-web/juminkanja/S2430/initialize?prefCd=18&kikanCd=2180002240&kikanKbn=2", "url2": "https://www.hosokawaiin.jp", "内容": "細川内科クリニック【2:診療所】【診療科目:内科_糖尿病・内分泌内科】福井県福井市花堂中２丁目１８番２号" }, "geometry": { "type": "Point", "coordinates": [ 136.213238, 36.038575 ] } },
{ "type": "Feature", "properties": { "ID": 1822180002290, "正式名称": "ヒロセクリニック", "機関区分": 2, "都道府県コード": 18, "市区町村コード": 201, "所在地": "福井県福井市大手２－４－２６　白沢ビル３階", "緯度": 36.063728, "経度": 136.223403, "url": "https://www.iryou.teikyouseido.mhlw.go.jp/znk-web/juminkanja/S2430/initialize?prefCd=18&kikanCd=2180002290&kikanKbn=2", "url2": "http://w2422.nsk.ne.jp/~hiro_3_shige.dr/", "内容": "ヒロセクリニック【2:診療所】【診療科目:神経内科_精神科_心療内科】福井県福井市大手２－４－２６　白沢ビル３階" }, "geometry": { "type": "Point", "coordinates": [ 136.223403, 36.063728 ] } },
{ "type": "Feature", "properties": { "ID": 1822180002300, "正式名称": "耳鼻咽喉科・アレルギー科　たなかクリニック", "機関区分": 2, "都道府県コード": 18, "市区町村コード": 201, "所在地": "福井県福井市上森田１－４０３", "緯度": 36.113283, "経度": 136.227014, "url": "https://www.iryou.teikyouseido.mhlw.go.jp/znk-web/juminkanja/S2430/initialize?prefCd=18&kikanCd=2180002300&kikanKbn=2", "url2": "https://tanaka-ent-clinic.com", "内容": "耳鼻咽喉科・アレルギー科　たなかクリニック【2:診療所】【診療科目:耳鼻いんこう科_アレルギー科】福井県福井市上森田１－４０３" }, "geometry": { "type": "Point", "coordinates": [ 136.227014, 36.113283 ] } },
{ "type": "Feature", "properties": { "ID": 1822180002310, "正式名称": "高橋クリニック", "機関区分": 2, "都道府県コード": 18, "市区町村コード": 201, "所在地": "福井県福井市文京３丁目２４－１２", "緯度": 36.079978, "経度": 136.209431, "url": "https://www.iryou.teikyouseido.mhlw.go.jp/znk-web/juminkanja/S2430/initialize?prefCd=18&kikanCd=2180002310&kikanKbn=2", "url2": "https://cl-takahashi.jp", "内容": "高橋クリニック【2:診療所】【診療科目:内科_呼吸器内科_循環器内科_消化器内科】福井県福井市文京３丁目２４－１２" }, "geometry": { "type": "Point", "coordinates": [ 136.209431, 36.079978 ] } },
{ "type": "Feature", "properties": { "ID": 1822180002320, "正式名称": "医療法人悠紘　いなだクリニック", "機関区分": 2, "都道府県コード": 18, "市区町村コード": 201, "所在地": "福井県福井市木田２丁目１６１３", "緯度": 36.045367, "経度": 136.224125, "url": "https://www.iryou.teikyouseido.mhlw.go.jp/znk-web/juminkanja/S2430/initialize?prefCd=18&kikanCd=2180002320&kikanKbn=2", "url2": "https://inada-cl.jp/", "内容": "医療法人悠紘　いなだクリニック【2:診療所】【診療科目:内科_消化器内科_外科_肛門外科_整形外科_耳鼻いんこう科】福井県福井市木田２丁目１６１３" }, "geometry": { "type": "Point", "coordinates": [ 136.224125, 36.045367 ] } },
{ "type": "Feature", "properties": { "ID": 1822180002360, "正式名称": "医療法人　彰永会　舟橋内科クリニック", "機関区分": 2, "都道府県コード": 18, "市区町村コード": 201, "所在地": "福井県福井市舟橋１－３０１－１", "緯度": 36.099117, "経度": 136.225792, "url": "https://www.iryou.teikyouseido.mhlw.go.jp/znk-web/juminkanja/S2430/initialize?prefCd=18&kikanCd=2180002360&kikanKbn=2", "url2": null, "内容": "医療法人　彰永会　舟橋内科クリニック【2:診療所】【診療科目:内科_代謝内科_内分泌内科_消化器内科_小児科】福井県福井市舟橋１－３０１－１" }, "geometry": { "type": "Point", "coordinates": [ 136.225792, 36.099117 ] } },
{ "type": "Feature", "properties": { "ID": 1822180002380, "正式名称": "大滝東クリニック", "機関区分": 2, "都道府県コード": 18, "市区町村コード": 201, "所在地": "福井県福井市日光１－１－１", "緯度": 36.071478, "経度": 136.203875, "url": "https://www.iryou.teikyouseido.mhlw.go.jp/znk-web/juminkanja/S2430/initialize?prefCd=18&kikanCd=2180002380&kikanKbn=2", "url2": "https://www.otaki-hp.or.jp/group/otakihigashi/", "内容": "大滝東クリニック【2:診療所】【診療科目:内科_小児科_アレルギー科】福井県福井市日光１－１－１" }, "geometry": { "type": "Point", "coordinates": [ 136.203875, 36.071478 ] } },
{ "type": "Feature", "properties": { "ID": 1822180002390, "正式名称": "さいかわ泌尿器科クリニック", "機関区分": 2, "都道府県コード": 18, "市区町村コード": 201, "所在地": "福井県福井市中央２－１－３５", "緯度": 36.059006, "経度": 136.220264, "url": "https://www.iryou.teikyouseido.mhlw.go.jp/znk-web/juminkanja/S2430/initialize?prefCd=18&kikanCd=2180002390&kikanKbn=2", "url2": "www2.fctv.ne.jp", "内容": "さいかわ泌尿器科クリニック【2:診療所】【診療科目:内科_泌尿器科】福井県福井市中央２－１－３５" }, "geometry": { "type": "Point", "coordinates": [ 136.220264, 36.059006 ] } },
{ "type": "Feature", "properties": { "ID": 1822180002400, "正式名称": "宮地内科", "機関区分": 2, "都道府県コード": 18, "市区町村コード": 201, "所在地": "福井県福井市花月２－９－３", "緯度": 36.068311, "経度": 136.208681, "url": "https://www.iryou.teikyouseido.mhlw.go.jp/znk-web/juminkanja/S2430/initialize?prefCd=18&kikanCd=2180002400&kikanKbn=2", "url2": "http://miyaji-naika.jp", "内容": "宮地内科【2:診療所】【診療科目:内科_胃腸内科】福井県福井市花月２－９－３" }, "geometry": { "type": "Point", "coordinates": [ 136.208681, 36.068311 ] } },
{ "type": "Feature", "properties": { "ID": 1822180002420, "正式名称": "山内整形外科", "機関区分": 2, "都道府県コード": 18, "市区町村コード": 201, "所在地": "福井県福井市大宮４－１３－１８", "緯度": 36.081953, "経度": 136.207859, "url": "https://www.iryou.teikyouseido.mhlw.go.jp/znk-web/juminkanja/S2430/initialize?prefCd=18&kikanCd=2180002420&kikanKbn=2", "url2": "http://www.yamauchi-seikei.jp", "内容": "山内整形外科【2:診療所】【診療科目:整形外科_リウマチ科_リハビリテーション科】福井県福井市大宮４－１３－１８" }, "geometry": { "type": "Point", "coordinates": [ 136.207859, 36.081953 ] } },
{ "type": "Feature", "properties": { "ID": 1822180002430, "正式名称": "高柳眼科", "機関区分": 2, "都道府県コード": 18, "市区町村コード": 201, "所在地": "福井県福井市石盛１丁目８２３番地", "緯度": 36.116394, "経度": 136.228042, "url": "https://www.iryou.teikyouseido.mhlw.go.jp/znk-web/juminkanja/S2430/initialize?prefCd=18&kikanCd=2180002430&kikanKbn=2", "url2": "https://itp.ne.jp/info/186575604197630030/shop/", "内容": "高柳眼科【2:診療所】【診療科目:眼科】福井県福井市石盛１丁目８２３番地" }, "geometry": { "type": "Point", "coordinates": [ 136.228042, 36.116394 ] } },
{ "type": "Feature", "properties": { "ID": 1822180002450, "正式名称": "大森整形外科リウマチ科", "機関区分": 2, "都道府県コード": 18, "市区町村コード": 201, "所在地": "福井県福井市北四ツ居３－１４－１２", "緯度": 36.06762, "経度": 136.246011, "url": "https://www.iryou.teikyouseido.mhlw.go.jp/znk-web/juminkanja/S2430/initialize?prefCd=18&kikanCd=2180002450&kikanKbn=2", "url2": "https://omori-seikei.or.jp", "内容": "大森整形外科リウマチ科【2:診療所】【診療科目:内科_脳神経外科_整形外科_リウマチ科_リハビリテーション科】福井県福井市北四ツ居３－１４－１２" }, "geometry": { "type": "Point", "coordinates": [ 136.246011, 36.06762 ] } },
{ "type": "Feature", "properties": { "ID": 1822180002460, "正式名称": "藤井医院", "機関区分": 2, "都道府県コード": 18, "市区町村コード": 210, "所在地": "福井県坂井市三国町南本町３－３－２０", "緯度": 36.213394, "経度": 136.149847, "url": "https://www.iryou.teikyouseido.mhlw.go.jp/znk-web/juminkanja/S2430/initialize?prefCd=18&kikanCd=2180002460&kikanKbn=2", "url2": "https://fj-g.jp/facility/01", "内容": "藤井医院【2:診療所】【診療科目:内科_消化器内科_外科_小児科_皮膚科】福井県坂井市三国町南本町３－３－２０" }, "geometry": { "type": "Point", "coordinates": [ 136.149847, 36.213394 ] } },
{ "type": "Feature", "properties": { "ID": 1822180002480, "正式名称": "医療法人社団親向会　向坂内科医院", "機関区分": 2, "都道府県コード": 18, "市区町村コード": 210, "所在地": "福井県坂井市三国町錦４丁目１－１２", "緯度": 36.214589, "経度": 136.153597, "url": "https://www.iryou.teikyouseido.mhlw.go.jp/znk-web/juminkanja/S2430/initialize?prefCd=18&kikanCd=2180002480&kikanKbn=2", "url2": null, "内容": "医療法人社団親向会　向坂内科医院【2:診療所】【診療科目:内科_循環器内科_消化器内科_小児科】福井県坂井市三国町錦４丁目１－１２" }, "geometry": { "type": "Point", "coordinates": [ 136.153597, 36.214589 ] } },
{ "type": "Feature", "properties": { "ID": 1822180002500, "正式名称": "医療法人　西野医院", "機関区分": 2, "都道府県コード": 18, "市区町村コード": 210, "所在地": "福井県坂井市三国町安島第２７号３１番地", "緯度": 36.248789, "経度": 136.125865, "url": "https://www.iryou.teikyouseido.mhlw.go.jp/znk-web/juminkanja/S2430/initialize?prefCd=18&kikanCd=2180002500&kikanKbn=2", "url2": "http://www.neconome.com/110170/index.html", "内容": "医療法人　西野医院【2:診療所】【診療科目:内科_循環器内科_消化器内科_小児科_リハビリテーション科】福井県坂井市三国町安島第２７号３１番地" }, "geometry": { "type": "Point", "coordinates": [ 136.125865, 36.248789 ] } },
{ "type": "Feature", "properties": { "ID": 1822180002520, "正式名称": "西岡医院", "機関区分": 2, "都道府県コード": 18, "市区町村コード": 208, "所在地": "福井県あわら市温泉５－３", "緯度": 36.226303, "経度": 136.194663, "url": "https://www.iryou.teikyouseido.mhlw.go.jp/znk-web/juminkanja/S2430/initialize?prefCd=18&kikanCd=2180002520&kikanKbn=2", "url2": "https://nishioka-iin.jp/", "内容": "西岡医院【2:診療所】【診療科目:内科_循環器内科_小児科】福井県あわら市温泉５－３" }, "geometry": { "type": "Point", "coordinates": [ 136.194663, 36.226303 ] } },
{ "type": "Feature", "properties": { "ID": 1822180002530, "正式名称": "齊藤耳鼻咽喉科医院", "機関区分": 2, "都道府県コード": 18, "市区町村コード": 208, "所在地": "福井県あわら市舟津３－１８", "緯度": 36.225728, "経度": 136.190542, "url": "https://www.iryou.teikyouseido.mhlw.go.jp/znk-web/juminkanja/S2430/initialize?prefCd=18&kikanCd=2180002530&kikanKbn=2", "url2": "https://sites.google.com/site/saijibiawara772277", "内容": "齊藤耳鼻咽喉科医院【2:診療所】【診療科目:小児耳鼻いんこう科_耳鼻いんこう科_アレルギー科】福井県あわら市舟津３－１８" }, "geometry": { "type": "Point", "coordinates": [ 136.190542, 36.225728 ] } },
{ "type": "Feature", "properties": { "ID": 1822180002570, "正式名称": "汐見医院", "機関区分": 2, "都道府県コード": 18, "市区町村コード": 208, "所在地": "福井県あわら市春宮３－８－２", "緯度": 36.216634, "経度": 136.229442, "url": "https://www.iryou.teikyouseido.mhlw.go.jp/znk-web/juminkanja/S2430/initialize?prefCd=18&kikanCd=2180002570&kikanKbn=2", "url2": null, "内容": "汐見医院【2:診療所】【診療科目:内科_循環器内科_小児科】福井県あわら市春宮３－８－２" }, "geometry": { "type": "Point", "coordinates": [ 136.229442, 36.216634 ] } },
{ "type": "Feature", "properties": { "ID": 1822180002640, "正式名称": "友田医院", "機関区分": 2, "都道府県コード": 18, "市区町村コード": 210, "所在地": "福井県坂井市春江町江留上中央１１―７", "緯度": 36.1232, "経度": 136.225403, "url": "https://www.iryou.teikyouseido.mhlw.go.jp/znk-web/juminkanja/S2430/initialize?prefCd=18&kikanCd=2180002640&kikanKbn=2", "url2": null, "内容": "友田医院【2:診療所】【診療科目:内科_消化器内科_外科_小児科】福井県坂井市春江町江留上中央１１―７" }, "geometry": { "type": "Point", "coordinates": [ 136.225403, 36.1232 ] } },
{ "type": "Feature", "properties": { "ID": 1822180002670, "正式名称": "医療法人　佳和会　　野村医院", "機関区分": 2, "都道府県コード": 18, "市区町村コード": 210, "所在地": "福井県坂井市坂井町大味８－４－１", "緯度": 36.1857, "経度": 136.212319, "url": "https://www.iryou.teikyouseido.mhlw.go.jp/znk-web/juminkanja/S2430/initialize?prefCd=18&kikanCd=2180002670&kikanKbn=2", "url2": "https://www.nomuraiin-yoshiwa.com", "内容": "医療法人　佳和会　　野村医院【2:診療所】【診療科目:内科_消化器内科_内視鏡内科_小児科】福井県坂井市坂井町大味８－４－１" }, "geometry": { "type": "Point", "coordinates": [ 136.212319, 36.1857 ] } },
{ "type": "Feature", "properties": { "ID": 1822180002700, "正式名称": "坂井医院", "機関区分": 2, "都道府県コード": 18, "市区町村コード": 208, "所在地": "福井県あわら市温泉５丁目１８１１", "緯度": 36.228783, "経度": 136.192403, "url": "https://www.iryou.teikyouseido.mhlw.go.jp/znk-web/juminkanja/S2430/initialize?prefCd=18&kikanCd=2180002700&kikanKbn=2", "url2": null, "内容": "坂井医院【2:診療所】【診療科目:内科_胃腸内科_漢方内科_小児科】福井県あわら市温泉５丁目１８１１" }, "geometry": { "type": "Point", "coordinates": [ 136.192403, 36.228783 ] } },
{ "type": "Feature", "properties": { "ID": 1822180002710, "正式名称": "柴田医院", "機関区分": 2, "都道府県コード": 18, "市区町村コード": 208, "所在地": "福井県あわら市二面４丁目１０９番地", "緯度": 36.225144, "経度": 136.198514, "url": "https://www.iryou.teikyouseido.mhlw.go.jp/znk-web/juminkanja/S2430/initialize?prefCd=18&kikanCd=2180002710&kikanKbn=2", "url2": "http://meron-en.or.jp/www/", "内容": "柴田医院【2:診療所】【診療科目:内科_整形外科_形成外科】福井県あわら市二面４丁目１０９番地" }, "geometry": { "type": "Point", "coordinates": [ 136.198514, 36.225144 ] } },
{ "type": "Feature", "properties": { "ID": 1822180002730, "正式名称": "奥村医院", "機関区分": 2, "都道府県コード": 18, "市区町村コード": 208, "所在地": "福井県あわら市春宮２－８－３", "緯度": 36.215589, "経度": 136.232431, "url": "https://www.iryou.teikyouseido.mhlw.go.jp/znk-web/juminkanja/S2430/initialize?prefCd=18&kikanCd=2180002730&kikanKbn=2", "url2": "http://okumuraiin.net/", "内容": "奥村医院【2:診療所】【診療科目:内科_皮膚科_泌尿器科_アレルギー科】福井県あわら市春宮２－８－３" }, "geometry": { "type": "Point", "coordinates": [ 136.232431, 36.215589 ] } },
{ "type": "Feature", "properties": { "ID": 1822180002740, "正式名称": "大嶋医院", "機関区分": 2, "都道府県コード": 18, "市区町村コード": 210, "所在地": "福井県坂井市三国町錦４－２－５２", "緯度": 36.214756, "経度": 136.152597, "url": "https://www.iryou.teikyouseido.mhlw.go.jp/znk-web/juminkanja/S2430/initialize?prefCd=18&kikanCd=2180002740&kikanKbn=2", "url2": null, "内容": "大嶋医院【2:診療所】【診療科目:内科_小児科】福井県坂井市三国町錦４－２－５２" }, "geometry": { "type": "Point", "coordinates": [ 136.152597, 36.214756 ] } },
{ "type": "Feature", "properties": { "ID": 1822180002750, "正式名称": "金津産婦人科クリニック", "機関区分": 2, "都道府県コード": 18, "市区町村コード": 208, "所在地": "福井県あわら市市姫１－８－５", "緯度": 36.2122, "経度": 136.230931, "url": "https://www.iryou.teikyouseido.mhlw.go.jp/znk-web/juminkanja/S2430/initialize?prefCd=18&kikanCd=2180002750&kikanKbn=2", "url2": "http://www.kanazu-clinic.com/", "内容": "金津産婦人科クリニック【2:診療所】【診療科目:内科_小児科_産婦人科】福井県あわら市市姫１－８－５" }, "geometry": { "type": "Point", "coordinates": [ 136.230931, 36.2122 ] } },
{ "type": "Feature", "properties": { "ID": 1822180002790, "正式名称": "医療法人　中瀬整形外科医院", "機関区分": 2, "都道府県コード": 18, "市区町村コード": 210, "所在地": "福井県坂井市丸岡町里丸岡１－４０", "緯度": 36.146978, "経度": 136.275958, "url": "https://www.iryou.teikyouseido.mhlw.go.jp/znk-web/juminkanja/S2430/initialize?prefCd=18&kikanCd=2180002790&kikanKbn=2", "url2": null, "内容": "医療法人　中瀬整形外科医院【2:診療所】【診療科目:内科_整形外科_リウマチ科_リハビリテーション科】福井県坂井市丸岡町里丸岡１－４０" }, "geometry": { "type": "Point", "coordinates": [ 136.275958, 36.146978 ] } },
{ "type": "Feature", "properties": { "ID": 1822180002820, "正式名称": "坂井内科クリニック", "機関区分": 2, "都道府県コード": 18, "市区町村コード": 208, "所在地": "福井県あわら市中番１７－１８", "緯度": 36.205867, "経度": 136.203319, "url": "https://www.iryou.teikyouseido.mhlw.go.jp/znk-web/juminkanja/S2430/initialize?prefCd=18&kikanCd=2180002820&kikanKbn=2", "url2": "http://www.myclinic.ne.jp/clsakai/pc/", "内容": "坂井内科クリニック【2:診療所】【診療科目:内科_糖尿病・代謝内科_循環器内科_消化器内科_小児科】福井県あわら市中番１７－１８" }, "geometry": { "type": "Point", "coordinates": [ 136.203319, 36.205867 ] } },
{ "type": "Feature", "properties": { "ID": 1822180002860, "正式名称": "大野内科消化器科医院", "機関区分": 2, "都道府県コード": 18, "市区町村コード": 210, "所在地": "福井県坂井市春江町東太郎丸２３－２", "緯度": 36.129978, "経度": 136.214569, "url": "https://www.iryou.teikyouseido.mhlw.go.jp/znk-web/juminkanja/S2430/initialize?prefCd=18&kikanCd=2180002860&kikanKbn=2", "url2": "http://ohno-naika.jp/", "内容": "大野内科消化器科医院【2:診療所】【診療科目:内科_消化器内科_肝臓内科_内視鏡内科】福井県坂井市春江町東太郎丸２３－２" }, "geometry": { "type": "Point", "coordinates": [ 136.214569, 36.129978 ] } },
{ "type": "Feature", "properties": { "ID": 1822180002890, "正式名称": "豊田内科医院", "機関区分": 2, "都道府県コード": 18, "市区町村コード": 210, "所在地": "福井県坂井市春江町為国平成３２", "緯度": 36.133256, "経度": 136.226597, "url": "https://www.iryou.teikyouseido.mhlw.go.jp/znk-web/juminkanja/S2430/initialize?prefCd=18&kikanCd=2180002890&kikanKbn=2", "url2": null, "内容": "豊田内科医院【2:診療所】【診療科目:内科_呼吸器内科_循環器内科_漢方内科】福井県坂井市春江町為国平成３２" }, "geometry": { "type": "Point", "coordinates": [ 136.226597, 36.133256 ] } },
{ "type": "Feature", "properties": { "ID": 1822180002920, "正式名称": "伊藤クリニック", "機関区分": 2, "都道府県コード": 18, "市区町村コード": 210, "所在地": "福井県坂井市丸岡町柳町２９", "緯度": 36.154144, "経度": 136.268458, "url": "https://www.iryou.teikyouseido.mhlw.go.jp/znk-web/juminkanja/S2430/initialize?prefCd=18&kikanCd=2180002920&kikanKbn=2", "url2": null, "内容": "伊藤クリニック【2:診療所】【診療科目:内科_泌尿器科_リハビリテーション科】福井県坂井市丸岡町柳町２９" }, "geometry": { "type": "Point", "coordinates": [ 136.268458, 36.154144 ] } },
{ "type": "Feature", "properties": { "ID": 1822180002930, "正式名称": "医療法人　福岡内科クリニック", "機関区分": 2, "都道府県コード": 18, "市区町村コード": 210, "所在地": "福井県坂井市丸岡町栄１丁目２０３番地", "緯度": 36.157339, "経度": 136.270292, "url": "https://www.iryou.teikyouseido.mhlw.go.jp/znk-web/juminkanja/S2430/initialize?prefCd=18&kikanCd=2180002930&kikanKbn=2", "url2": "https://fukuoka-clinic.jp", "内容": "医療法人　福岡内科クリニック【2:診療所】【診療科目:内科_循環器内科_消化器内科】福井県坂井市丸岡町栄１丁目２０３番地" }, "geometry": { "type": "Point", "coordinates": [ 136.270292, 36.157339 ] } },
{ "type": "Feature", "properties": { "ID": 1822180002940, "正式名称": "医療法人　昭友会　東外科医院", "機関区分": 2, "都道府県コード": 18, "市区町村コード": 210, "所在地": "福井県坂井市丸岡町霞町１−４５", "緯度": 36.1532, "経度": 136.270042, "url": "https://www.iryou.teikyouseido.mhlw.go.jp/znk-web/juminkanja/S2430/initialize?prefCd=18&kikanCd=2180002940&kikanKbn=2", "url2": "https://www.azuma-surgery-clinic.com/", "内容": "医療法人　昭友会　東外科医院【2:診療所】【診療科目:内科_消化器内科_胃腸内科_外科_消化器外科_肛門外科_整形外科_リハビリテーション科】福井県坂井市丸岡町霞町１−４５" }, "geometry": { "type": "Point", "coordinates": [ 136.270042, 36.1532 ] } },
{ "type": "Feature", "properties": { "ID": 1822180002950, "正式名称": "ヒガシ内科医院", "機関区分": 2, "都道府県コード": 18, "市区町村コード": 210, "所在地": "福井県坂井市丸岡町西瓜屋１６－３", "緯度": 36.150867, "経度": 136.268514, "url": "https://www.iryou.teikyouseido.mhlw.go.jp/znk-web/juminkanja/S2430/initialize?prefCd=18&kikanCd=2180002950&kikanKbn=2", "url2": null, "内容": "ヒガシ内科医院【2:診療所】【診療科目:内科_小児科】福井県坂井市丸岡町西瓜屋１６－３" }, "geometry": { "type": "Point", "coordinates": [ 136.268514, 36.150867 ] } },
{ "type": "Feature", "properties": { "ID": 1822180002960, "正式名称": "医療法人キムクリニック", "機関区分": 2, "都道府県コード": 18, "市区町村コード": 210, "所在地": "福井県坂井市丸岡町一本田２５－２３－１", "緯度": 36.146506, "経度": 136.261514, "url": "https://www.iryou.teikyouseido.mhlw.go.jp/znk-web/juminkanja/S2430/initialize?prefCd=18&kikanCd=2180002960&kikanKbn=2", "url2": null, "内容": "医療法人キムクリニック【2:診療所】【診療科目:内科_外科】福井県坂井市丸岡町一本田２５－２３－１" }, "geometry": { "type": "Point", "coordinates": [ 136.261514, 36.146506 ] } },
{ "type": "Feature", "properties": { "ID": 1822180002980, "正式名称": "医療法人　越仁会　こしの医院", "機関区分": 2, "都道府県コード": 18, "市区町村コード": 210, "所在地": "福井県坂井市三国町山岸６９－３６－３", "緯度": 36.193228, "経度": 136.145681, "url": "https://www.iryou.teikyouseido.mhlw.go.jp/znk-web/juminkanja/S2430/initialize?prefCd=18&kikanCd=2180002980&kikanKbn=2", "url2": null, "内容": "医療法人　越仁会　こしの医院【2:診療所】【診療科目:内科_循環器内科_小児科】福井県坂井市三国町山岸６９－３６－３" }, "geometry": { "type": "Point", "coordinates": [ 136.145681, 36.193228 ] } },
{ "type": "Feature", "properties": { "ID": 1822180002990, "正式名称": "森瀬クリニック", "機関区分": 2, "都道府県コード": 18, "市区町村コード": 210, "所在地": "福井県坂井市坂井町下兵庫２９６－７", "緯度": 36.172561, "経度": 136.197875, "url": "https://www.iryou.teikyouseido.mhlw.go.jp/znk-web/juminkanja/S2430/initialize?prefCd=18&kikanCd=2180002990&kikanKbn=2", "url2": "https://luna668.wixsite.com/moriseclinic", "内容": "森瀬クリニック【2:診療所】【診療科目:内科_内分泌内科_糖尿病・内分泌内科_循環器内科】福井県坂井市坂井町下兵庫２９６－７" }, "geometry": { "type": "Point", "coordinates": [ 136.197875, 36.172561 ] } },
{ "type": "Feature", "properties": { "ID": 1822180003010, "正式名称": "医療法人　充和会　石黒皮膚科クリニック", "機関区分": 2, "都道府県コード": 18, "市区町村コード": 210, "所在地": "福井県坂井市春江町江留下高道１６１－１", "緯度": 36.128894, "経度": 136.218208, "url": "https://www.iryou.teikyouseido.mhlw.go.jp/znk-web/juminkanja/S2430/initialize?prefCd=18&kikanCd=2180003010&kikanKbn=2", "url2": "http:www.ishigurohifuka.com/", "内容": "医療法人　充和会　石黒皮膚科クリニック【2:診療所】【診療科目:形成外科_皮膚科】福井県坂井市春江町江留下高道１６１－１" }, "geometry": { "type": "Point", "coordinates": [ 136.218208, 36.128894 ] } },
{ "type": "Feature", "properties": { "ID": 1822180003030, "正式名称": "キンダークリニックきかわ小児科", "機関区分": 2, "都道府県コード": 18, "市区町村コード": 210, "所在地": "福井県坂井市春江町随応寺中央３０３", "緯度": 36.135589, "経度": 136.216708, "url": "https://www.iryou.teikyouseido.mhlw.go.jp/znk-web/juminkanja/S2430/initialize?prefCd=18&kikanCd=2180003030&kikanKbn=2", "url2": "http://www.kikawa-clinic.com", "内容": "キンダークリニックきかわ小児科【2:診療所】【診療科目:小児科_アレルギー科】福井県坂井市春江町随応寺中央３０３" }, "geometry": { "type": "Point", "coordinates": [ 136.216708, 36.135589 ] } },
{ "type": "Feature", "properties": { "ID": 1822180003040, "正式名称": "鈴木クリニック", "機関区分": 2, "都道府県コード": 18, "市区町村コード": 210, "所在地": "福井県坂井市丸岡町吉政７－７－１", "緯度": 36.137561, "経度": 136.260764, "url": "https://www.iryou.teikyouseido.mhlw.go.jp/znk-web/juminkanja/S2430/initialize?prefCd=18&kikanCd=2180003040&kikanKbn=2", "url2": "http://suzukiclinic-hd.webmedipr.jp/", "内容": "鈴木クリニック【2:診療所】【診療科目:内科_糖尿病内科_循環器内科_腎臓内科_人工透析内科_アレルギー疾患内科】福井県坂井市丸岡町吉政７－７－１" }, "geometry": { "type": "Point", "coordinates": [ 136.260764, 36.137561 ] } },
{ "type": "Feature", "properties": { "ID": 1822180003050, "正式名称": "つちだ小児科", "機関区分": 2, "都道府県コード": 18, "市区町村コード": 210, "所在地": "福井県坂井市丸岡町吉政１１－１０－２", "緯度": 36.137256, "経度": 136.263264, "url": "https://www.iryou.teikyouseido.mhlw.go.jp/znk-web/juminkanja/S2430/initialize?prefCd=18&kikanCd=2180003050&kikanKbn=2", "url2": "http://www.pediatric.jp/", "内容": "つちだ小児科【2:診療所】【診療科目:小児科】福井県坂井市丸岡町吉政１１－１０－２" }, "geometry": { "type": "Point", "coordinates": [ 136.263264, 36.137256 ] } },
{ "type": "Feature", "properties": { "ID": 1822180003060, "正式名称": "鈴木眼科クリニック", "機関区分": 2, "都道府県コード": 18, "市区町村コード": 210, "所在地": "福井県坂井市春江町江留上錦３７－１", "緯度": 36.122783, "経度": 136.217458, "url": "https://www.iryou.teikyouseido.mhlw.go.jp/znk-web/juminkanja/S2430/initialize?prefCd=18&kikanCd=2180003060&kikanKbn=2", "url2": "https://s-ganka.jp", "内容": "鈴木眼科クリニック【2:診療所】【診療科目:眼科】福井県坂井市春江町江留上錦３７－１" }, "geometry": { "type": "Point", "coordinates": [ 136.217458, 36.122783 ] } },
{ "type": "Feature", "properties": { "ID": 1822180003130, "正式名称": "医療法人　鳥山医院", "機関区分": 2, "都道府県コード": 18, "市区町村コード": 205, "所在地": "福井県大野市有明町４－１８", "緯度": 35.982756, "経度": 136.498208, "url": "https://www.iryou.teikyouseido.mhlw.go.jp/znk-web/juminkanja/S2430/initialize?prefCd=18&kikanCd=2180003130&kikanKbn=2", "url2": null, "内容": "医療法人　鳥山医院【2:診療所】【診療科目:耳鼻いんこう科】福井県大野市有明町４－１８" }, "geometry": { "type": "Point", "coordinates": [ 136.498208, 35.982756 ] } },
{ "type": "Feature", "properties": { "ID": 1822180003150, "正式名称": "高井医院", "機関区分": 2, "都道府県コード": 18, "市区町村コード": 205, "所在地": "福井県大野市稲郷５２－６－２", "緯度": 35.948922, "経度": 136.526347, "url": "https://www.iryou.teikyouseido.mhlw.go.jp/znk-web/juminkanja/S2430/initialize?prefCd=18&kikanCd=2180003150&kikanKbn=2", "url2": null, "内容": "高井医院【2:診療所】【診療科目:内科_小児科】福井県大野市稲郷５２－６－２" }, "geometry": { "type": "Point", "coordinates": [ 136.526347, 35.948922 ] } },
{ "type": "Feature", "properties": { "ID": 1822180003160, "正式名称": "財団医療法人　藤田記念病院　附属大野診療所", "機関区分": 2, "都道府県コード": 18, "市区町村コード": 205, "所在地": "福井県大野市南新在家１４－４０", "緯度": 36.007283, "経度": 136.507069, "url": "https://www.iryou.teikyouseido.mhlw.go.jp/znk-web/juminkanja/S2430/initialize?prefCd=18&kikanCd=2180003160&kikanKbn=2", "url2": "http://www.fujita-mhp.jp", "内容": "財団医療法人　藤田記念病院　附属大野診療所【2:診療所】【診療科目:内科】福井県大野市南新在家１４－４０" }, "geometry": { "type": "Point", "coordinates": [ 136.507069, 36.007283 ] } },
{ "type": "Feature", "properties": { "ID": 1822180003170, "正式名称": "弘川医院", "機関区分": 2, "都道府県コード": 18, "市区町村コード": 205, "所在地": "福井県大野市陽明町２－１０１", "緯度": 35.990783, "経度": 136.499319, "url": "https://www.iryou.teikyouseido.mhlw.go.jp/znk-web/juminkanja/S2430/initialize?prefCd=18&kikanCd=2180003170&kikanKbn=2", "url2": null, "内容": "弘川医院【2:診療所】【診療科目:内科_呼吸器内科_循環器内科_胃腸内科_外科】福井県大野市陽明町２－１０１" }, "geometry": { "type": "Point", "coordinates": [ 136.499319, 35.990783 ] } },
{ "type": "Feature", "properties": { "ID": 1822180003180, "正式名称": "臼井歯科医院", "機関区分": 2, "都道府県コード": 18, "市区町村コード": 205, "所在地": "福井県大野市元町９―１６", "緯度": 35.985548, "経度": 136.490549, "url": "https://www.iryou.teikyouseido.mhlw.go.jp/znk-web/juminkanja/S2430/initialize?prefCd=18&kikanCd=2180003180&kikanKbn=2", "url2": "www.usui.or.jp", "内容": "臼井歯科医院【2:診療所】【診療科目:歯科】福井県大野市元町９―１６" }, "geometry": { "type": "Point", "coordinates": [ 136.490549, 35.985548 ] } },
{ "type": "Feature", "properties": { "ID": 1822180003210, "正式名称": "大野市休日急患診療所", "機関区分": 2, "都道府県コード": 18, "市区町村コード": 205, "所在地": "福井県大野市篠座１１７－６－１", "緯度": 35.977644, "経度": 136.486875, "url": "https://www.iryou.teikyouseido.mhlw.go.jp/znk-web/juminkanja/S2430/initialize?prefCd=18&kikanCd=2180003210&kikanKbn=2", "url2": "city.ono.fukui.jp", "内容": "大野市休日急患診療所【2:診療所】【診療科目:内科_外科_小児科】福井県大野市篠座１１７－６－１" }, "geometry": { "type": "Point", "coordinates": [ 136.486875, 35.977644 ] } },
{ "type": "Feature", "properties": { "ID": 1822180003220, "正式名称": "山川医院", "機関区分": 2, "都道府県コード": 18, "市区町村コード": 205, "所在地": "福井県大野市伏石１２－４６", "緯度": 35.987311, "経度": 136.575097, "url": "https://www.iryou.teikyouseido.mhlw.go.jp/znk-web/juminkanja/S2430/initialize?prefCd=18&kikanCd=2180003220&kikanKbn=2", "url2": "yamakawa-doc.com", "内容": "山川医院【2:診療所】【診療科目:内科_消化器内科_胃腸内科_外科_肛門外科_整形外科】福井県大野市伏石１２－４６" }, "geometry": { "type": "Point", "coordinates": [ 136.575097, 35.987311 ] } },
{ "type": "Feature", "properties": { "ID": 1822180003230, "正式名称": "栃木産婦人科医院", "機関区分": 2, "都道府県コード": 18, "市区町村コード": 205, "所在地": "福井県大野市春日９２－６", "緯度": 35.970367, "経度": 136.499681, "url": "https://www.iryou.teikyouseido.mhlw.go.jp/znk-web/juminkanja/S2430/initialize?prefCd=18&kikanCd=2180003230&kikanKbn=2", "url2": null, "内容": "栃木産婦人科医院【2:診療所】【診療科目:内科_小児科_産婦人科_麻酔科】福井県大野市春日９２－６" }, "geometry": { "type": "Point", "coordinates": [ 136.499681, 35.970367 ] } },
{ "type": "Feature", "properties": { "ID": 1822180003270, "正式名称": "松田医院", "機関区分": 2, "都道府県コード": 18, "市区町村コード": 205, "所在地": "福井県大野市国時町１１０１", "緯度": 35.974006, "経度": 136.502431, "url": "https://www.iryou.teikyouseido.mhlw.go.jp/znk-web/juminkanja/S2430/initialize?prefCd=18&kikanCd=2180003270&kikanKbn=2", "url2": "https://sites.google.com/view/matsuda-clinic", "内容": "松田医院【2:診療所】【診療科目:内科_小児科_皮膚科_アレルギー科】福井県大野市国時町１１０１" }, "geometry": { "type": "Point", "coordinates": [ 136.502431, 35.974006 ] } },
{ "type": "Feature", "properties": { "ID": 1822180003380, "正式名称": "医療法人　芳泉会　芳野医院", "機関区分": 2, "都道府県コード": 18, "市区町村コード": 206, "所在地": "福井県勝山市長山町１－３－１", "緯度": 36.066339, "経度": 136.504653, "url": "https://www.iryou.teikyouseido.mhlw.go.jp/znk-web/juminkanja/S2430/initialize?prefCd=18&kikanCd=2180003380&kikanKbn=2", "url2": "https://yoshino-cl.jp", "内容": "医療法人　芳泉会　芳野医院【2:診療所】【診療科目:内科_消化器内科_外科_肛門外科_小児科_リハビリテーション科_放射線科】福井県勝山市長山町１－３－１" }, "geometry": { "type": "Point", "coordinates": [ 136.504653, 36.066339 ] } },
{ "type": "Feature", "properties": { "ID": 1822180003390, "正式名称": "河北小児科医院", "機関区分": 2, "都道府県コード": 18, "市区町村コード": 206, "所在地": "福井県勝山市片瀬１－１１２－８", "緯度": 36.055283, "経度": 136.513181, "url": "https://www.iryou.teikyouseido.mhlw.go.jp/znk-web/juminkanja/S2430/initialize?prefCd=18&kikanCd=2180003390&kikanKbn=2", "url2": null, "内容": "河北小児科医院【2:診療所】【診療科目:小児科】福井県勝山市片瀬１－１１２－８" }, "geometry": { "type": "Point", "coordinates": [ 136.513181, 36.055283 ] } },
{ "type": "Feature", "properties": { "ID": 1822180003400, "正式名称": "わかばやしこども内科クリニック", "機関区分": 2, "都道府県コード": 18, "市区町村コード": 206, "所在地": "福井県勝山市猪野１９－７", "緯度": 36.043978, "経度": 136.513292, "url": "https://www.iryou.teikyouseido.mhlw.go.jp/znk-web/juminkanja/S2430/initialize?prefCd=18&kikanCd=2180003400&kikanKbn=2", "url2": null, "内容": "わかばやしこども内科クリニック【2:診療所】【診療科目:内科_小児科_皮膚科_アレルギー科】福井県勝山市猪野１９－７" }, "geometry": { "type": "Point", "coordinates": [ 136.513292, 36.043978 ] } },
{ "type": "Feature", "properties": { "ID": 1822180003410, "正式名称": "皮膚科鈴木医院", "機関区分": 2, "都道府県コード": 18, "市区町村コード": 207, "所在地": "福井県鯖江市長泉寺町１－８－３６", "緯度": 35.952006, "経度": 136.186208, "url": "https://www.iryou.teikyouseido.mhlw.go.jp/znk-web/juminkanja/S2430/initialize?prefCd=18&kikanCd=2180003410&kikanKbn=2", "url2": null, "内容": "皮膚科鈴木医院【2:診療所】【診療科目:皮膚科】福井県鯖江市長泉寺町１－８－３６" }, "geometry": { "type": "Point", "coordinates": [ 136.186208, 35.952006 ] } },
{ "type": "Feature", "properties": { "ID": 1822180003430, "正式名称": "医療法人　一乗医院", "機関区分": 2, "都道府県コード": 18, "市区町村コード": 207, "所在地": "福井県鯖江市河和田町２８－１－１", "緯度": 35.948256, "経度": 136.271375, "url": "https://www.iryou.teikyouseido.mhlw.go.jp/znk-web/juminkanja/S2430/initialize?prefCd=18&kikanCd=2180003430&kikanKbn=2", "url2": null, "内容": "医療法人　一乗医院【2:診療所】【診療科目:内科_小児科】福井県鯖江市河和田町２８－１－１" }, "geometry": { "type": "Point", "coordinates": [ 136.271375, 35.948256 ] } },
{ "type": "Feature", "properties": { "ID": 1822180003440, "正式名称": "山岸医院", "機関区分": 2, "都道府県コード": 18, "市区町村コード": 207, "所在地": "福井県鯖江市戸口町１５－１３－４", "緯度": 35.951672, "経度": 136.246264, "url": "https://www.iryou.teikyouseido.mhlw.go.jp/znk-web/juminkanja/S2430/initialize?prefCd=18&kikanCd=2180003440&kikanKbn=2", "url2": "https://www.yamagishi-sabae-clinic.com", "内容": "山岸医院【2:診療所】【診療科目:内科_呼吸器内科_循環器内科】福井県鯖江市戸口町１５－１３－４" }, "geometry": { "type": "Point", "coordinates": [ 136.246264, 35.951672 ] } },
{ "type": "Feature", "properties": { "ID": 1822180003450, "正式名称": "医療法人　野尻内科胃腸科医院", "機関区分": 2, "都道府県コード": 18, "市区町村コード": 207, "所在地": "福井県鯖江市鳥羽２－４－１６", "緯度": 35.98895, "経度": 136.188319, "url": "https://www.iryou.teikyouseido.mhlw.go.jp/znk-web/juminkanja/S2430/initialize?prefCd=18&kikanCd=2180003450&kikanKbn=2", "url2": null, "内容": "医療法人　野尻内科胃腸科医院【2:診療所】【診療科目:内科_胃腸内科_小児科】福井県鯖江市鳥羽２－４－１６" }, "geometry": { "type": "Point", "coordinates": [ 136.188319, 35.98895 ] } },
{ "type": "Feature", "properties": { "ID": 1822180003480, "正式名称": "馬場医院", "機関区分": 2, "都道府県コード": 18, "市区町村コード": 207, "所在地": "福井県鯖江市杉本町１６－１－３", "緯度": 35.982172, "経度": 136.169458, "url": "https://www.iryou.teikyouseido.mhlw.go.jp/znk-web/juminkanja/S2430/initialize?prefCd=18&kikanCd=2180003480&kikanKbn=2", "url2": null, "内容": "馬場医院【2:診療所】【診療科目:内科_消化器内科_小児科】福井県鯖江市杉本町１６－１－３" }, "geometry": { "type": "Point", "coordinates": [ 136.169458, 35.982172 ] } },
{ "type": "Feature", "properties": { "ID": 1822180003520, "正式名称": "斎藤医院", "機関区分": 2, "都道府県コード": 18, "市区町村コード": 207, "所在地": "福井県鯖江市本町３－１－２５", "緯度": 35.9472, "経度": 136.186069, "url": "https://www.iryou.teikyouseido.mhlw.go.jp/znk-web/juminkanja/S2430/initialize?prefCd=18&kikanCd=2180003520&kikanKbn=2", "url2": null, "内容": "斎藤医院【2:診療所】【診療科目:内科_胃腸内科_皮膚科】福井県鯖江市本町３－１－２５" }, "geometry": { "type": "Point", "coordinates": [ 136.186069, 35.9472 ] } },
{ "type": "Feature", "properties": { "ID": 1822180003530, "正式名称": "医療法人　柳沢医院", "機関区分": 2, "都道府県コード": 18, "市区町村コード": 207, "所在地": "福井県鯖江市三六町１－２－５０", "緯度": 35.968283, "経度": 136.178292, "url": "https://www.iryou.teikyouseido.mhlw.go.jp/znk-web/juminkanja/S2430/initialize?prefCd=18&kikanCd=2180003530&kikanKbn=2", "url2": "https://r.goope.jp/yanagisawaiin", "内容": "医療法人　柳沢医院【2:診療所】【診療科目:内科_小児科】福井県鯖江市三六町１－２－５０" }, "geometry": { "type": "Point", "coordinates": [ 136.178292, 35.968283 ] } },
{ "type": "Feature", "properties": { "ID": 1822180003540, "正式名称": "医療法人　産婦人科　鈴木クリニック", "機関区分": 2, "都道府県コード": 18, "市区町村コード": 207, "所在地": "福井県鯖江市東鯖江４－２－２３", "緯度": 35.948117, "経度": 136.197875, "url": "https://www.iryou.teikyouseido.mhlw.go.jp/znk-web/juminkanja/S2430/initialize?prefCd=18&kikanCd=2180003540&kikanKbn=2", "url2": "https://suzuki-clinic-sanfujinka.com/", "内容": "医療法人　産婦人科　鈴木クリニック【2:診療所】【診療科目:小児科_産婦人科】福井県鯖江市東鯖江４－２－２３" }, "geometry": { "type": "Point", "coordinates": [ 136.197875, 35.948117 ] } },
{ "type": "Feature", "properties": { "ID": 1822180003550, "正式名称": "高野医院", "機関区分": 2, "都道府県コード": 18, "市区町村コード": 207, "所在地": "福井県鯖江市河和田町２０－４－１", "緯度": 35.951228, "経度": 136.272847, "url": "https://www.iryou.teikyouseido.mhlw.go.jp/znk-web/juminkanja/S2430/initialize?prefCd=18&kikanCd=2180003550&kikanKbn=2", "url2": "https//takano-iin.com", "内容": "高野医院【2:診療所】【診療科目:内科_小児科_放射線科】福井県鯖江市河和田町２０－４－１" }, "geometry": { "type": "Point", "coordinates": [ 136.272847, 35.951228 ] } },
{ "type": "Feature", "properties": { "ID": 1822180003580, "正式名称": "木水医院", "機関区分": 2, "都道府県コード": 18, "市区町村コード": 207, "所在地": "福井県鯖江市旭町１－９－１", "緯度": 35.943605, "経度": 136.186803, "url": "https://www.iryou.teikyouseido.mhlw.go.jp/znk-web/juminkanja/S2430/initialize?prefCd=18&kikanCd=2180003580&kikanKbn=2", "url2": null, "内容": "木水医院【2:診療所】【診療科目:内科_呼吸器内科_循環器内科_消化器内科_放射線科】福井県鯖江市旭町１－９－１" }, "geometry": { "type": "Point", "coordinates": [ 136.186803, 35.943605 ] } },
{ "type": "Feature", "properties": { "ID": 1822180003590, "正式名称": "医療法人　佐々木医院", "機関区分": 2, "都道府県コード": 18, "市区町村コード": 209, "所在地": "福井県越前市粟田部町２９－３３", "緯度": 35.916561, "経度": 136.240875, "url": "https://www.iryou.teikyouseido.mhlw.go.jp/znk-web/juminkanja/S2430/initialize?prefCd=18&kikanCd=2180003590&kikanKbn=2", "url2": "www.sasakiiin.com/", "内容": "医療法人　佐々木医院【2:診療所】【診療科目:内科_呼吸器内科_循環器内科_消化器内科_小児科_リハビリテーション科_放射線科】福井県越前市粟田部町２９－３３" }, "geometry": { "type": "Point", "coordinates": [ 136.240875, 35.916561 ] } },
{ "type": "Feature", "properties": { "ID": 1822180003610, "正式名称": "林医院", "機関区分": 2, "都道府県コード": 18, "市区町村コード": 209, "所在地": "福井県越前市野岡町２１－３", "緯度": 35.924867, "経度": 136.248736, "url": "https://www.iryou.teikyouseido.mhlw.go.jp/znk-web/juminkanja/S2430/initialize?prefCd=18&kikanCd=2180003610&kikanKbn=2", "url2": null, "内容": "林医院【2:診療所】【診療科目:内科_小児科_皮膚科】福井県越前市野岡町２１－３" }, "geometry": { "type": "Point", "coordinates": [ 136.248736, 35.924867 ] } },
{ "type": "Feature", "properties": { "ID": 1822180003680, "正式名称": "医療法人秀英会　両林医院", "機関区分": 2, "都道府県コード": 18, "市区町村コード": 423, "所在地": "福井県丹生郡越前町新保１２－１５", "緯度": 35.950117, "経度": 135.986681, "url": "https://www.iryou.teikyouseido.mhlw.go.jp/znk-web/juminkanja/S2430/initialize?prefCd=18&kikanCd=2180003680&kikanKbn=2", "url2": null, "内容": "医療法人秀英会　両林医院【2:診療所】【診療科目:内科_胃腸内科_小児科_リハビリテーション科】福井県丹生郡越前町新保１２－１５" }, "geometry": { "type": "Point", "coordinates": [ 135.986681, 35.950117 ] } },
{ "type": "Feature", "properties": { "ID": 1822180003700, "正式名称": "医療法人　橘医院", "機関区分": 2, "都道府県コード": 18, "市区町村コード": 423, "所在地": "福井県丹生郡越前町織田１０１－２０", "緯度": 35.9602, "経度": 136.051875, "url": "https://www.iryou.teikyouseido.mhlw.go.jp/znk-web/juminkanja/S2430/initialize?prefCd=18&kikanCd=2180003700&kikanKbn=2", "url2": "http://www.yt-tachibana.jp/", "内容": "医療法人　橘医院【2:診療所】【診療科目:内科_消化器内科】福井県丹生郡越前町織田１０１－２０" }, "geometry": { "type": "Point", "coordinates": [ 136.051875, 35.9602 ] } },
{ "type": "Feature", "properties": { "ID": 1822180003710, "正式名称": "清水南　医院", "機関区分": 2, "都道府県コード": 18, "市区町村コード": 201, "所在地": "福井県福井市真栗町３８―３", "緯度": 36.007978, "経度": 136.150042, "url": "https://www.iryou.teikyouseido.mhlw.go.jp/znk-web/juminkanja/S2430/initialize?prefCd=18&kikanCd=2180003710&kikanKbn=2", "url2": null, "内容": "清水南　医院【2:診療所】【診療科目:内科_消化器内科_外科_小児科】福井県福井市真栗町３８―３" }, "geometry": { "type": "Point", "coordinates": [ 136.150042, 36.007978 ] } },
{ "type": "Feature", "properties": { "ID": 1822180003720, "正式名称": "清水診療所", "機関区分": 2, "都道府県コード": 18, "市区町村コード": 201, "所在地": "福井県福井市大森町３８－０３", "緯度": 36.023922, "経度": 136.123014, "url": "https://www.iryou.teikyouseido.mhlw.go.jp/znk-web/juminkanja/S2430/initialize?prefCd=18&kikanCd=2180003720&kikanKbn=2", "url2": null, "内容": "清水診療所【2:診療所】【診療科目:内科_外科_小児科】福井県福井市大森町３８－０３" }, "geometry": { "type": "Point", "coordinates": [ 136.123014, 36.023922 ] } },
{ "type": "Feature", "properties": { "ID": 1822180003760, "正式名称": "医療法人　今野内科", "機関区分": 2, "都道府県コード": 18, "市区町村コード": 207, "所在地": "福井県鯖江市幸町１－２－１２", "緯度": 35.974006, "経度": 136.181181, "url": "https://www.iryou.teikyouseido.mhlw.go.jp/znk-web/juminkanja/S2430/initialize?prefCd=18&kikanCd=2180003760&kikanKbn=2", "url2": null, "内容": "医療法人　今野内科【2:診療所】【診療科目:内科_循環器内科】福井県鯖江市幸町１－２－１２" }, "geometry": { "type": "Point", "coordinates": [ 136.181181, 35.974006 ] } },
{ "type": "Feature", "properties": { "ID": 1822180003770, "正式名称": "医療法人　カマカズ医院", "機関区分": 2, "都道府県コード": 18, "市区町村コード": 207, "所在地": "福井県鯖江市日の出町５－４", "緯度": 35.942922, "経度": 136.186792, "url": "https://www.iryou.teikyouseido.mhlw.go.jp/znk-web/juminkanja/S2430/initialize?prefCd=18&kikanCd=2180003770&kikanKbn=2", "url2": "https://kamakazu-cl.jp/", "内容": "医療法人　カマカズ医院【2:診療所】【診療科目:小児科_耳鼻いんこう科_アレルギー科】福井県鯖江市日の出町５－４" }, "geometry": { "type": "Point", "coordinates": [ 136.186792, 35.942922 ] } },
{ "type": "Feature", "properties": { "ID": 1822180003780, "正式名称": "土屋医院", "機関区分": 2, "都道府県コード": 18, "市区町村コード": 207, "所在地": "福井県鯖江市旭町３－６－２", "緯度": 35.946561, "経度": 136.186653, "url": "https://www.iryou.teikyouseido.mhlw.go.jp/znk-web/juminkanja/S2430/initialize?prefCd=18&kikanCd=2180003780&kikanKbn=2", "url2": "https://sabae-tsuchiya-clinic.jp/", "内容": "土屋医院【2:診療所】【診療科目:内科_呼吸器内科_循環器内科】福井県鯖江市旭町３－６－２" }, "geometry": { "type": "Point", "coordinates": [ 136.186653, 35.946561 ] } },
{ "type": "Feature", "properties": { "ID": 1822180003800, "正式名称": "加藤産婦人科", "機関区分": 2, "都道府県コード": 18, "市区町村コード": 207, "所在地": "福井県鯖江市水落町１－４－２１", "緯度": 35.961978, "経度": 136.181931, "url": "https://www.iryou.teikyouseido.mhlw.go.jp/znk-web/juminkanja/S2430/initialize?prefCd=18&kikanCd=2180003800&kikanKbn=2", "url2": null, "内容": "加藤産婦人科【2:診療所】【診療科目:内科_小児科_産婦人科】福井県鯖江市水落町１－４－２１" }, "geometry": { "type": "Point", "coordinates": [ 136.181931, 35.961978 ] } },
{ "type": "Feature", "properties": { "ID": 1822180003830, "正式名称": "鯖江清水耳鼻咽喉科医院", "機関区分": 2, "都道府県コード": 18, "市区町村コード": 207, "所在地": "福井県鯖江市本町４－１－２８", "緯度": 35.948533, "経度": 136.185958, "url": "https://www.iryou.teikyouseido.mhlw.go.jp/znk-web/juminkanja/S2430/initialize?prefCd=18&kikanCd=2180003830&kikanKbn=2", "url2": "http://shimizu-med.jp", "内容": "鯖江清水耳鼻咽喉科医院【2:診療所】【診療科目:耳鼻いんこう科_アレルギー科】福井県鯖江市本町４－１－２８" }, "geometry": { "type": "Point", "coordinates": [ 136.185958, 35.948533 ] } },
{ "type": "Feature", "properties": { "ID": 1822180003850, "正式名称": "藤田医院", "機関区分": 2, "都道府県コード": 18, "市区町村コード": 423, "所在地": "福井県丹生郡越前町西田中１６－１", "緯度": 35.975725, "経度": 136.130981, "url": "https://www.iryou.teikyouseido.mhlw.go.jp/znk-web/juminkanja/S2430/initialize?prefCd=18&kikanCd=2180003850&kikanKbn=2", "url2": null, "内容": "藤田医院【2:診療所】【診療科目:内科_消化器内科_外科】福井県丹生郡越前町西田中１６－１" }, "geometry": { "type": "Point", "coordinates": [ 136.130981, 35.975725 ] } },
{ "type": "Feature", "properties": { "ID": 1822180003870, "正式名称": "医療法人　隆仁会　嶋田整形外科医院", "機関区分": 2, "都道府県コード": 18, "市区町村コード": 207, "所在地": "福井県鯖江市五郎丸町２５３", "緯度": 35.93345, "経度": 136.190736, "url": "https://www.iryou.teikyouseido.mhlw.go.jp/znk-web/juminkanja/S2430/initialize?prefCd=18&kikanCd=2180003870&kikanKbn=2", "url2": null, "内容": "医療法人　隆仁会　嶋田整形外科医院【2:診療所】【診療科目:整形外科_リウマチ科_リハビリテーション科】福井県鯖江市五郎丸町２５３" }, "geometry": { "type": "Point", "coordinates": [ 136.190736, 35.93345 ] } },
{ "type": "Feature", "properties": { "ID": 1822180003890, "正式名称": "たかはし医院", "機関区分": 2, "都道府県コード": 18, "市区町村コード": 207, "所在地": "福井県鯖江市小黒町３－１１－２８", "緯度": 35.956478, "経度": 136.173986, "url": "https://www.iryou.teikyouseido.mhlw.go.jp/znk-web/juminkanja/S2430/initialize?prefCd=18&kikanCd=2180003890&kikanKbn=2", "url2": "https://takahashin.com/", "内容": "たかはし医院【2:診療所】【診療科目:内科_小児科_産婦人科_眼科】福井県鯖江市小黒町３－１１－２８" }, "geometry": { "type": "Point", "coordinates": [ 136.173986, 35.956478 ] } },
{ "type": "Feature", "properties": { "ID": 1822180003910, "正式名称": "医療法人　幸道眼科", "機関区分": 2, "都道府県コード": 18, "市区町村コード": 207, "所在地": "福井県鯖江市幸町１－４－８", "緯度": 35.974811, "経度": 136.181097, "url": "https://www.iryou.teikyouseido.mhlw.go.jp/znk-web/juminkanja/S2430/initialize?prefCd=18&kikanCd=2180003910&kikanKbn=2", "url2": "https://www.koudou-ganka.jp/", "内容": "医療法人　幸道眼科【2:診療所】【診療科目:眼科】福井県鯖江市幸町１－４－８" }, "geometry": { "type": "Point", "coordinates": [ 136.181097, 35.974811 ] } },
{ "type": "Feature", "properties": { "ID": 1822180003940, "正式名称": "きむら内科医院", "機関区分": 2, "都道府県コード": 18, "市区町村コード": 207, "所在地": "福井県鯖江市中野町２５７－３－７", "緯度": 35.948172, "経度": 136.220681, "url": "https://www.iryou.teikyouseido.mhlw.go.jp/znk-web/juminkanja/S2430/initialize?prefCd=18&kikanCd=2180003940&kikanKbn=2", "url2": "https://kimura-naika.net", "内容": "きむら内科医院【2:診療所】【診療科目:内科_脳神経内科_呼吸器内科_循環器内科_胃腸内科_小児科】福井県鯖江市中野町２５７－３－７" }, "geometry": { "type": "Point", "coordinates": [ 136.220681, 35.948172 ] } },
{ "type": "Feature", "properties": { "ID": 1822180003990, "正式名称": "関医院", "機関区分": 2, "都道府県コード": 18, "市区町村コード": 209, "所在地": "福井県越前市京町３－１－３３", "緯度": 35.904311, "経度": 136.164014, "url": "https://www.iryou.teikyouseido.mhlw.go.jp/znk-web/juminkanja/S2430/initialize?prefCd=18&kikanCd=2180003990&kikanKbn=2", "url2": null, "内容": "関医院【2:診療所】【診療科目:内科_胃腸内科_外科_皮膚科_泌尿器科】福井県越前市京町３－１－３３" }, "geometry": { "type": "Point", "coordinates": [ 136.164014, 35.904311 ] } },
{ "type": "Feature", "properties": { "ID": 1822180004050, "正式名称": "土川整形外科医院", "機関区分": 2, "都道府県コード": 18, "市区町村コード": 209, "所在地": "福井県越前市常久町８－１", "緯度": 35.888533, "経度": 136.163347, "url": "https://www.iryou.teikyouseido.mhlw.go.jp/znk-web/juminkanja/S2430/initialize?prefCd=18&kikanCd=2180004050&kikanKbn=2", "url2": "tsuchikawa-orthopedics-clinic-takefu.jp", "内容": "土川整形外科医院【2:診療所】【診療科目:内科_外科_整形外科_リウマチ科_リハビリテーション科】福井県越前市常久町８－１" }, "geometry": { "type": "Point", "coordinates": [ 136.163347, 35.888533 ] } },
{ "type": "Feature", "properties": { "ID": 1822180004060, "正式名称": "野尻医院", "機関区分": 2, "都道府県コード": 18, "市区町村コード": 209, "所在地": "福井県越前市平出１－１２－３７", "緯度": 35.909089, "経度": 136.159708, "url": "https://www.iryou.teikyouseido.mhlw.go.jp/znk-web/juminkanja/S2430/initialize?prefCd=18&kikanCd=2180004060&kikanKbn=2", "url2": "http://www.nojiri-iin.jp/", "内容": "野尻医院【2:診療所】【診療科目:内科_小児科】福井県越前市平出１－１２－３７" }, "geometry": { "type": "Point", "coordinates": [ 136.159708, 35.909089 ] } },
{ "type": "Feature", "properties": { "ID": 1822180004090, "正式名称": "加藤医院", "機関区分": 2, "都道府県コード": 18, "市区町村コード": 209, "所在地": "福井県越前市北町３０－４", "緯度": 35.910144, "経度": 136.206319, "url": "https://www.iryou.teikyouseido.mhlw.go.jp/znk-web/juminkanja/S2430/initialize?prefCd=18&kikanCd=2180004090&kikanKbn=2", "url2": null, "内容": "加藤医院【2:診療所】【診療科目:内科_胃腸内科_外科_皮膚科】福井県越前市北町３０－４" }, "geometry": { "type": "Point", "coordinates": [ 136.206319, 35.910144 ] } },
{ "type": "Feature", "properties": { "ID": 1822180004100, "正式名称": "つきおか内科・内視鏡クリニック", "機関区分": 2, "都道府県コード": 18, "市区町村コード": 209, "所在地": "福井県越前市平出２−１３−２", "緯度": 35.910599, "経度": 136.161859, "url": "https://www.iryou.teikyouseido.mhlw.go.jp/znk-web/juminkanja/S2430/initialize?prefCd=18&kikanCd=2180004100&kikanKbn=2", "url2": "https://www.tsukioka-med.com", "内容": "つきおか内科・内視鏡クリニック【2:診療所】【診療科目:内科_消化器内科】福井県越前市平出２−１３−２" }, "geometry": { "type": "Point", "coordinates": [ 136.161859, 35.910599 ] } },
{ "type": "Feature", "properties": { "ID": 1822180004150, "正式名称": "奥村眼科医院", "機関区分": 2, "都道府県コード": 18, "市区町村コード": 209, "所在地": "福井県越前市天王町２－２２", "緯度": 35.900783, "経度": 136.167486, "url": "https://www.iryou.teikyouseido.mhlw.go.jp/znk-web/juminkanja/S2430/initialize?prefCd=18&kikanCd=2180004150&kikanKbn=2", "url2": "http://www.okumura-ganka.com", "内容": "奥村眼科医院【2:診療所】【診療科目:眼科】福井県越前市天王町２－２２" }, "geometry": { "type": "Point", "coordinates": [ 136.167486, 35.900783 ] } },
{ "type": "Feature", "properties": { "ID": 1822180004170, "正式名称": "堀川医院", "機関区分": 2, "都道府県コード": 18, "市区町村コード": 209, "所在地": "福井県越前市本多１－６－７", "緯度": 35.905394, "経度": 136.162319, "url": "https://www.iryou.teikyouseido.mhlw.go.jp/znk-web/juminkanja/S2430/initialize?prefCd=18&kikanCd=2180004170&kikanKbn=2", "url2": "http://horikawa33.com", "内容": "堀川医院【2:診療所】【診療科目:小児科_耳鼻いんこう科_アレルギー科】福井県越前市本多１－６－７" }, "geometry": { "type": "Point", "coordinates": [ 136.162319, 35.905394 ] } },
{ "type": "Feature", "properties": { "ID": 1822180004210, "正式名称": "医療法人　文生会　井元産婦人科医院", "機関区分": 2, "都道府県コード": 18, "市区町村コード": 209, "所在地": "福井県越前市堀川町６－２５", "緯度": 35.89845, "経度": 136.172264, "url": "https://www.iryou.teikyouseido.mhlw.go.jp/znk-web/juminkanja/S2430/initialize?prefCd=18&kikanCd=2180004210&kikanKbn=2", "url2": "http://www.imoto-sanfujinka.com", "内容": "医療法人　文生会　井元産婦人科医院【2:診療所】【診療科目:産婦人科】福井県越前市堀川町６－２５" }, "geometry": { "type": "Point", "coordinates": [ 136.172264, 35.89845 ] } },
{ "type": "Feature", "properties": { "ID": 1822180004230, "正式名称": "花岡医院", "機関区分": 2, "都道府県コード": 18, "市区町村コード": 404, "所在地": "福井県南条郡南越前町西大道１８－２２", "緯度": 35.834214, "経度": 136.192091, "url": "https://www.iryou.teikyouseido.mhlw.go.jp/znk-web/juminkanja/S2430/initialize?prefCd=18&kikanCd=2180004230&kikanKbn=2", "url2": null, "内容": "花岡医院【2:診療所】【診療科目:内科_呼吸器内科_循環器内科_消化器内科_神経内科_小児科_心療内科_放射線科】福井県南条郡南越前町西大道１８－２２" }, "geometry": { "type": "Point", "coordinates": [ 136.192091, 35.834214 ] } },
{ "type": "Feature", "properties": { "ID": 1822180004240, "正式名称": "南越前町国民健康保険　今庄診療所", "機関区分": 2, "都道府県コード": 18, "市区町村コード": 404, "所在地": "福井県南条郡南越前町今庄８４ー２４―１", "緯度": 35.772894, "経度": 136.200375, "url": "https://www.iryou.teikyouseido.mhlw.go.jp/znk-web/juminkanja/S2430/initialize?prefCd=18&kikanCd=2180004240&kikanKbn=2", "url2": null, "内容": "南越前町国民健康保険　今庄診療所【2:診療所】【診療科目:内科_脳神経内科_外科_整形外科_小児科】福井県南条郡南越前町今庄８４ー２４―１" }, "geometry": { "type": "Point", "coordinates": [ 136.200375, 35.772894 ] } },
{ "type": "Feature", "properties": { "ID": 1822180004280, "正式名称": "医療法人　斎藤医院", "機関区分": 2, "都道府県コード": 18, "市区町村コード": 209, "所在地": "福井県越前市北府３－５－１", "緯度": 35.91145, "経度": 136.164958, "url": "https://www.iryou.teikyouseido.mhlw.go.jp/znk-web/juminkanja/S2430/initialize?prefCd=18&kikanCd=2180004280&kikanKbn=2", "url2": null, "内容": "医療法人　斎藤医院【2:診療所】【診療科目:内科_歯科_小児歯科_リハビリテーション科】福井県越前市北府３－５－１" }, "geometry": { "type": "Point", "coordinates": [ 136.164958, 35.91145 ] } },
{ "type": "Feature", "properties": { "ID": 1822180004290, "正式名称": "はしもと小児科クリニック", "機関区分": 2, "都道府県コード": 18, "市区町村コード": 209, "所在地": "福井県越前市帆山町１０－５－１", "緯度": 35.896117, "経度": 136.176514, "url": "https://www.iryou.teikyouseido.mhlw.go.jp/znk-web/juminkanja/S2430/initialize?prefCd=18&kikanCd=2180004290&kikanKbn=2", "url2": "https://www.hashimotoshonika.com/", "内容": "はしもと小児科クリニック【2:診療所】【診療科目:小児科】福井県越前市帆山町１０－５－１" }, "geometry": { "type": "Point", "coordinates": [ 136.176514, 35.896117 ] } },
{ "type": "Feature", "properties": { "ID": 1822180004310, "正式名称": "医療法人　加藤医院", "機関区分": 2, "都道府県コード": 18, "市区町村コード": 404, "所在地": "福井県南条郡南越前町東大道２５－２７", "緯度": 35.836694, "経度": 136.192041, "url": "https://www.iryou.teikyouseido.mhlw.go.jp/znk-web/juminkanja/S2430/initialize?prefCd=18&kikanCd=2180004310&kikanKbn=2", "url2": null, "内容": "医療法人　加藤医院【2:診療所】【診療科目:内科_外科_整形外科_小児科_リハビリテーション科】福井県南条郡南越前町東大道２５－２７" }, "geometry": { "type": "Point", "coordinates": [ 136.192041, 35.836694 ] } },
{ "type": "Feature", "properties": { "ID": 1822180004320, "正式名称": "医療法人　福田胃腸科外科", "機関区分": 2, "都道府県コード": 18, "市区町村コード": 209, "所在地": "福井県越前市高瀬１－３３－８", "緯度": 35.893561, "経度": 136.156847, "url": "https://www.iryou.teikyouseido.mhlw.go.jp/znk-web/juminkanja/S2430/initialize?prefCd=18&kikanCd=2180004320&kikanKbn=2", "url2": "http://clinic-fukuda.net/", "内容": "医療法人　福田胃腸科外科【2:診療所】【診療科目:内科_胃腸内科_外科_肛門外科_整形外科】福井県越前市高瀬１－３３－８" }, "geometry": { "type": "Point", "coordinates": [ 136.156847, 35.893561 ] } },
{ "type": "Feature", "properties": { "ID": 1822180004330, "正式名称": "山本内科医院", "機関区分": 2, "都道府県コード": 18, "市区町村コード": 404, "所在地": "福井県南条郡南越前町東大道３２－１", "緯度": 35.8337, "経度": 136.194319, "url": "https://www.iryou.teikyouseido.mhlw.go.jp/znk-web/juminkanja/S2430/initialize?prefCd=18&kikanCd=2180004330&kikanKbn=2", "url2": "www.yamamoto-naikaiin.com/", "内容": "山本内科医院【2:診療所】【診療科目:内科_呼吸器内科_循環器内科_小児科】福井県南条郡南越前町東大道３２－１" }, "geometry": { "type": "Point", "coordinates": [ 136.194319, 35.8337 ] } },
{ "type": "Feature", "properties": { "ID": 1822180004350, "正式名称": "東武内科外科クリニック", "機関区分": 2, "都道府県コード": 18, "市区町村コード": 209, "所在地": "福井県越前市横市町６－３", "緯度": 35.909561, "経度": 136.192375, "url": "https://www.iryou.teikyouseido.mhlw.go.jp/znk-web/juminkanja/S2430/initialize?prefCd=18&kikanCd=2180004350&kikanKbn=2", "url2": "http://www.toubu-naikageka.com/", "内容": "東武内科外科クリニック【2:診療所】【診療科目:内科_循環器内科_胃腸内科_外科_肛門外科_整形外科_小児科_皮膚泌尿器科】福井県越前市横市町６－３" }, "geometry": { "type": "Point", "coordinates": [ 136.192375, 35.909561 ] } },
{ "type": "Feature", "properties": { "ID": 1822180004370, "正式名称": "吉田皮膚科医院", "機関区分": 2, "都道府県コード": 18, "市区町村コード": 209, "所在地": "福井県越前市姫川２－３－３", "緯度": 35.897089, "経度": 136.171292, "url": "https://www.iryou.teikyouseido.mhlw.go.jp/znk-web/juminkanja/S2430/initialize?prefCd=18&kikanCd=2180004370&kikanKbn=2", "url2": null, "内容": "吉田皮膚科医院【2:診療所】【診療科目:皮膚科】福井県越前市姫川２－３－３" }, "geometry": { "type": "Point", "coordinates": [ 136.171292, 35.897089 ] } },
{ "type": "Feature", "properties": { "ID": 1822180004380, "正式名称": "しみずクリニック", "機関区分": 2, "都道府県コード": 18, "市区町村コード": 209, "所在地": "福井県越前市国高１－３－１２", "緯度": 35.909283, "経度": 136.186292, "url": "https://www.iryou.teikyouseido.mhlw.go.jp/znk-web/juminkanja/S2430/initialize?prefCd=18&kikanCd=2180004380&kikanKbn=2", "url2": null, "内容": "しみずクリニック【2:診療所】【診療科目:内科_外科_整形外科_小児科_皮膚科】福井県越前市国高１－３－１２" }, "geometry": { "type": "Point", "coordinates": [ 136.186292, 35.909283 ] } },
{ "type": "Feature", "properties": { "ID": 1822180004390, "正式名称": "南越前町河野診療所", "機関区分": 2, "都道府県コード": 18, "市区町村コード": 404, "所在地": "福井県南条郡南越前町甲楽城７号３１番地１", "緯度": 35.843672, "経度": 136.045875, "url": "https://www.iryou.teikyouseido.mhlw.go.jp/znk-web/juminkanja/S2430/initialize?prefCd=18&kikanCd=2180004390&kikanKbn=2", "url2": "https://www.town.minamiechizen.lg.jp/sisetu/3004/p003954.html", "内容": "南越前町河野診療所【2:診療所】【診療科目:内科_整形外科】福井県南条郡南越前町甲楽城７号３１番地１" }, "geometry": { "type": "Point", "coordinates": [ 136.045875, 35.843672 ] } },
{ "type": "Feature", "properties": { "ID": 1822180004400, "正式名称": "平井眼科内科クリニック", "機関区分": 2, "都道府県コード": 18, "市区町村コード": 209, "所在地": "福井県越前市芝原４－１０－２８", "緯度": 35.919867, "経度": 136.160958, "url": "https://www.iryou.teikyouseido.mhlw.go.jp/znk-web/juminkanja/S2430/initialize?prefCd=18&kikanCd=2180004400&kikanKbn=2", "url2": null, "内容": "平井眼科内科クリニック【2:診療所】【診療科目:内科_呼吸器内科_循環器内科_消化器内科_眼科】福井県越前市芝原４－１０－２８" }, "geometry": { "type": "Point", "coordinates": [ 136.160958, 35.919867 ] } },
{ "type": "Feature", "properties": { "ID": 1822180004420, "正式名称": "医療法人　ありが医院", "機関区分": 2, "都道府県コード": 18, "市区町村コード": 404, "所在地": "福井県南条郡南越前町湯尾第０号１９番地１", "緯度": 35.802228, "経度": 136.193792, "url": "https://www.iryou.teikyouseido.mhlw.go.jp/znk-web/juminkanja/S2430/initialize?prefCd=18&kikanCd=2180004420&kikanKbn=2", "url2": null, "内容": "医療法人　ありが医院【2:診療所】【診療科目:内科_胃腸内科_外科_肛門外科_小児科】福井県南条郡南越前町湯尾第０号１９番地１" }, "geometry": { "type": "Point", "coordinates": [ 136.193792, 35.802228 ] } },
{ "type": "Feature", "properties": { "ID": 1822180004430, "正式名称": "医療法人　中村医院", "機関区分": 2, "都道府県コード": 18, "市区町村コード": 202, "所在地": "福井県敦賀市相生町１２－１５", "緯度": 35.655478, "経度": 136.068319, "url": "https://www.iryou.teikyouseido.mhlw.go.jp/znk-web/juminkanja/S2430/initialize?prefCd=18&kikanCd=2180004430&kikanKbn=2", "url2": null, "内容": "医療法人　中村医院【2:診療所】【診療科目:内科_小児科】福井県敦賀市相生町１２－１５" }, "geometry": { "type": "Point", "coordinates": [ 136.068319, 35.655478 ] } },
{ "type": "Feature", "properties": { "ID": 1822180004490, "正式名称": "医療法人耳鼻咽喉科　加藤医院", "機関区分": 2, "都道府県コード": 18, "市区町村コード": 202, "所在地": "福井県敦賀市三島町１－１１－４", "緯度": 35.650922, "経度": 136.063542, "url": "https://www.iryou.teikyouseido.mhlw.go.jp/znk-web/juminkanja/S2430/initialize?prefCd=18&kikanCd=2180004490&kikanKbn=2", "url2": null, "内容": "医療法人耳鼻咽喉科　加藤医院【2:診療所】【診療科目:耳鼻いんこう科】福井県敦賀市三島町１－１１－４" }, "geometry": { "type": "Point", "coordinates": [ 136.063542, 35.650922 ] } },
{ "type": "Feature", "properties": { "ID": 1822180004530, "正式名称": "萩の実ストレスケアクリニック", "機関区分": 2, "都道府県コード": 18, "市区町村コード": 202, "所在地": "福井県敦賀市清水町２丁目１１番１６号", "緯度": 35.655867, "経度": 136.074319, "url": "https://www.iryou.teikyouseido.mhlw.go.jp/znk-web/juminkanja/S2430/initialize?prefCd=18&kikanCd=2180004530&kikanKbn=2", "url2": "http://reinan.jp", "内容": "萩の実ストレスケアクリニック【2:診療所】【診療科目:内科_精神科_心療内科】福井県敦賀市清水町２丁目１１番１６号" }, "geometry": { "type": "Point", "coordinates": [ 136.074319, 35.655867 ] } },
{ "type": "Feature", "properties": { "ID": 1822180004550, "正式名称": "敦賀市国民健康保険疋田診療所", "機関区分": 2, "都道府県コード": 18, "市区町村コード": 202, "所在地": "福井県敦賀市疋田１１－９－１", "緯度": 35.602894, "経度": 136.098681, "url": "https://www.iryou.teikyouseido.mhlw.go.jp/znk-web/juminkanja/S2430/initialize?prefCd=18&kikanCd=2180004550&kikanKbn=2", "url2": null, "内容": "敦賀市国民健康保険疋田診療所【2:診療所】【診療科目:内科】福井県敦賀市疋田１１－９－１" }, "geometry": { "type": "Point", "coordinates": [ 136.098681, 35.602894 ] } },
{ "type": "Feature", "properties": { "ID": 1822180004570, "正式名称": "敦賀市国民健康保険東浦診療所", "機関区分": 2, "都道府県コード": 18, "市区町村コード": 202, "所在地": "福井県敦賀市大比田３４号１６番地の１", "緯度": 35.744311, "経度": 136.100153, "url": "https://www.iryou.teikyouseido.mhlw.go.jp/znk-web/juminkanja/S2430/initialize?prefCd=18&kikanCd=2180004570&kikanKbn=2", "url2": null, "内容": "敦賀市国民健康保険東浦診療所【2:診療所】【診療科目:内科】福井県敦賀市大比田３４号１６番地の１" }, "geometry": { "type": "Point", "coordinates": [ 136.100153, 35.744311 ] } },
{ "type": "Feature", "properties": { "ID": 1822180004620, "正式名称": "医療法人　福辻耳鼻咽喉科医院", "機関区分": 2, "都道府県コード": 18, "市区町村コード": 202, "所在地": "福井県敦賀市津内町２－８－２２", "緯度": 35.649589, "経度": 136.069625, "url": "https://www.iryou.teikyouseido.mhlw.go.jp/znk-web/juminkanja/S2430/initialize?prefCd=18&kikanCd=2180004620&kikanKbn=2", "url2": null, "内容": "医療法人　福辻耳鼻咽喉科医院【2:診療所】【診療科目:耳鼻いんこう科】福井県敦賀市津内町２－８－２２" }, "geometry": { "type": "Point", "coordinates": [ 136.069625, 35.649589 ] } },
{ "type": "Feature", "properties": { "ID": 1822180004660, "正式名称": "医療法人　よしの眼科", "機関区分": 2, "都道府県コード": 18, "市区町村コード": 202, "所在地": "福井県敦賀市三島町１丁目１３番７号", "緯度": 35.652089, "経度": 136.063236, "url": "https://www.iryou.teikyouseido.mhlw.go.jp/znk-web/juminkanja/S2430/initialize?prefCd=18&kikanCd=2180004660&kikanKbn=2", "url2": null, "内容": "医療法人　よしの眼科【2:診療所】【診療科目:眼科】福井県敦賀市三島町１丁目１３番７号" }, "geometry": { "type": "Point", "coordinates": [ 136.063236, 35.652089 ] } },
{ "type": "Feature", "properties": { "ID": 1822180004670, "正式名称": "敦賀市国民健康保険疋田診療所葉原出張所", "機関区分": 2, "都道府県コード": 18, "市区町村コード": 202, "所在地": "福井県敦賀市葉原９８－２１－１８", "緯度": 35.690839, "経度": 136.118486, "url": "https://www.iryou.teikyouseido.mhlw.go.jp/znk-web/juminkanja/S2430/initialize?prefCd=18&kikanCd=2180004670&kikanKbn=2", "url2": null, "内容": "敦賀市国民健康保険疋田診療所葉原出張所【2:診療所】【診療科目:内科】福井県敦賀市葉原９８－２１－１８" }, "geometry": { "type": "Point", "coordinates": [ 136.118486, 35.690839 ] } },
{ "type": "Feature", "properties": { "ID": 1822180004680, "正式名称": "敦賀市国民健康保険疋田診療所杉箸出張所", "機関区分": 2, "都道府県コード": 18, "市区町村コード": 202, "所在地": "福井県敦賀市杉箸１０９－１７", "緯度": 35.61395, "経度": 136.144125, "url": "https://www.iryou.teikyouseido.mhlw.go.jp/znk-web/juminkanja/S2430/initialize?prefCd=18&kikanCd=2180004680&kikanKbn=2", "url2": null, "内容": "敦賀市国民健康保険疋田診療所杉箸出張所【2:診療所】【診療科目:内科】福井県敦賀市杉箸１０９－１７" }, "geometry": { "type": "Point", "coordinates": [ 136.144125, 35.61395 ] } },
{ "type": "Feature", "properties": { "ID": 1822180004690, "正式名称": "医療法人関根医院", "機関区分": 2, "都道府県コード": 18, "市区町村コード": 501, "所在地": "福井県三方上中郡若狭町北前川４８－１５", "緯度": 35.549117, "経度": 135.911986, "url": "https://www.iryou.teikyouseido.mhlw.go.jp/znk-web/juminkanja/S2430/initialize?prefCd=18&kikanCd=2180004690&kikanKbn=2", "url2": "https://sekineiin.jp", "内容": "医療法人関根医院【2:診療所】【診療科目:内科_消化器内科_外科_肛門外科_整形外科_小児科】福井県三方上中郡若狭町北前川４８－１５" }, "geometry": { "type": "Point", "coordinates": [ 135.911986, 35.549117 ] } },
{ "type": "Feature", "properties": { "ID": 1822180004710, "正式名称": "加藤医院", "機関区分": 2, "都道府県コード": 18, "市区町村コード": 501, "所在地": "福井県三方上中郡若狭町鳥浜２５－７５", "緯度": 35.55495, "経度": 135.907764, "url": "https://www.iryou.teikyouseido.mhlw.go.jp/znk-web/juminkanja/S2430/initialize?prefCd=18&kikanCd=2180004710&kikanKbn=2", "url2": "https://fukui-kato-iin.com/", "内容": "加藤医院【2:診療所】【診療科目:内科_消化器内科】福井県三方上中郡若狭町鳥浜２５－７５" }, "geometry": { "type": "Point", "coordinates": [ 135.907764, 35.55495 ] } },
{ "type": "Feature", "properties": { "ID": 1822180004730, "正式名称": "若狭町国民健康保険　三方診療所", "機関区分": 2, "都道府県コード": 18, "市区町村コード": 501, "所在地": "福井県三方上中郡若狭町横渡第１－４－１", "緯度": 35.509922, "経度": 135.902653, "url": "https://www.iryou.teikyouseido.mhlw.go.jp/znk-web/juminkanja/S2430/initialize?prefCd=18&kikanCd=2180004730&kikanKbn=2", "url2": "http://www.town.fukui-wakasa.lg.jp/", "内容": "若狭町国民健康保険　三方診療所【2:診療所】【診療科目:内科_外科_小児科_歯科】福井県三方上中郡若狭町横渡第１－４－１" }, "geometry": { "type": "Point", "coordinates": [ 135.902653, 35.509922 ] } },
{ "type": "Feature", "properties": { "ID": 1822180004760, "正式名称": "医療法人宇野耳鼻咽喉科医院", "機関区分": 2, "都道府県コード": 18, "市区町村コード": 202, "所在地": "福井県敦賀市清水町２丁目１７－１", "緯度": 35.649894, "経度": 136.074514, "url": "https://www.iryou.teikyouseido.mhlw.go.jp/znk-web/juminkanja/S2430/initialize?prefCd=18&kikanCd=2180004760&kikanKbn=2", "url2": "http://uno-iin.igaku-gakkai.jp/", "内容": "医療法人宇野耳鼻咽喉科医院【2:診療所】【診療科目:耳鼻いんこう科_アレルギー科】福井県敦賀市清水町２丁目１７－１" }, "geometry": { "type": "Point", "coordinates": [ 136.074514, 35.649894 ] } },
{ "type": "Feature", "properties": { "ID": 1822180004780, "正式名称": "美浜町丹生診療所", "機関区分": 2, "都道府県コード": 18, "市区町村コード": 442, "所在地": "福井県三方郡美浜町丹生３７－２５－１", "緯度": 35.712339, "経度": 135.971653, "url": "https://www.iryou.teikyouseido.mhlw.go.jp/znk-web/juminkanja/S2430/initialize?prefCd=18&kikanCd=2180004780&kikanKbn=2", "url2": null, "内容": "美浜町丹生診療所【2:診療所】【診療科目:内科】福井県三方郡美浜町丹生３７－２５－１" }, "geometry": { "type": "Point", "coordinates": [ 135.971653, 35.712339 ] } },
{ "type": "Feature", "properties": { "ID": 1822180004810, "正式名称": "敦賀市休日急患センター", "機関区分": 2, "都道府県コード": 18, "市区町村コード": 202, "所在地": "福井県敦賀市中央町２丁目１６番５２号", "緯度": 35.642533, "経度": 136.053486, "url": "https://www.iryou.teikyouseido.mhlw.go.jp/znk-web/juminkanja/S2430/initialize?prefCd=18&kikanCd=2180004810&kikanKbn=2", "url2": "https://www.city.tsuruga.lg.jp/life/5/18/85/", "内容": "敦賀市休日急患センター【2:診療所】【診療科目:内科_小児科_歯科】福井県敦賀市中央町２丁目１６番５２号" }, "geometry": { "type": "Point", "coordinates": [ 136.053486, 35.642533 ] } },
{ "type": "Feature", "properties": { "ID": 1822180004820, "正式名称": "医療法人　松田マタニティクリニック", "機関区分": 2, "都道府県コード": 18, "市区町村コード": 202, "所在地": "福井県敦賀市平和町７－３", "緯度": 35.646589, "経度": 136.051181, "url": "https://www.iryou.teikyouseido.mhlw.go.jp/znk-web/juminkanja/S2430/initialize?prefCd=18&kikanCd=2180004820&kikanKbn=2", "url2": null, "内容": "医療法人　松田マタニティクリニック【2:診療所】【診療科目:産婦人科】福井県敦賀市平和町７－３" }, "geometry": { "type": "Point", "coordinates": [ 136.051181, 35.646589 ] } },
{ "type": "Feature", "properties": { "ID": 1822180004850, "正式名称": "美浜町東部診療所", "機関区分": 2, "都道府県コード": 18, "市区町村コード": 442, "所在地": "福井県三方郡美浜町山上１－８－１", "緯度": 35.627228, "経度": 135.982847, "url": "https://www.iryou.teikyouseido.mhlw.go.jp/znk-web/juminkanja/S2430/initialize?prefCd=18&kikanCd=2180004850&kikanKbn=2", "url2": null, "内容": "美浜町東部診療所【2:診療所】【診療科目:内科】福井県三方郡美浜町山上１－８－１" }, "geometry": { "type": "Point", "coordinates": [ 135.982847, 35.627228 ] } },
{ "type": "Feature", "properties": { "ID": 1822180004910, "正式名称": "医療法人　くまがい内科クリニック", "機関区分": 2, "都道府県コード": 18, "市区町村コード": 202, "所在地": "福井県敦賀市中央町１丁目１７－２４", "緯度": 35.644172, "経度": 136.056736, "url": "https://www.iryou.teikyouseido.mhlw.go.jp/znk-web/juminkanja/S2430/initialize?prefCd=18&kikanCd=2180004910&kikanKbn=2", "url2": "https://kumagai-naika-clinic.jp", "内容": "医療法人　くまがい内科クリニック【2:診療所】【診療科目:内科_消化器内科】福井県敦賀市中央町１丁目１７－２４" }, "geometry": { "type": "Point", "coordinates": [ 136.056736, 35.644172 ] } },
{ "type": "Feature", "properties": { "ID": 1822180004930, "正式名称": "つるが生協診療所", "機関区分": 2, "都道府県コード": 18, "市区町村コード": 202, "所在地": "福井県敦賀市和久野１４－２２－１", "緯度": 35.625811, "経度": 136.057681, "url": "https://www.iryou.teikyouseido.mhlw.go.jp/znk-web/juminkanja/S2430/initialize?prefCd=18&kikanCd=2180004930&kikanKbn=2", "url2": "http://www.fukui-min-iren.com/Turuga/", "内容": "つるが生協診療所【2:診療所】【診療科目:内科】福井県敦賀市和久野１４－２２－１" }, "geometry": { "type": "Point", "coordinates": [ 136.057681, 35.625811 ] } },
{ "type": "Feature", "properties": { "ID": 1822180004940, "正式名称": "医療法人川上医院", "機関区分": 2, "都道府県コード": 18, "市区町村コード": 202, "所在地": "福井県敦賀市松原町１－３９", "緯度": 35.652006, "経度": 136.054931, "url": "https://www.iryou.teikyouseido.mhlw.go.jp/znk-web/juminkanja/S2430/initialize?prefCd=18&kikanCd=2180004940&kikanKbn=2", "url2": "http://kawakami--clinic.jp/", "内容": "医療法人川上医院【2:診療所】【診療科目:内科_糖尿病内科_脂質代謝内科_消化器内科】福井県敦賀市松原町１－３９" }, "geometry": { "type": "Point", "coordinates": [ 136.054931, 35.652006 ] } },
{ "type": "Feature", "properties": { "ID": 1822180004970, "正式名称": "医療法人　信幸会　はやし内科胃腸科医院", "機関区分": 2, "都道府県コード": 18, "市区町村コード": 202, "所在地": "福井県敦賀市金山７６－２－２", "緯度": 35.625672, "経度": 136.041569, "url": "https://www.iryou.teikyouseido.mhlw.go.jp/znk-web/juminkanja/S2430/initialize?prefCd=18&kikanCd=2180004970&kikanKbn=2", "url2": null, "内容": "医療法人　信幸会　はやし内科胃腸科医院【2:診療所】【診療科目:内科_胃腸内科】福井県敦賀市金山７６－２－２" }, "geometry": { "type": "Point", "coordinates": [ 136.041569, 35.625672 ] } },
{ "type": "Feature", "properties": { "ID": 1822180004990, "正式名称": "医療法人　さかい皮ふ科クリニック", "機関区分": 2, "都道府県コード": 18, "市区町村コード": 202, "所在地": "福井県敦賀市中央町２－１６－５", "緯度": 35.642644, "経度": 136.053792, "url": "https://www.iryou.teikyouseido.mhlw.go.jp/znk-web/juminkanja/S2430/initialize?prefCd=18&kikanCd=2180004990&kikanKbn=2", "url2": null, "内容": "医療法人　さかい皮ふ科クリニック【2:診療所】【診療科目:皮膚科】福井県敦賀市中央町２－１６－５" }, "geometry": { "type": "Point", "coordinates": [ 136.053792, 35.642644 ] } },
{ "type": "Feature", "properties": { "ID": 1822180005030, "正式名称": "みやがわクリニック", "機関区分": 2, "都道府県コード": 18, "市区町村コード": 202, "所在地": "福井県敦賀市野神４３－１－２", "緯度": 35.639394, "経度": 136.049903, "url": "https://www.iryou.teikyouseido.mhlw.go.jp/znk-web/juminkanja/S2430/initialize?prefCd=18&kikanCd=2180005030&kikanKbn=2", "url2": "https://www.miyagawaclinic.com/", "内容": "みやがわクリニック【2:診療所】【診療科目:小児科】福井県敦賀市野神４３－１－２" }, "geometry": { "type": "Point", "coordinates": [ 136.049903, 35.639394 ] } },
{ "type": "Feature", "properties": { "ID": 1822180005050, "正式名称": "関根クリニック", "機関区分": 2, "都道府県コード": 18, "市区町村コード": 442, "所在地": "福井県三方郡美浜町興道寺第８号３７番地", "緯度": 35.599033, "経度": 135.942042, "url": "https://www.iryou.teikyouseido.mhlw.go.jp/znk-web/juminkanja/S2430/initialize?prefCd=18&kikanCd=2180005050&kikanKbn=2", "url2": "https://park.paa.jp/park2/clinics/1214", "内容": "関根クリニック【2:診療所】【診療科目:内科_消化器内科_外科_アレルギー科_麻酔科】福井県三方郡美浜町興道寺第８号３７番地" }, "geometry": { "type": "Point", "coordinates": [ 135.942042, 35.599033 ] } },
{ "type": "Feature", "properties": { "ID": 1822180005060, "正式名称": "医療法人　幸仁会　いちはし整形外科", "機関区分": 2, "都道府県コード": 18, "市区町村コード": 202, "所在地": "福井県敦賀市櫛林９－９－６", "緯度": 35.626117, "経度": 136.047069, "url": "https://www.iryou.teikyouseido.mhlw.go.jp/znk-web/juminkanja/S2430/initialize?prefCd=18&kikanCd=2180005060&kikanKbn=2", "url2": "https://ichihashiseikeigeka.com", "内容": "医療法人　幸仁会　いちはし整形外科【2:診療所】【診療科目:整形外科_リハビリテーション科】福井県敦賀市櫛林９－９－６" }, "geometry": { "type": "Point", "coordinates": [ 136.047069, 35.626117 ] } },
{ "type": "Feature", "properties": { "ID": 1822180005080, "正式名称": "医療法人社団大真会　和久野医院", "機関区分": 2, "都道府県コード": 18, "市区町村コード": 202, "所在地": "福井県敦賀市和久野２９－１９", "緯度": 35.632117, "経度": 136.057014, "url": "https://www.iryou.teikyouseido.mhlw.go.jp/znk-web/juminkanja/S2430/initialize?prefCd=18&kikanCd=2180005080&kikanKbn=2", "url2": null, "内容": "医療法人社団大真会　和久野医院【2:診療所】【診療科目:内科_消化器内科_胃腸内科】福井県敦賀市和久野２９－１９" }, "geometry": { "type": "Point", "coordinates": [ 136.057014, 35.632117 ] } },
{ "type": "Feature", "properties": { "ID": 1822180005100, "正式名称": "小津外科医院", "機関区分": 2, "都道府県コード": 18, "市区町村コード": 204, "所在地": "福井県小浜市小浜日吉６９－１", "緯度": 35.494478, "経度": 135.738903, "url": "https://www.iryou.teikyouseido.mhlw.go.jp/znk-web/juminkanja/S2430/initialize?prefCd=18&kikanCd=2180005100&kikanKbn=2", "url2": null, "内容": "小津外科医院【2:診療所】【診療科目:内科_外科_整形外科】福井県小浜市小浜日吉６９－１" }, "geometry": { "type": "Point", "coordinates": [ 135.738903, 35.494478 ] } },
{ "type": "Feature", "properties": { "ID": 1822180005110, "正式名称": "古川医院", "機関区分": 2, "都道府県コード": 18, "市区町村コード": 204, "所在地": "福井県小浜市駅前町８－１６", "緯度": 35.493422, "経度": 135.745986, "url": "https://www.iryou.teikyouseido.mhlw.go.jp/znk-web/juminkanja/S2430/initialize?prefCd=18&kikanCd=2180005110&kikanKbn=2", "url2": null, "内容": "古川医院【2:診療所】【診療科目:皮膚科】福井県小浜市駅前町８－１６" }, "geometry": { "type": "Point", "coordinates": [ 135.745986, 35.493422 ] } },
{ "type": "Feature", "properties": { "ID": 1822180005160, "正式名称": "医療法人　木村医院", "機関区分": 2, "都道府県コード": 18, "市区町村コード": 204, "所在地": "福井県小浜市四谷町４－３０", "緯度": 35.495644, "経度": 135.749236, "url": "https://www.iryou.teikyouseido.mhlw.go.jp/znk-web/juminkanja/S2430/initialize?prefCd=18&kikanCd=2180005160&kikanKbn=2", "url2": "https://kimuraiin-obama.jp/", "内容": "医療法人　木村医院【2:診療所】【診療科目:内科_消化器内科】福井県小浜市四谷町４－３０" }, "geometry": { "type": "Point", "coordinates": [ 135.749236, 35.495644 ] } },
{ "type": "Feature", "properties": { "ID": 1822180005180, "正式名称": "中名田診療所", "機関区分": 2, "都道府県コード": 18, "市区町村コード": 204, "所在地": "福井県小浜市深野７号１１番地", "緯度": 35.425256, "経度": 135.687819, "url": "https://www.iryou.teikyouseido.mhlw.go.jp/znk-web/juminkanja/S2430/initialize?prefCd=18&kikanCd=2180005180&kikanKbn=2", "url2": null, "内容": "中名田診療所【2:診療所】【診療科目:内科_小児科】福井県小浜市深野７号１１番地" }, "geometry": { "type": "Point", "coordinates": [ 135.687819, 35.425256 ] } },
{ "type": "Feature", "properties": { "ID": 1822180005240, "正式名称": "永谷医院", "機関区分": 2, "都道府県コード": 18, "市区町村コード": 483, "所在地": "福井県大飯郡おおい町本郷１４５－３０", "緯度": 35.481561, "経度": 135.621125, "url": "https://www.iryou.teikyouseido.mhlw.go.jp/znk-web/juminkanja/S2430/initialize?prefCd=18&kikanCd=2180005240&kikanKbn=2", "url2": null, "内容": "永谷医院【2:診療所】【診療科目:内科_小児科】福井県大飯郡おおい町本郷１４５－３０" }, "geometry": { "type": "Point", "coordinates": [ 135.621125, 35.481561 ] } },
{ "type": "Feature", "properties": { "ID": 1822180005260, "正式名称": "高浜町国民健康保険　内浦診療所", "機関区分": 2, "都道府県コード": 18, "市区町村コード": 481, "所在地": "福井県大飯郡高浜町山中８２－１－１", "緯度": 35.517617, "経度": 135.471431, "url": "https://www.iryou.teikyouseido.mhlw.go.jp/znk-web/juminkanja/S2430/initialize?prefCd=18&kikanCd=2180005260&kikanKbn=2", "url2": null, "内容": "高浜町国民健康保険　内浦診療所【2:診療所】【診療科目:内科_外科_小児科】福井県大飯郡高浜町山中８２－１－１" }, "geometry": { "type": "Point", "coordinates": [ 135.471431, 35.517617 ] } },
{ "type": "Feature", "properties": { "ID": 1822180005310, "正式名称": "吉井医院", "機関区分": 2, "都道府県コード": 18, "市区町村コード": 204, "所在地": "福井県小浜市小浜塩竈８１－１", "緯度": 35.498033, "経度": 135.741042, "url": "https://www.iryou.teikyouseido.mhlw.go.jp/znk-web/juminkanja/S2430/initialize?prefCd=18&kikanCd=2180005310&kikanKbn=2", "url2": null, "内容": "吉井医院【2:診療所】【診療科目:内科_消化器内科_耳鼻いんこう科_放射線科】福井県小浜市小浜塩竈８１－１" }, "geometry": { "type": "Point", "coordinates": [ 135.741042, 35.498033 ] } },
{ "type": "Feature", "properties": { "ID": 1822180005350, "正式名称": "中山クリニック", "機関区分": 2, "都道府県コード": 18, "市区町村コード": 204, "所在地": "福井県小浜市多田２－２－１", "緯度": 35.486811, "経度": 135.770569, "url": "https://www.iryou.teikyouseido.mhlw.go.jp/znk-web/juminkanja/S2430/initialize?prefCd=18&kikanCd=2180005350&kikanKbn=2", "url2": "https://sanaikai-obama.com", "内容": "中山クリニック【2:診療所】【診療科目:内科_脳神経外科_小児科_婦人科_リハビリテーション科】福井県小浜市多田２－２－１" }, "geometry": { "type": "Point", "coordinates": [ 135.770569, 35.486811 ] } },
{ "type": "Feature", "properties": { "ID": 1822180005370, "正式名称": "常藤内科医院", "機関区分": 2, "都道府県コード": 18, "市区町村コード": 481, "所在地": "福井県大飯郡高浜町若宮２－４４", "緯度": 35.490422, "経度": 135.543958, "url": "https://www.iryou.teikyouseido.mhlw.go.jp/znk-web/juminkanja/S2430/initialize?prefCd=18&kikanCd=2180005370&kikanKbn=2", "url2": null, "内容": "常藤内科医院【2:診療所】【診療科目:内科_循環器内科_消化器内科】福井県大飯郡高浜町若宮２－４４" }, "geometry": { "type": "Point", "coordinates": [ 135.543958, 35.490422 ] } },
{ "type": "Feature", "properties": { "ID": 1822180005380, "正式名称": "おおい町国民健康保険名田庄診療所", "機関区分": 2, "都道府県コード": 18, "市区町村コード": 483, "所在地": "福井県大飯郡おおい町名田庄下６－１", "緯度": 35.40695, "経度": 135.643653, "url": "https://www.iryou.teikyouseido.mhlw.go.jp/znk-web/juminkanja/S2430/initialize?prefCd=18&kikanCd=2180005380&kikanKbn=2", "url2": "http://www.town.ohi.fukui.jp/object/object08/8003/p10475.html", "内容": "おおい町国民健康保険名田庄診療所【2:診療所】【診療科目:内科_消化器内科_胃腸内科_外科_整形外科_小児科_皮膚科_アレルギー科】福井県大飯郡おおい町名田庄下６－１" }, "geometry": { "type": "Point", "coordinates": [ 135.643653, 35.40695 ] } },
{ "type": "Feature", "properties": { "ID": 1822180005390, "正式名称": "山手医院", "機関区分": 2, "都道府県コード": 18, "市区町村コード": 204, "所在地": "福井県小浜市山手１－１－８", "緯度": 35.506061, "経度": 135.748875, "url": "https://www.iryou.teikyouseido.mhlw.go.jp/znk-web/juminkanja/S2430/initialize?prefCd=18&kikanCd=2180005390&kikanKbn=2", "url2": null, "内容": "山手医院【2:診療所】【診療科目:内科】福井県小浜市山手１－１－８" }, "geometry": { "type": "Point", "coordinates": [ 135.748875, 35.506061 ] } },
{ "type": "Feature", "properties": { "ID": 1822180005400, "正式名称": "千葉医院", "機関区分": 2, "都道府県コード": 18, "市区町村コード": 501, "所在地": "福井県三方上中郡若狭町井ノ口２９－２８－１", "緯度": 35.463117, "経度": 135.851819, "url": "https://www.iryou.teikyouseido.mhlw.go.jp/znk-web/juminkanja/S2430/initialize?prefCd=18&kikanCd=2180005400&kikanKbn=2", "url2": null, "内容": "千葉医院【2:診療所】【診療科目:内科_小児科】福井県三方上中郡若狭町井ノ口２９－２８－１" }, "geometry": { "type": "Point", "coordinates": [ 135.851819, 35.463117 ] } },
{ "type": "Feature", "properties": { "ID": 1822180005420, "正式名称": "いちせクリニック", "機関区分": 2, "都道府県コード": 18, "市区町村コード": 204, "所在地": "福井県小浜市南川町１－３０", "緯度": 35.494256, "経度": 135.754069, "url": "https://www.iryou.teikyouseido.mhlw.go.jp/znk-web/juminkanja/S2430/initialize?prefCd=18&kikanCd=2180005420&kikanKbn=2", "url2": "http://ichise-clinic.jp", "内容": "いちせクリニック【2:診療所】【診療科目:内科_小児科】福井県小浜市南川町１－３０" }, "geometry": { "type": "Point", "coordinates": [ 135.754069, 35.494256 ] } },
{ "type": "Feature", "properties": { "ID": 1822180005430, "正式名称": "高浜町国民健康保険和田診療所", "機関区分": 2, "都道府県コード": 18, "市区町村コード": 481, "所在地": "福井県大飯郡高浜町和田１１７号６８番地", "緯度": 35.490006, "経度": 135.579458, "url": "https://www.iryou.teikyouseido.mhlw.go.jp/znk-web/juminkanja/S2430/initialize?prefCd=18&kikanCd=2180005430&kikanKbn=2", "url2": "http://www.town.takahama.fukui.jp/wadashin/index.html", "内容": "高浜町国民健康保険和田診療所【2:診療所】【診療科目:内科_外科_小児科】福井県大飯郡高浜町和田１１７号６８番地" }, "geometry": { "type": "Point", "coordinates": [ 135.579458, 35.490006 ] } },
{ "type": "Feature", "properties": { "ID": 1822180005470, "正式名称": "薬袋クリニック", "機関区分": 2, "都道府県コード": 18, "市区町村コード": 205, "所在地": "福井県大野市春日１－１２－６", "緯度": 35.978256, "経度": 136.495875, "url": "https://www.iryou.teikyouseido.mhlw.go.jp/znk-web/juminkanja/S2430/initialize?prefCd=18&kikanCd=2180005470&kikanKbn=2", "url2": null, "内容": "薬袋クリニック【2:診療所】【診療科目:内科_外科】福井県大野市春日１－１２－６" }, "geometry": { "type": "Point", "coordinates": [ 136.495875, 35.978256 ] } },
{ "type": "Feature", "properties": { "ID": 1822180005480, "正式名称": "小林眼科", "機関区分": 2, "都道府県コード": 18, "市区町村コード": 206, "所在地": "福井県勝山市旭町１－２－３８", "緯度": 36.056172, "経度": 136.505264, "url": "https://www.iryou.teikyouseido.mhlw.go.jp/znk-web/juminkanja/S2430/initialize?prefCd=18&kikanCd=2180005480&kikanKbn=2", "url2": null, "内容": "小林眼科【2:診療所】【診療科目:眼科】福井県勝山市旭町１－２－３８" }, "geometry": { "type": "Point", "coordinates": [ 136.505264, 36.056172 ] } },
{ "type": "Feature", "properties": { "ID": 1822180005490, "正式名称": "大野市和泉診療所", "機関区分": 2, "都道府県コード": 18, "市区町村コード": 205, "所在地": "福井県大野市朝日２３－１１", "緯度": 35.906081, "経度": 136.663637, "url": "https://www.iryou.teikyouseido.mhlw.go.jp/znk-web/juminkanja/S2430/initialize?prefCd=18&kikanCd=2180005490&kikanKbn=2", "url2": "https://www.city.ono.fukui.jp/kenko/kyukyu-iryou/iryo/shinryou.html", "内容": "大野市和泉診療所【2:診療所】【診療科目:内科】福井県大野市朝日２３－１１" }, "geometry": { "type": "Point", "coordinates": [ 136.663637, 35.906081 ] } },
{ "type": "Feature", "properties": { "ID": 1822180005500, "正式名称": "医療法人　深慈会　クリニカ・デ・ふかや", "機関区分": 2, "都道府県コード": 18, "市区町村コード": 206, "所在地": "福井県勝山市元町１－９－４５", "緯度": 36.059756, "経度": 136.500958, "url": "https://www.iryou.teikyouseido.mhlw.go.jp/znk-web/juminkanja/S2430/initialize?prefCd=18&kikanCd=2180005500&kikanKbn=2", "url2": "http://www.sympathy-med.com/", "内容": "医療法人　深慈会　クリニカ・デ・ふかや【2:診療所】【診療科目:内科_消化器内科_小児科】福井県勝山市元町１－９－４５" }, "geometry": { "type": "Point", "coordinates": [ 136.500958, 36.059756 ] } },
{ "type": "Feature", "properties": { "ID": 1822180005530, "正式名称": "医療法人　元気会　木下医院", "機関区分": 2, "都道府県コード": 18, "市区町村コード": 206, "所在地": "福井県勝山市滝波町５－７０４", "緯度": 36.074589, "経度": 136.494069, "url": "https://www.iryou.teikyouseido.mhlw.go.jp/znk-web/juminkanja/S2430/initialize?prefCd=18&kikanCd=2180005530&kikanKbn=2", "url2": null, "内容": "医療法人　元気会　木下医院【2:診療所】【診療科目:内科_胃腸内科_外科_肛門外科_整形外科_皮膚科_リハビリテーション科】福井県勝山市滝波町５－７０４" }, "geometry": { "type": "Point", "coordinates": [ 136.494069, 36.074589 ] } },
{ "type": "Feature", "properties": { "ID": 1822180005540, "正式名称": "医療法人　尾崎整形外科", "機関区分": 2, "都道府県コード": 18, "市区町村コード": 205, "所在地": "福井県大野市明倫町１０－７", "緯度": 35.98345, "経度": 136.489903, "url": "https://www.iryou.teikyouseido.mhlw.go.jp/znk-web/juminkanja/S2430/initialize?prefCd=18&kikanCd=2180005540&kikanKbn=2", "url2": null, "内容": "医療法人　尾崎整形外科【2:診療所】【診療科目:整形外科_リハビリテーション科】福井県大野市明倫町１０－７" }, "geometry": { "type": "Point", "coordinates": [ 136.489903, 35.98345 ] } },
{ "type": "Feature", "properties": { "ID": 1822180005570, "正式名称": "医療法人悠久会　萩原医院", "機関区分": 2, "都道府県コード": 18, "市区町村コード": 209, "所在地": "福井県越前市宮谷町３６－１０", "緯度": 35.891644, "経度": 136.222958, "url": "https://www.iryou.teikyouseido.mhlw.go.jp/znk-web/juminkanja/S2430/initialize?prefCd=18&kikanCd=2180005570&kikanKbn=2", "url2": "http://www.hagiwara-clinic-fukui.com/", "内容": "医療法人悠久会　萩原医院【2:診療所】【診療科目:内科_外科_小児科_アレルギー科_アレルギー科】福井県越前市宮谷町３６－１０" }, "geometry": { "type": "Point", "coordinates": [ 136.222958, 35.891644 ] } },
{ "type": "Feature", "properties": { "ID": 1822180005600, "正式名称": "ひらい医院", "機関区分": 2, "都道府県コード": 18, "市区町村コード": 209, "所在地": "福井県越前市新町８－１－１１", "緯度": 35.90345, "経度": 136.152375, "url": "https://www.iryou.teikyouseido.mhlw.go.jp/znk-web/juminkanja/S2430/initialize?prefCd=18&kikanCd=2180005600&kikanKbn=2", "url2": null, "内容": "ひらい医院【2:診療所】【診療科目:内科_消化器内科_リウマチ科】福井県越前市新町８－１－１１" }, "geometry": { "type": "Point", "coordinates": [ 136.152375, 35.90345 ] } },
{ "type": "Feature", "properties": { "ID": 1822180005610, "正式名称": "橋本整形クリニック", "機関区分": 2, "都道府県コード": 18, "市区町村コード": 209, "所在地": "福井県越前市東千福町２３－１６", "緯度": 35.891756, "経度": 136.157458, "url": "https://www.iryou.teikyouseido.mhlw.go.jp/znk-web/juminkanja/S2430/initialize?prefCd=18&kikanCd=2180005610&kikanKbn=2", "url2": "http://hashimoto.kagahaku.jp/", "内容": "橋本整形クリニック【2:診療所】【診療科目:整形外科_リウマチ科_リハビリテーション科】福井県越前市東千福町２３－１６" }, "geometry": { "type": "Point", "coordinates": [ 136.157458, 35.891756 ] } },
{ "type": "Feature", "properties": { "ID": 1822180005630, "正式名称": "西武クリニック", "機関区分": 2, "都道府県コード": 18, "市区町村コード": 209, "所在地": "福井県越前市上太田町３７－１０－１", "緯度": 35.903314, "経度": 136.146456, "url": "https://www.iryou.teikyouseido.mhlw.go.jp/znk-web/juminkanja/S2430/initialize?prefCd=18&kikanCd=2180005630&kikanKbn=2", "url2": null, "内容": "西武クリニック【2:診療所】【診療科目:内科_消化器内科_外科_整形外科】福井県越前市上太田町３７－１０－１" }, "geometry": { "type": "Point", "coordinates": [ 136.146456, 35.903314 ] } },
{ "type": "Feature", "properties": { "ID": 1822180005640, "正式名称": "鯖江清水眼科", "機関区分": 2, "都道府県コード": 18, "市区町村コード": 207, "所在地": "福井県鯖江市旭町２－１－３０", "緯度": 35.94545, "経度": 136.188375, "url": "https://www.iryou.teikyouseido.mhlw.go.jp/znk-web/juminkanja/S2430/initialize?prefCd=18&kikanCd=2180005640&kikanKbn=2", "url2": "http://www.shimizuganka.jp/", "内容": "鯖江清水眼科【2:診療所】【診療科目:眼科】福井県鯖江市旭町２－１－３０" }, "geometry": { "type": "Point", "coordinates": [ 136.188375, 35.94545 ] } },
{ "type": "Feature", "properties": { "ID": 1822180005650, "正式名称": "つがわ内科クリニック", "機関区分": 2, "都道府県コード": 18, "市区町村コード": 209, "所在地": "福井県越前市岩本町２－１０４", "緯度": 35.908144, "経度": 136.243847, "url": "https://www.iryou.teikyouseido.mhlw.go.jp/znk-web/juminkanja/S2430/initialize?prefCd=18&kikanCd=2180005650&kikanKbn=2", "url2": null, "内容": "つがわ内科クリニック【2:診療所】【診療科目:内科_循環器内科_リウマチ科】福井県越前市岩本町２－１０４" }, "geometry": { "type": "Point", "coordinates": [ 136.243847, 35.908144 ] } },
{ "type": "Feature", "properties": { "ID": 1822180005690, "正式名称": "こしの医院", "機関区分": 2, "都道府県コード": 18, "市区町村コード": 201, "所在地": "福井県福井市蒲生町１－９１－１", "緯度": 36.038808, "経度": 136.011133, "url": "https://www.iryou.teikyouseido.mhlw.go.jp/znk-web/juminkanja/S2430/initialize?prefCd=18&kikanCd=2180005690&kikanKbn=2", "url2": null, "内容": "こしの医院【2:診療所】【診療科目:内科_外科_泌尿器科】福井県福井市蒲生町１－９１－１" }, "geometry": { "type": "Point", "coordinates": [ 136.011133, 36.038808 ] } },
{ "type": "Feature", "properties": { "ID": 1822180005700, "正式名称": "平井皮ふ科医院", "機関区分": 2, "都道府県コード": 18, "市区町村コード": 209, "所在地": "福井県越前市上太田町４９－６－６", "緯度": 35.901367, "経度": 136.148347, "url": "https://www.iryou.teikyouseido.mhlw.go.jp/znk-web/juminkanja/S2430/initialize?prefCd=18&kikanCd=2180005700&kikanKbn=2", "url2": null, "内容": "平井皮ふ科医院【2:診療所】【診療科目:形成外科_皮膚科】福井県越前市上太田町４９－６－６" }, "geometry": { "type": "Point", "coordinates": [ 136.148347, 35.901367 ] } },
{ "type": "Feature", "properties": { "ID": 1822180005740, "正式名称": "むかい心療内科クリニック", "機関区分": 2, "都道府県コード": 18, "市区町村コード": 201, "所在地": "福井県福井市木田３－２４０２　アクアロードビル２Ｆ", "緯度": 36.04432, "経度": 136.226512, "url": "https://www.iryou.teikyouseido.mhlw.go.jp/znk-web/juminkanja/S2430/initialize?prefCd=18&kikanCd=2180005740&kikanKbn=2", "url2": null, "内容": "むかい心療内科クリニック【2:診療所】【診療科目:精神科_心療内科】福井県福井市木田３－２４０２　アクアロードビル２Ｆ" }, "geometry": { "type": "Point", "coordinates": [ 136.226512, 36.04432 ] } },
{ "type": "Feature", "properties": { "ID": 1822180005760, "正式名称": "はぎはら整形外科クリニック", "機関区分": 2, "都道府県コード": 18, "市区町村コード": 202, "所在地": "福井県敦賀市木崎４９－２４－２", "緯度": 35.645474, "経度": 136.036668, "url": "https://www.iryou.teikyouseido.mhlw.go.jp/znk-web/juminkanja/S2430/initialize?prefCd=18&kikanCd=2180005760&kikanKbn=2", "url2": null, "内容": "はぎはら整形外科クリニック【2:診療所】【診療科目:整形外科_リウマチ科_リハビリテーション科】福井県敦賀市木崎４９－２４－２" }, "geometry": { "type": "Point", "coordinates": [ 136.036668, 35.645474 ] } },
{ "type": "Feature", "properties": { "ID": 1822180005770, "正式名称": "いしだ皮膚科クリニック", "機関区分": 2, "都道府県コード": 18, "市区町村コード": 207, "所在地": "福井県鯖江市東鯖江１－３－１５", "緯度": 35.94645, "経度": 136.196264, "url": "https://www.iryou.teikyouseido.mhlw.go.jp/znk-web/juminkanja/S2430/initialize?prefCd=18&kikanCd=2180005770&kikanKbn=2", "url2": "http://www.ishida-hifuka.com/", "内容": "いしだ皮膚科クリニック【2:診療所】【診療科目:形成外科_皮膚科】福井県鯖江市東鯖江１－３－１５" }, "geometry": { "type": "Point", "coordinates": [ 136.196264, 35.94645 ] } },
{ "type": "Feature", "properties": { "ID": 1822180005790, "正式名称": "むらきた内科", "機関区分": 2, "都道府県コード": 18, "市区町村コード": 201, "所在地": "福井県福井市新田塚町７２０－１", "緯度": 36.089367, "経度": 136.209181, "url": "https://www.iryou.teikyouseido.mhlw.go.jp/znk-web/juminkanja/S2430/initialize?prefCd=18&kikanCd=2180005790&kikanKbn=2", "url2": null, "内容": "むらきた内科【2:診療所】【診療科目:内科_消化器内科_胃腸内科】福井県福井市新田塚町７２０－１" }, "geometry": { "type": "Point", "coordinates": [ 136.209181, 36.089367 ] } },
{ "type": "Feature", "properties": { "ID": 1822180005810, "正式名称": "あらい内科クリニック", "機関区分": 2, "都道府県コード": 18, "市区町村コード": 201, "所在地": "福井県福井市高柳２丁目１３０１番地　レインボービル５階", "緯度": 36.097702, "経度": 136.246644, "url": "https://www.iryou.teikyouseido.mhlw.go.jp/znk-web/juminkanja/S2430/initialize?prefCd=18&kikanCd=2180005810&kikanKbn=2", "url2": null, "内容": "あらい内科クリニック【2:診療所】【診療科目:内科_循環器内科】福井県福井市高柳２丁目１３０１番地　レインボービル５階" }, "geometry": { "type": "Point", "coordinates": [ 136.246644, 36.097702 ] } },
{ "type": "Feature", "properties": { "ID": 1822180005820, "正式名称": "くぼたクリニック", "機関区分": 2, "都道府県コード": 18, "市区町村コード": 207, "所在地": "福井県鯖江市糺町３０－２０－１", "緯度": 35.972811, "経度": 136.174597, "url": "https://www.iryou.teikyouseido.mhlw.go.jp/znk-web/juminkanja/S2430/initialize?prefCd=18&kikanCd=2180005820&kikanKbn=2", "url2": null, "内容": "くぼたクリニック【2:診療所】【診療科目:内科_外科_皮膚科】福井県鯖江市糺町３０－２０－１" }, "geometry": { "type": "Point", "coordinates": [ 136.174597, 35.972811 ] } },
{ "type": "Feature", "properties": { "ID": 1822180005830, "正式名称": "医療法人せきクリニック", "機関区分": 2, "都道府県コード": 18, "市区町村コード": 202, "所在地": "福井県敦賀市御名５３ー１４ー６", "緯度": 35.617478, "経度": 136.049458, "url": "https://www.iryou.teikyouseido.mhlw.go.jp/znk-web/juminkanja/S2430/initialize?prefCd=18&kikanCd=2180005830&kikanKbn=2", "url2": "http://www.seki-clinic.com/", "内容": "医療法人せきクリニック【2:診療所】【診療科目:内科_消化器内科_胃腸内科_外科】福井県敦賀市御名５３ー１４ー６" }, "geometry": { "type": "Point", "coordinates": [ 136.049458, 35.617478 ] } },
{ "type": "Feature", "properties": { "ID": 1822180005850, "正式名称": "林小児科クリニック", "機関区分": 2, "都道府県コード": 18, "市区町村コード": 201, "所在地": "福井県福井市西谷１－１２１２", "緯度": 36.038117, "経度": 136.206569, "url": "https://www.iryou.teikyouseido.mhlw.go.jp/znk-web/juminkanja/S2430/initialize?prefCd=18&kikanCd=2180005850&kikanKbn=2", "url2": "hayashi-syounika.com", "内容": "林小児科クリニック【2:診療所】【診療科目:小児科】福井県福井市西谷１－１２１２" }, "geometry": { "type": "Point", "coordinates": [ 136.206569, 36.038117 ] } },
{ "type": "Feature", "properties": { "ID": 1822180005870, "正式名称": "いとう内科クリニック", "機関区分": 2, "都道府県コード": 18, "市区町村コード": 201, "所在地": "福井県福井市経田１－２０９", "緯度": 36.088256, "経度": 136.221236, "url": "https://www.iryou.teikyouseido.mhlw.go.jp/znk-web/juminkanja/S2430/initialize?prefCd=18&kikanCd=2180005870&kikanKbn=2", "url2": null, "内容": "いとう内科クリニック【2:診療所】【診療科目:内科_神経内科】福井県福井市経田１－２０９" }, "geometry": { "type": "Point", "coordinates": [ 136.221236, 36.088256 ] } },
{ "type": "Feature", "properties": { "ID": 1822180005890, "正式名称": "岩佐内科外科クリニック", "機関区分": 2, "都道府県コード": 18, "市区町村コード": 201, "所在地": "福井県福井市学園２－９－６", "緯度": 36.069589, "経度": 136.197625, "url": "https://www.iryou.teikyouseido.mhlw.go.jp/znk-web/juminkanja/S2430/initialize?prefCd=18&kikanCd=2180005890&kikanKbn=2", "url2": "https://www.iwasa-clinic.info/", "内容": "岩佐内科外科クリニック【2:診療所】【診療科目:内科_呼吸器内科_胃腸内科_外科_乳腺外科_肛門外科_整形外科_麻酔科】福井県福井市学園２－９－６" }, "geometry": { "type": "Point", "coordinates": [ 136.197625, 36.069589 ] } },
{ "type": "Feature", "properties": { "ID": 1822180005910, "正式名称": "浅妻内科", "機関区分": 2, "都道府県コード": 18, "市区町村コード": 442, "所在地": "福井県三方郡美浜町大藪４２－３３", "緯度": 35.592172, "経度": 135.917486, "url": "https://www.iryou.teikyouseido.mhlw.go.jp/znk-web/juminkanja/S2430/initialize?prefCd=18&kikanCd=2180005910&kikanKbn=2", "url2": null, "内容": "浅妻内科【2:診療所】【診療科目:内科_循環器内科】福井県三方郡美浜町大藪４２－３３" }, "geometry": { "type": "Point", "coordinates": [ 135.917486, 35.592172 ] } },
{ "type": "Feature", "properties": { "ID": 1822180005920, "正式名称": "医療法人川崎皮膚科クリニック", "機関区分": 2, "都道府県コード": 18, "市区町村コード": 210, "所在地": "福井県坂井市丸岡町里丸岡３丁目１－２", "緯度": 36.144394, "経度": 136.276236, "url": "https://www.iryou.teikyouseido.mhlw.go.jp/znk-web/juminkanja/S2430/initialize?prefCd=18&kikanCd=2180005920&kikanKbn=2", "url2": "https://www.kawasakihifuka.com", "内容": "医療法人川崎皮膚科クリニック【2:診療所】【診療科目:形成外科_皮膚科】福井県坂井市丸岡町里丸岡３丁目１－２" }, "geometry": { "type": "Point", "coordinates": [ 136.276236, 36.144394 ] } },
{ "type": "Feature", "properties": { "ID": 1822180005950, "正式名称": "奥村整形外科クリニック", "機関区分": 2, "都道府県コード": 18, "市区町村コード": 201, "所在地": "福井県福井市乾徳３－１１－２３", "緯度": 36.0737, "経度": 136.207181, "url": "https://www.iryou.teikyouseido.mhlw.go.jp/znk-web/juminkanja/S2430/initialize?prefCd=18&kikanCd=2180005950&kikanKbn=2", "url2": "http://okumura-seikei.jp", "内容": "奥村整形外科クリニック【2:診療所】【診療科目:整形外科_リウマチ科_リハビリテーション科】福井県福井市乾徳３－１１－２３" }, "geometry": { "type": "Point", "coordinates": [ 136.207181, 36.0737 ] } },
{ "type": "Feature", "properties": { "ID": 1822180005960, "正式名称": "ともだクリニック", "機関区分": 2, "都道府県コード": 18, "市区町村コード": 210, "所在地": "福井県坂井市坂井町長畑２３－３－５", "緯度": 36.165257, "経度": 136.236633, "url": "https://www.iryou.teikyouseido.mhlw.go.jp/znk-web/juminkanja/S2430/initialize?prefCd=18&kikanCd=2180005960&kikanKbn=2", "url2": null, "内容": "ともだクリニック【2:診療所】【診療科目:内科_小児科_リハビリテーション科】福井県坂井市坂井町長畑２３－３－５" }, "geometry": { "type": "Point", "coordinates": [ 136.236633, 36.165257 ] } },
{ "type": "Feature", "properties": { "ID": 1822180005980, "正式名称": "柏原脳神経クリニック", "機関区分": 2, "都道府県コード": 18, "市区町村コード": 201, "所在地": "福井県福井市四ツ井１－７－２０", "緯度": 36.066311, "経度": 136.236125, "url": "https://www.iryou.teikyouseido.mhlw.go.jp/znk-web/juminkanja/S2430/initialize?prefCd=18&kikanCd=2180005980&kikanKbn=2", "url2": "https://kashihara-noushinkei.jp", "内容": "柏原脳神経クリニック【2:診療所】【診療科目:脳神経内科_脳神経外科】福井県福井市四ツ井１－７－２０" }, "geometry": { "type": "Point", "coordinates": [ 136.236125, 36.066311 ] } },
{ "type": "Feature", "properties": { "ID": 1822180005990, "正式名称": "まつむら眼科クリニック", "機関区分": 2, "都道府県コード": 18, "市区町村コード": 201, "所在地": "福井県福井市上北野１－２５－１９", "緯度": 36.06395, "経度": 136.252431, "url": "https://www.iryou.teikyouseido.mhlw.go.jp/znk-web/juminkanja/S2430/initialize?prefCd=18&kikanCd=2180005990&kikanKbn=2", "url2": "http://www.matsumura-ganka.net", "内容": "まつむら眼科クリニック【2:診療所】【診療科目:眼科】福井県福井市上北野１－２５－１９" }, "geometry": { "type": "Point", "coordinates": [ 136.252431, 36.06395 ] } },
{ "type": "Feature", "properties": { "ID": 1822180006010, "正式名称": "こせ整形外科", "機関区分": 2, "都道府県コード": 18, "市区町村コード": 206, "所在地": "福井県勝山市旭町２－１－２２", "緯度": 36.054922, "経度": 136.508681, "url": "https://www.iryou.teikyouseido.mhlw.go.jp/znk-web/juminkanja/S2430/initialize?prefCd=18&kikanCd=2180006010&kikanKbn=2", "url2": null, "内容": "こせ整形外科【2:診療所】【診療科目:整形外科_リハビリテーション科】福井県勝山市旭町２－１－２２" }, "geometry": { "type": "Point", "coordinates": [ 136.508681, 36.054922 ] } },
{ "type": "Feature", "properties": { "ID": 1822180006020, "正式名称": "齋藤眼科", "機関区分": 2, "都道府県コード": 18, "市区町村コード": 201, "所在地": "福井県福井市御幸３丁目１５－１３", "緯度": 36.0547, "経度": 136.237958, "url": "https://www.iryou.teikyouseido.mhlw.go.jp/znk-web/juminkanja/S2430/initialize?prefCd=18&kikanCd=2180006020&kikanKbn=2", "url2": "https://www.saitoganka.net/", "内容": "齋藤眼科【2:診療所】【診療科目:眼科】福井県福井市御幸３丁目１５－１３" }, "geometry": { "type": "Point", "coordinates": [ 136.237958, 36.0547 ] } },
{ "type": "Feature", "properties": { "ID": 1822180006030, "正式名称": "津田クリニック", "機関区分": 2, "都道府県コード": 18, "市区町村コード": 207, "所在地": "福井県鯖江市平井町４３－１－３", "緯度": 35.957957, "経度": 136.168368, "url": "https://www.iryou.teikyouseido.mhlw.go.jp/znk-web/juminkanja/S2430/initialize?prefCd=18&kikanCd=2180006030&kikanKbn=2", "url2": "http://www.tsuda-clinic.jp", "内容": "津田クリニック【2:診療所】【診療科目:内科_外科_精神科_心療内科】福井県鯖江市平井町４３－１－３" }, "geometry": { "type": "Point", "coordinates": [ 136.168368, 35.957957 ] } },
{ "type": "Feature", "properties": { "ID": 1822180006040, "正式名称": "ふじい眼科クリニック", "機関区分": 2, "都道府県コード": 18, "市区町村コード": 201, "所在地": "福井県福井市二の宮２丁目２７－２８", "緯度": 36.0877, "経度": 136.221597, "url": "https://www.iryou.teikyouseido.mhlw.go.jp/znk-web/juminkanja/S2430/initialize?prefCd=18&kikanCd=2180006040&kikanKbn=2", "url2": "http://fujii-eye.com", "内容": "ふじい眼科クリニック【2:診療所】【診療科目:眼科】福井県福井市二の宮２丁目２７－２８" }, "geometry": { "type": "Point", "coordinates": [ 136.221597, 36.0877 ] } },
{ "type": "Feature", "properties": { "ID": 1822180006060, "正式名称": "おおい町保健・医療・福祉総合施設診療所", "機関区分": 2, "都道府県コード": 18, "市区町村コード": 483, "所在地": "福井県大飯郡おおい町本郷第９２－５１－１", "緯度": 35.474839, "経度": 135.624069, "url": "https://www.iryou.teikyouseido.mhlw.go.jp/znk-web/juminkanja/S2430/initialize?prefCd=18&kikanCd=2180006060&kikanKbn=2", "url2": "https://nagomi-ohi.com", "内容": "おおい町保健・医療・福祉総合施設診療所【2:診療所】【診療科目:内科_呼吸器内科_消化器内科_外科_整形外科_小児科】福井県大飯郡おおい町本郷第９２－５１－１" }, "geometry": { "type": "Point", "coordinates": [ 135.624069, 35.474839 ] } },
{ "type": "Feature", "properties": { "ID": 1822180006070, "正式名称": "平井医院", "機関区分": 2, "都道府県コード": 18, "市区町村コード": 382, "所在地": "福井県今立郡池田町谷口５－１２－１", "緯度": 35.90595, "経度": 136.356458, "url": "https://www.iryou.teikyouseido.mhlw.go.jp/znk-web/juminkanja/S2430/initialize?prefCd=18&kikanCd=2180006070&kikanKbn=2", "url2": null, "内容": "平井医院【2:診療所】【診療科目:内科_循環器内科】福井県今立郡池田町谷口５－１２－１" }, "geometry": { "type": "Point", "coordinates": [ 136.356458, 35.90595 ] } },
{ "type": "Feature", "properties": { "ID": 1822180006080, "正式名称": "河原崎眼科", "機関区分": 2, "都道府県コード": 18, "市区町村コード": 202, "所在地": "福井県敦賀市木崎２１－２", "緯度": 35.644783, "経度": 136.047681, "url": "https://www.iryou.teikyouseido.mhlw.go.jp/znk-web/juminkanja/S2430/initialize?prefCd=18&kikanCd=2180006080&kikanKbn=2", "url2": null, "内容": "河原崎眼科【2:診療所】【診療科目:眼科】福井県敦賀市木崎２１－２" }, "geometry": { "type": "Point", "coordinates": [ 136.047681, 35.644783 ] } },
{ "type": "Feature", "properties": { "ID": 1822180006090, "正式名称": "医療法人　まつもと耳鼻咽喉科クリニック", "機関区分": 2, "都道府県コード": 18, "市区町村コード": 210, "所在地": "福井県坂井市三国町三国東　５－２－３", "緯度": 36.211117, "経度": 136.158625, "url": "https://www.iryou.teikyouseido.mhlw.go.jp/znk-web/juminkanja/S2430/initialize?prefCd=18&kikanCd=2180006090&kikanKbn=2", "url2": "http://matsumoto-ent.or.jp/publics/index/1/", "内容": "医療法人　まつもと耳鼻咽喉科クリニック【2:診療所】【診療科目:耳鼻いんこう科_気管食道・耳鼻いんこう科_頭頸部・耳鼻いんこう科_アレルギー科】福井県坂井市三国町三国東　５－２－３" }, "geometry": { "type": "Point", "coordinates": [ 136.158625, 36.211117 ] } },
{ "type": "Feature", "properties": { "ID": 1822180006100, "正式名称": "齊藤クリニック", "機関区分": 2, "都道府県コード": 18, "市区町村コード": 201, "所在地": "福井県福井市宝永４－３－９", "緯度": 36.067283, "経度": 136.218125, "url": "https://www.iryou.teikyouseido.mhlw.go.jp/znk-web/juminkanja/S2430/initialize?prefCd=18&kikanCd=2180006100&kikanKbn=2", "url2": "https://www.saito-cl.info/", "内容": "齊藤クリニック【2:診療所】【診療科目:内科_代謝・内分泌内科_消化器内科_胃腸内科】福井県福井市宝永４－３－９" }, "geometry": { "type": "Point", "coordinates": [ 136.218125, 36.067283 ] } },
{ "type": "Feature", "properties": { "ID": 1822180006110, "正式名称": "高橋眼科医院", "機関区分": 2, "都道府県コード": 18, "市区町村コード": 201, "所在地": "福井県福井市福新町８１３", "緯度": 36.0487, "経度": 136.184097, "url": "https://www.iryou.teikyouseido.mhlw.go.jp/znk-web/juminkanja/S2430/initialize?prefCd=18&kikanCd=2180006110&kikanKbn=2", "url2": "http://www.takahashi-eye-clinic.com/", "内容": "高橋眼科医院【2:診療所】【診療科目:眼科】福井県福井市福新町８１３" }, "geometry": { "type": "Point", "coordinates": [ 136.184097, 36.0487 ] } },
{ "type": "Feature", "properties": { "ID": 1822180006120, "正式名称": "坂の下クリニック", "機関区分": 2, "都道府県コード": 18, "市区町村コード": 322, "所在地": "福井県吉田郡永平寺町松岡芝原２－１０８－１", "緯度": 36.091061, "経度": 136.291347, "url": "https://www.iryou.teikyouseido.mhlw.go.jp/znk-web/juminkanja/S2430/initialize?prefCd=18&kikanCd=2180006120&kikanKbn=2", "url2": null, "内容": "坂の下クリニック【2:診療所】【診療科目:内科_消化器内科_外科】福井県吉田郡永平寺町松岡芝原２－１０８－１" }, "geometry": { "type": "Point", "coordinates": [ 136.291347, 36.091061 ] } },
{ "type": "Feature", "properties": { "ID": 1822180006130, "正式名称": "ほり小児科クリニック", "機関区分": 2, "都道府県コード": 18, "市区町村コード": 201, "所在地": "福井県福井市高柳３－３２０１", "緯度": 36.0974, "経度": 136.241204, "url": "https://www.iryou.teikyouseido.mhlw.go.jp/znk-web/juminkanja/S2430/initialize?prefCd=18&kikanCd=2180006130&kikanKbn=2", "url2": "https://www.hori-children-clinic.com/", "内容": "ほり小児科クリニック【2:診療所】【診療科目:小児科】福井県福井市高柳３－３２０１" }, "geometry": { "type": "Point", "coordinates": [ 136.241204, 36.0974 ] } },
{ "type": "Feature", "properties": { "ID": 1822180006150, "正式名称": "木田整形外科", "機関区分": 2, "都道府県コード": 18, "市区町村コード": 201, "所在地": "福井県福井市木田３－９０７", "緯度": 36.044894, "経度": 136.223903, "url": "https://www.iryou.teikyouseido.mhlw.go.jp/znk-web/juminkanja/S2430/initialize?prefCd=18&kikanCd=2180006150&kikanKbn=2", "url2": "https://kidaseikei.com", "内容": "木田整形外科【2:診療所】【診療科目:整形外科_リハビリテーション科】福井県福井市木田３－９０７" }, "geometry": { "type": "Point", "coordinates": [ 136.223903, 36.044894 ] } },
{ "type": "Feature", "properties": { "ID": 1822180006160, "正式名称": "医療法人　駅東整形外科", "機関区分": 2, "都道府県コード": 18, "市区町村コード": 201, "所在地": "福井県福井市日之出２－１２－２", "緯度": 36.063117, "経度": 136.226708, "url": "https://www.iryou.teikyouseido.mhlw.go.jp/znk-web/juminkanja/S2430/initialize?prefCd=18&kikanCd=2180006160&kikanKbn=2", "url2": null, "内容": "医療法人　駅東整形外科【2:診療所】【診療科目:整形外科_リウマチ科_リハビリテーション科】福井県福井市日之出２－１２－２" }, "geometry": { "type": "Point", "coordinates": [ 136.226708, 36.063117 ] } },
{ "type": "Feature", "properties": { "ID": 1822180006170, "正式名称": "佐藤整形形成外科", "機関区分": 2, "都道府県コード": 18, "市区町村コード": 201, "所在地": "福井県福井市桃園１－１－２", "緯度": 36.062478, "経度": 136.203653, "url": "https://www.iryou.teikyouseido.mhlw.go.jp/znk-web/juminkanja/S2430/initialize?prefCd=18&kikanCd=2180006170&kikanKbn=2", "url2": "www.sato-seikei.jp", "内容": "佐藤整形形成外科【2:診療所】【診療科目:整形外科_形成外科_リハビリテーション科】福井県福井市桃園１－１－２" }, "geometry": { "type": "Point", "coordinates": [ 136.203653, 36.062478 ] } },
{ "type": "Feature", "properties": { "ID": 1822180006180, "正式名称": "きむら小児科", "機関区分": 2, "都道府県コード": 18, "市区町村コード": 209, "所在地": "福井県越前市瓜生町２９－１－１２", "緯度": 35.925839, "経度": 136.182208, "url": "https://www.iryou.teikyouseido.mhlw.go.jp/znk-web/juminkanja/S2430/initialize?prefCd=18&kikanCd=2180006180&kikanKbn=2", "url2": "https://koukik.wixsite.com/kimurashounika", "内容": "きむら小児科【2:診療所】【診療科目:小児科】福井県越前市瓜生町２９－１－１２" }, "geometry": { "type": "Point", "coordinates": [ 136.182208, 35.925839 ] } },
{ "type": "Feature", "properties": { "ID": 1822180006190, "正式名称": "丸山内科循環器科医院", "機関区分": 2, "都道府県コード": 18, "市区町村コード": 207, "所在地": "福井県鯖江市上鯖江２－９－５", "緯度": 35.935922, "経度": 136.178819, "url": "https://www.iryou.teikyouseido.mhlw.go.jp/znk-web/juminkanja/S2430/initialize?prefCd=18&kikanCd=2180006190&kikanKbn=2", "url2": null, "内容": "丸山内科循環器科医院【2:診療所】【診療科目:内科_循環器内科】福井県鯖江市上鯖江２－９－５" }, "geometry": { "type": "Point", "coordinates": [ 136.178819, 35.935922 ] } },
{ "type": "Feature", "properties": { "ID": 1822180006200, "正式名称": "おかもと内科クリニック", "機関区分": 2, "都道府県コード": 18, "市区町村コード": 201, "所在地": "福井県福井市大島町　柳２１２", "緯度": 36.034008, "経度": 136.207504, "url": "https://www.iryou.teikyouseido.mhlw.go.jp/znk-web/juminkanja/S2430/initialize?prefCd=18&kikanCd=2180006200&kikanKbn=2", "url2": "https://okamotonaika.jp/", "内容": "おかもと内科クリニック【2:診療所】【診療科目:内科】福井県福井市大島町　柳２１２" }, "geometry": { "type": "Point", "coordinates": [ 136.207504, 36.034008 ] } },
{ "type": "Feature", "properties": { "ID": 1822180006210, "正式名称": "こうの内科耳鼻咽喉科", "機関区分": 2, "都道府県コード": 18, "市区町村コード": 209, "所在地": "福井県越前市芝原５－１１－１", "緯度": 35.923144, "経度": 136.160319, "url": "https://www.iryou.teikyouseido.mhlw.go.jp/znk-web/juminkanja/S2430/initialize?prefCd=18&kikanCd=2180006210&kikanKbn=2", "url2": null, "内容": "こうの内科耳鼻咽喉科【2:診療所】【診療科目:内科_耳鼻いんこう科】福井県越前市芝原５－１１－１" }, "geometry": { "type": "Point", "coordinates": [ 136.160319, 35.923144 ] } },
{ "type": "Feature", "properties": { "ID": 1822180006220, "正式名称": "ささはら整形外科", "機関区分": 2, "都道府県コード": 18, "市区町村コード": 210, "所在地": "福井県坂井市丸岡町一本田５－７０", "緯度": 36.149756, "経度": 136.265819, "url": "https://www.iryou.teikyouseido.mhlw.go.jp/znk-web/juminkanja/S2430/initialize?prefCd=18&kikanCd=2180006220&kikanKbn=2", "url2": null, "内容": "ささはら整形外科【2:診療所】【診療科目:整形外科_リウマチ科_リハビリテーション科】福井県坂井市丸岡町一本田５－７０" }, "geometry": { "type": "Point", "coordinates": [ 136.265819, 36.149756 ] } },
{ "type": "Feature", "properties": { "ID": 1822180006230, "正式名称": "はやしクリニック", "機関区分": 2, "都道府県コード": 18, "市区町村コード": 207, "所在地": "福井県鯖江市水落町２－２６－２８", "緯度": 35.962839, "経度": 136.187236, "url": "https://www.iryou.teikyouseido.mhlw.go.jp/znk-web/juminkanja/S2430/initialize?prefCd=18&kikanCd=2180006230&kikanKbn=2", "url2": "http://www.hayashi-cl.net", "内容": "はやしクリニック【2:診療所】【診療科目:内科_腎臓内科_人工透析内科_泌尿器科】福井県鯖江市水落町２－２６－２８" }, "geometry": { "type": "Point", "coordinates": [ 136.187236, 35.962839 ] } },
{ "type": "Feature", "properties": { "ID": 1822180006240, "正式名称": "高木北クリニック", "機関区分": 2, "都道府県コード": 18, "市区町村コード": 201, "所在地": "福井県福井市高木北１丁目３０１", "緯度": 36.098617, "経度": 136.230653, "url": "https://www.iryou.teikyouseido.mhlw.go.jp/znk-web/juminkanja/S2430/initialize?prefCd=18&kikanCd=2180006240&kikanKbn=2", "url2": null, "内容": "高木北クリニック【2:診療所】【診療科目:内科_呼吸器内科_循環器内科_外科_小児科】福井県福井市高木北１丁目３０１" }, "geometry": { "type": "Point", "coordinates": [ 136.230653, 36.098617 ] } },
{ "type": "Feature", "properties": { "ID": 1822180006250, "正式名称": "木原クリニック", "機関区分": 2, "都道府県コード": 18, "市区町村コード": 201, "所在地": "福井県福井市四ツ井１丁目１７－３０　フジビル２階Ｄ", "緯度": 36.065839, "経度": 136.236486, "url": "https://www.iryou.teikyouseido.mhlw.go.jp/znk-web/juminkanja/S2430/initialize?prefCd=18&kikanCd=2180006250&kikanKbn=2", "url2": "https://www.kihara-clinic.com", "内容": "木原クリニック【2:診療所】【診療科目:精神科_神経科_心療内科】福井県福井市四ツ井１丁目１７－３０　フジビル２階Ｄ" }, "geometry": { "type": "Point", "coordinates": [ 136.236486, 36.065839 ] } },
{ "type": "Feature", "properties": { "ID": 1822180006260, "正式名称": "医療法人東和会　加藤内科婦人科クリニック", "機関区分": 2, "都道府県コード": 18, "市区町村コード": 201, "所在地": "福井県福井市志比口１－１０－２８", "緯度": 36.068089, "経度": 136.233514, "url": "https://www.iryou.teikyouseido.mhlw.go.jp/znk-web/juminkanja/S2430/initialize?prefCd=18&kikanCd=2180006260&kikanKbn=2", "url2": "http://www.katouhomecare.ecnet.jp/", "内容": "医療法人東和会　加藤内科婦人科クリニック【2:診療所】【診療科目:内科_婦人科】福井県福井市志比口１－１０－２８" }, "geometry": { "type": "Point", "coordinates": [ 136.233514, 36.068089 ] } },
{ "type": "Feature", "properties": { "ID": 1822180006270, "正式名称": "医療法人清水内科循環器医院", "機関区分": 2, "都道府県コード": 18, "市区町村コード": 201, "所在地": "福井県福井市足羽２丁目１－２２", "緯度": 36.061561, "経度": 136.205458, "url": "https://www.iryou.teikyouseido.mhlw.go.jp/znk-web/juminkanja/S2430/initialize?prefCd=18&kikanCd=2180006270&kikanKbn=2", "url2": null, "内容": "医療法人清水内科循環器医院【2:診療所】【診療科目:内科_内分泌内科_糖尿病・代謝内科_呼吸器内科_循環器内科_消化器内科_腎臓内科_漢方内科】福井県福井市足羽２丁目１－２２" }, "geometry": { "type": "Point", "coordinates": [ 136.205458, 36.061561 ] } },
{ "type": "Feature", "properties": { "ID": 1822180006280, "正式名称": "はせペインクリニック", "機関区分": 2, "都道府県コード": 18, "市区町村コード": 202, "所在地": "福井県敦賀市中央町１－１３－３０", "緯度": 35.645839, "経度": 136.056486, "url": "https://www.iryou.teikyouseido.mhlw.go.jp/znk-web/juminkanja/S2430/initialize?prefCd=18&kikanCd=2180006280&kikanKbn=2", "url2": "http://www.hase-pain.jp", "内容": "はせペインクリニック【2:診療所】【診療科目:ペインクリニック内科_ペインクリニック整形外科_精神科_麻酔科】福井県敦賀市中央町１－１３－３０" }, "geometry": { "type": "Point", "coordinates": [ 136.056486, 35.645839 ] } },
{ "type": "Feature", "properties": { "ID": 1822180006290, "正式名称": "たけうちクリニック", "機関区分": 2, "都道府県コード": 18, "市区町村コード": 201, "所在地": "福井県福井市乾徳１－１－１７", "緯度": 36.071867, "経度": 136.212208, "url": "https://www.iryou.teikyouseido.mhlw.go.jp/znk-web/juminkanja/S2430/initialize?prefCd=18&kikanCd=2180006290&kikanKbn=2", "url2": null, "内容": "たけうちクリニック【2:診療所】【診療科目:内科_精神科_心療内科】福井県福井市乾徳１－１－１７" }, "geometry": { "type": "Point", "coordinates": [ 136.212208, 36.071867 ] } },
{ "type": "Feature", "properties": { "ID": 1822180006300, "正式名称": "ともだち診療所", "機関区分": 2, "都道府県コード": 18, "市区町村コード": 207, "所在地": "福井県鯖江市石田上町２３－１４", "緯度": 35.974561, "経度": 136.160486, "url": "https://www.iryou.teikyouseido.mhlw.go.jp/znk-web/juminkanja/S2430/initialize?prefCd=18&kikanCd=2180006300&kikanKbn=2", "url2": "http://tomodachi-cl.com", "内容": "ともだち診療所【2:診療所】【診療科目:内科_小児科】福井県鯖江市石田上町２３－１４" }, "geometry": { "type": "Point", "coordinates": [ 136.160486, 35.974561 ] } },
{ "type": "Feature", "properties": { "ID": 1822180500050, "正式名称": "くまもと眼科クリニック", "機関区分": 2, "都道府県コード": 18, "市区町村コード": 207, "所在地": "福井県鯖江市東鯖江１丁目４－２３", "緯度": 35.945068, "経度": 136.196304, "url": "https://www.iryou.teikyouseido.mhlw.go.jp/znk-web/juminkanja/S2430/initialize?prefCd=18&kikanCd=2180500050&kikanKbn=2", "url2": "http://www.kumamoto-eye-cl.com", "内容": "くまもと眼科クリニック【2:診療所】【診療科目:眼科】福井県鯖江市東鯖江１丁目４－２３" }, "geometry": { "type": "Point", "coordinates": [ 136.196304, 35.945068 ] } },
{ "type": "Feature", "properties": { "ID": 1822180500080, "正式名称": "メンタルクリニックもりた", "機関区分": 2, "都道府県コード": 18, "市区町村コード": 201, "所在地": "福井県福井市定正町１３０８", "緯度": 36.119374, "経度": 136.219147, "url": "https://www.iryou.teikyouseido.mhlw.go.jp/znk-web/juminkanja/S2430/initialize?prefCd=18&kikanCd=2180500080&kikanKbn=2", "url2": "https://mentalclinicmorita.wixsite.com/home", "内容": "メンタルクリニックもりた【2:診療所】【診療科目:精神科_心療内科】福井県福井市定正町１３０８" }, "geometry": { "type": "Point", "coordinates": [ 136.219147, 36.119374 ] } },
{ "type": "Feature", "properties": { "ID": 1822180500130, "正式名称": "桑原心療内科クリニック", "機関区分": 2, "都道府県コード": 18, "市区町村コード": 209, "所在地": "福井県越前市国府１－６－２", "緯度": 35.905337, "経度": 136.168741, "url": "https://www.iryou.teikyouseido.mhlw.go.jp/znk-web/juminkanja/S2430/initialize?prefCd=18&kikanCd=2180500130&kikanKbn=2", "url2": "https://kuwabaraclinic.com", "内容": "桑原心療内科クリニック【2:診療所】【診療科目:精神科_心療内科】福井県越前市国府１－６－２" }, "geometry": { "type": "Point", "coordinates": [ 136.168741, 35.905337 ] } },
{ "type": "Feature", "properties": { "ID": 1822180500170, "正式名称": "はやし内科外科", "機関区分": 2, "都道府県コード": 18, "市区町村コード": 209, "所在地": "福井県越前市若竹町７－５", "緯度": 35.894275, "経度": 136.167697, "url": "https://www.iryou.teikyouseido.mhlw.go.jp/znk-web/juminkanja/S2430/initialize?prefCd=18&kikanCd=2180500170&kikanKbn=2", "url2": null, "内容": "はやし内科外科【2:診療所】【診療科目:内科_呼吸器内科_消化器内科_外科】福井県越前市若竹町７－５" }, "geometry": { "type": "Point", "coordinates": [ 136.167697, 35.894275 ] } },
{ "type": "Feature", "properties": { "ID": 1822180500180, "正式名称": "土屋耳鼻咽喉科クリニック", "機関区分": 2, "都道府県コード": 18, "市区町村コード": 207, "所在地": "福井県鯖江市三六町２－４－１５", "緯度": 35.972678, "経度": 136.179545, "url": "https://www.iryou.teikyouseido.mhlw.go.jp/znk-web/juminkanja/S2430/initialize?prefCd=18&kikanCd=2180500180&kikanKbn=2", "url2": null, "内容": "土屋耳鼻咽喉科クリニック【2:診療所】【診療科目:耳鼻いんこう科_アレルギー科】福井県鯖江市三六町２－４－１５" }, "geometry": { "type": "Point", "coordinates": [ 136.179545, 35.972678 ] } },
{ "type": "Feature", "properties": { "ID": 1822180500280, "正式名称": "きむら耳鼻咽喉科", "機関区分": 2, "都道府県コード": 18, "市区町村コード": 201, "所在地": "福井県福井市若杉町４－６０９", "緯度": 36.059142, "経度": 136.182734, "url": "https://www.iryou.teikyouseido.mhlw.go.jp/znk-web/juminkanja/S2430/initialize?prefCd=18&kikanCd=2180500280&kikanKbn=2", "url2": "https://kimura-ent.jp/", "内容": "きむら耳鼻咽喉科【2:診療所】【診療科目:小児科_耳鼻いんこう科_アレルギー科】福井県福井市若杉町４－６０９" }, "geometry": { "type": "Point", "coordinates": [ 136.182734, 36.059142 ] } },
{ "type": "Feature", "properties": { "ID": 1822180500290, "正式名称": "みつや心療クリニック", "機関区分": 2, "都道府県コード": 18, "市区町村コード": 207, "所在地": "福井県鯖江市五郎丸町２７３", "緯度": 35.933677, "経度": 136.190719, "url": "https://www.iryou.teikyouseido.mhlw.go.jp/znk-web/juminkanja/S2430/initialize?prefCd=18&kikanCd=2180500290&kikanKbn=2", "url2": "http://www.mitsuya-mental-clinic.org/", "内容": "みつや心療クリニック【2:診療所】【診療科目:精神科_心療内科】福井県鯖江市五郎丸町２７３" }, "geometry": { "type": "Point", "coordinates": [ 136.190719, 35.933677 ] } },
{ "type": "Feature", "properties": { "ID": 1822180500300, "正式名称": "福井県農業会館診療所", "機関区分": 2, "都道府県コード": 18, "市区町村コード": 201, "所在地": "福井県福井市大手３丁目２番１８号", "緯度": 36.063548, "経度": 136.220642, "url": "https://www.iryou.teikyouseido.mhlw.go.jp/znk-web/juminkanja/S2430/initialize?prefCd=18&kikanCd=2180500300&kikanKbn=2", "url2": null, "内容": "福井県農業会館診療所【2:診療所】【診療科目:内科】福井県福井市大手３丁目２番１８号" }, "geometry": { "type": "Point", "coordinates": [ 136.220642, 36.063548 ] } },
{ "type": "Feature", "properties": { "ID": 1822180500320, "正式名称": "藤井医院", "機関区分": 2, "都道府県コード": 18, "市区町村コード": 209, "所在地": "福井県越前市文京１丁目６－２８", "緯度": 35.891117, "経度": 136.160458, "url": "https://www.iryou.teikyouseido.mhlw.go.jp/znk-web/juminkanja/S2430/initialize?prefCd=18&kikanCd=2180500320&kikanKbn=2", "url2": null, "内容": "藤井医院【2:診療所】【診療科目:内科_呼吸器内科_循環器内科_消化器内科_小児科_婦人科_泌尿器科】福井県越前市文京１丁目６－２８" }, "geometry": { "type": "Point", "coordinates": [ 136.160458, 35.891117 ] } },
{ "type": "Feature", "properties": { "ID": 1822180500490, "正式名称": "きんせんクリニック", "機関区分": 2, "都道府県コード": 18, "市区町村コード": 201, "所在地": "福井県福井市板垣４丁目１１４", "緯度": 36.045939, "経度": 136.227105, "url": "https://www.iryou.teikyouseido.mhlw.go.jp/znk-web/juminkanja/S2430/initialize?prefCd=18&kikanCd=2180500490&kikanKbn=2", "url2": "http://kinsenn-clinic.net", "内容": "きんせんクリニック【2:診療所】【診療科目:耳鼻いんこう科】福井県福井市板垣４丁目１１４" }, "geometry": { "type": "Point", "coordinates": [ 136.227105, 36.045939 ] } },
{ "type": "Feature", "properties": { "ID": 1822180500520, "正式名称": "こまつクリニック", "機関区分": 2, "都道府県コード": 18, "市区町村コード": 201, "所在地": "福井県福井市高柳２丁目１３０１番地　レインボービル２階", "緯度": 36.097666, "経度": 136.246828, "url": "https://www.iryou.teikyouseido.mhlw.go.jp/znk-web/juminkanja/S2430/initialize?prefCd=18&kikanCd=2180500520&kikanKbn=2", "url2": "https://www.komatsu-clinic.jp/", "内容": "こまつクリニック【2:診療所】【診療科目:精神科_心療内科】福井県福井市高柳２丁目１３０１番地　レインボービル２階" }, "geometry": { "type": "Point", "coordinates": [ 136.246828, 36.097666 ] } },
{ "type": "Feature", "properties": { "ID": 1822180500560, "正式名称": "さわい皮ふ科クリニック", "機関区分": 2, "都道府県コード": 18, "市区町村コード": 442, "所在地": "福井県三方郡美浜町興道寺８号３８番２", "緯度": 35.59857, "経度": 135.942266, "url": "https://www.iryou.teikyouseido.mhlw.go.jp/znk-web/juminkanja/S2430/initialize?prefCd=18&kikanCd=2180500560&kikanKbn=2", "url2": "www.sawaihf.com", "内容": "さわい皮ふ科クリニック【2:診療所】【診療科目:皮膚科】福井県三方郡美浜町興道寺８号３８番２" }, "geometry": { "type": "Point", "coordinates": [ 135.942266, 35.59857 ] } },
{ "type": "Feature", "properties": { "ID": 1822180500570, "正式名称": "くわばら皮膚科クリニック", "機関区分": 2, "都道府県コード": 18, "市区町村コード": 201, "所在地": "福井県福井市城東２－６－１", "緯度": 36.0555, "経度": 136.242998, "url": "https://www.iryou.teikyouseido.mhlw.go.jp/znk-web/juminkanja/S2430/initialize?prefCd=18&kikanCd=2180500570&kikanKbn=2", "url2": "http://hifuka.wp.xdomain.jp/hifuka/", "内容": "くわばら皮膚科クリニック【2:診療所】【診療科目:皮膚科_アレルギー科】福井県福井市城東２－６－１" }, "geometry": { "type": "Point", "coordinates": [ 136.242998, 36.0555 ] } },
{ "type": "Feature", "properties": { "ID": 1822180500660, "正式名称": "安土整形外科医院", "機関区分": 2, "都道府県コード": 18, "市区町村コード": 201, "所在地": "福井県福井市中央２丁目７－１９", "緯度": 36.059065, "経度": 136.218147, "url": "https://www.iryou.teikyouseido.mhlw.go.jp/znk-web/juminkanja/S2430/initialize?prefCd=18&kikanCd=2180500660&kikanKbn=2", "url2": null, "内容": "安土整形外科医院【2:診療所】【診療科目:内科_脳神経外科_整形外科_リウマチ科_リハビリテーション科】福井県福井市中央２丁目７－１９" }, "geometry": { "type": "Point", "coordinates": [ 136.218147, 36.059065 ] } },
{ "type": "Feature", "properties": { "ID": 1822180500750, "正式名称": "たわらまち整形外科・内科クリニック", "機関区分": 2, "都道府県コード": 18, "市区町村コード": 201, "所在地": "福井県福井市文京２－１－１５", "緯度": 36.075188, "経度": 136.217302, "url": "https://www.iryou.teikyouseido.mhlw.go.jp/znk-web/juminkanja/S2430/initialize?prefCd=18&kikanCd=2180500750&kikanKbn=2", "url2": "https://tawaramachi.jp", "内容": "たわらまち整形外科・内科クリニック【2:診療所】【診療科目:内科_糖尿病内科_循環器内科_消化器内科_外科_整形外科_リウマチ科_リハビリテーション科】福井県福井市文京２－１－１５" }, "geometry": { "type": "Point", "coordinates": [ 136.217302, 36.075188 ] } },
{ "type": "Feature", "properties": { "ID": 1822180500760, "正式名称": "藤田胃腸科・内科・外科医院", "機関区分": 2, "都道府県コード": 18, "市区町村コード": 207, "所在地": "福井県鯖江市水落町４丁目１６－２４", "緯度": 35.970761, "経度": 136.186675, "url": "https://www.iryou.teikyouseido.mhlw.go.jp/znk-web/juminkanja/S2430/initialize?prefCd=18&kikanCd=2180500760&kikanKbn=2", "url2": "https://fujitaityoukanaikageka.com/", "内容": "藤田胃腸科・内科・外科医院【2:診療所】【診療科目:内科_胃腸内科_外科_整形外科_皮膚科】福井県鯖江市水落町４丁目１６－２４" }, "geometry": { "type": "Point", "coordinates": [ 136.186675, 35.970761 ] } },
{ "type": "Feature", "properties": { "ID": 1822180500770, "正式名称": "耳鼻咽喉科アレルギー科　やまもとクリニック", "機関区分": 2, "都道府県コード": 18, "市区町村コード": 209, "所在地": "福井県越前市庄町１－１", "緯度": 35.910204, "経度": 136.191216, "url": "https://www.iryou.teikyouseido.mhlw.go.jp/znk-web/juminkanja/S2430/initialize?prefCd=18&kikanCd=2180500770&kikanKbn=2", "url2": "http://yamamoto-ent.net", "内容": "耳鼻咽喉科アレルギー科　やまもとクリニック【2:診療所】【診療科目:耳鼻いんこう科_アレルギー科】福井県越前市庄町１－１" }, "geometry": { "type": "Point", "coordinates": [ 136.191216, 35.910204 ] } },
{ "type": "Feature", "properties": { "ID": 1822180500830, "正式名称": "医療法人　笠原医院　かさはら小児科", "機関区分": 2, "都道府県コード": 18, "市区町村コード": 201, "所在地": "福井県福井市大和田２丁目２０５番地", "緯度": 36.095839, "経度": 136.246981, "url": "https://www.iryou.teikyouseido.mhlw.go.jp/znk-web/juminkanja/S2430/initialize?prefCd=18&kikanCd=2180500830&kikanKbn=2", "url2": "http://kasaharaclinic.jp/", "内容": "医療法人　笠原医院　かさはら小児科【2:診療所】【診療科目:内科_小児科】福井県福井市大和田２丁目２０５番地" }, "geometry": { "type": "Point", "coordinates": [ 136.246981, 36.095839 ] } },
{ "type": "Feature", "properties": { "ID": 1822180500900, "正式名称": "まつだ眼科", "機関区分": 2, "都道府県コード": 18, "市区町村コード": 201, "所在地": "福井県福井市文京６丁目２８番７号", "緯度": 36.077563, "経度": 136.200754, "url": "https://www.iryou.teikyouseido.mhlw.go.jp/znk-web/juminkanja/S2430/initialize?prefCd=18&kikanCd=2180500900&kikanKbn=2", "url2": "https://www.matuda-ganka.com/", "内容": "まつだ眼科【2:診療所】【診療科目:眼科】福井県福井市文京６丁目２８番７号" }, "geometry": { "type": "Point", "coordinates": [ 136.200754, 36.077563 ] } },
{ "type": "Feature", "properties": { "ID": 1822180500910, "正式名称": "山本こども診療所", "機関区分": 2, "都道府県コード": 18, "市区町村コード": 501, "所在地": "福井県三方上中郡若狭町市場１４－３－１", "緯度": 35.460885, "経度": 135.856194, "url": "https://www.iryou.teikyouseido.mhlw.go.jp/znk-web/juminkanja/S2430/initialize?prefCd=18&kikanCd=2180500910&kikanKbn=2", "url2": null, "内容": "山本こども診療所【2:診療所】【診療科目:小児科_アレルギー科】福井県三方上中郡若狭町市場１４－３－１" }, "geometry": { "type": "Point", "coordinates": [ 135.856194, 35.460885 ] } },
{ "type": "Feature", "properties": { "ID": 1822180500970, "正式名称": "広岡クリニック", "機関区分": 2, "都道府県コード": 18, "市区町村コード": 205, "所在地": "福井県大野市陽明町２－２０１", "緯度": 35.990736, "経度": 136.498439, "url": "https://www.iryou.teikyouseido.mhlw.go.jp/znk-web/juminkanja/S2430/initialize?prefCd=18&kikanCd=2180500970&kikanKbn=2", "url2": null, "内容": "広岡クリニック【2:診療所】【診療科目:内科_呼吸器内科_循環器内科_消化器内科_胃腸内科_アレルギー疾患内科_皮膚科_アレルギー科】福井県大野市陽明町２－２０１" }, "geometry": { "type": "Point", "coordinates": [ 136.498439, 35.990736 ] } },
{ "type": "Feature", "properties": { "ID": 1822180501000, "正式名称": "杉本リウマチ内科クリニック", "機関区分": 2, "都道府県コード": 18, "市区町村コード": 201, "所在地": "福井県福井市舟橋新２丁目１０９", "緯度": 36.097932, "経度": 136.207465, "url": "https://www.iryou.teikyouseido.mhlw.go.jp/znk-web/juminkanja/S2430/initialize?prefCd=18&kikanCd=2180501000&kikanKbn=2", "url2": null, "内容": "杉本リウマチ内科クリニック【2:診療所】【診療科目:内科_リウマチ科】福井県福井市舟橋新２丁目１０９" }, "geometry": { "type": "Point", "coordinates": [ 136.207465, 36.097932 ] } },
{ "type": "Feature", "properties": { "ID": 1822180501020, "正式名称": "大滝クリニック", "機関区分": 2, "都道府県コード": 18, "市区町村コード": 201, "所在地": "福井県福井市大願寺３丁目９－３", "緯度": 36.084398, "経度": 136.228302, "url": "https://www.iryou.teikyouseido.mhlw.go.jp/znk-web/juminkanja/S2430/initialize?prefCd=18&kikanCd=2180501020&kikanKbn=2", "url2": "http://fukui-youi.com/", "内容": "大滝クリニック【2:診療所】【診療科目:内科_呼吸器内科_循環器内科_胃腸内科_外科】福井県福井市大願寺３丁目９－３" }, "geometry": { "type": "Point", "coordinates": [ 136.228302, 36.084398 ] } },
{ "type": "Feature", "properties": { "ID": 1822180501090, "正式名称": "本馬医院", "機関区分": 2, "都道府県コード": 18, "市区町村コード": 204, "所在地": "福井県小浜市水取１－６－９", "緯度": 35.504829, "経度": 135.752586, "url": "https://www.iryou.teikyouseido.mhlw.go.jp/znk-web/juminkanja/S2430/initialize?prefCd=18&kikanCd=2180501090&kikanKbn=2", "url2": "https://honma-cl.jp/", "内容": "本馬医院【2:診療所】【診療科目:0】福井県小浜市水取１－６－９" }, "geometry": { "type": "Point", "coordinates": [ 135.752586, 35.504829 ] } },
{ "type": "Feature", "properties": { "ID": 1822180501140, "正式名称": "野尻医院しらやま診療所", "機関区分": 2, "都道府県コード": 18, "市区町村コード": 209, "所在地": "福井県越前市菖蒲谷町１９号８番地の６", "緯度": 35.885869, "経度": 136.051815, "url": "https://www.iryou.teikyouseido.mhlw.go.jp/znk-web/juminkanja/S2430/initialize?prefCd=18&kikanCd=2180501140&kikanKbn=2", "url2": null, "内容": "野尻医院しらやま診療所【2:診療所】【診療科目:0】福井県越前市菖蒲谷町１９号８番地の６" }, "geometry": { "type": "Point", "coordinates": [ 136.051815, 35.885869 ] } },
{ "type": "Feature", "properties": { "ID": 1822180501220, "正式名称": "医療法人社団ふくい南アイクリニック", "機関区分": 2, "都道府県コード": 18, "市区町村コード": 201, "所在地": "福井県福井市下馬３丁目１８１５", "緯度": 36.039187, "経度": 136.236968, "url": "https://www.iryou.teikyouseido.mhlw.go.jp/znk-web/juminkanja/S2430/initialize?prefCd=18&kikanCd=2180501220&kikanKbn=2", "url2": "http://fukuminami.com/", "内容": "医療法人社団ふくい南アイクリニック【2:診療所】【診療科目:0】福井県福井市下馬３丁目１８１５" }, "geometry": { "type": "Point", "coordinates": [ 136.236968, 36.039187 ] } },
{ "type": "Feature", "properties": { "ID": 1822180501250, "正式名称": "かどかわクリニック", "機関区分": 2, "都道府県コード": 18, "市区町村コード": 481, "所在地": "福井県大飯郡高浜町宮崎６３字東丁田１３－１", "緯度": 35.486372, "経度": 135.551419, "url": "https://www.iryou.teikyouseido.mhlw.go.jp/znk-web/juminkanja/S2430/initialize?prefCd=18&kikanCd=2180501250&kikanKbn=2", "url2": null, "内容": "かどかわクリニック【2:診療所】【診療科目:0】福井県大飯郡高浜町宮崎６３字東丁田１３－１" }, "geometry": { "type": "Point", "coordinates": [ 135.551419, 35.486372 ] } },
{ "type": "Feature", "properties": { "ID": 1822180501330, "正式名称": "公益財団法人福井県労働衛生センター附属診療所", "機関区分": 2, "都道府県コード": 18, "市区町村コード": 201, "所在地": "福井県福井市日光１丁目３番１０号", "緯度": 36.071871, "経度": 136.203006, "url": "https://www.iryou.teikyouseido.mhlw.go.jp/znk-web/juminkanja/S2430/initialize?prefCd=18&kikanCd=2180501330&kikanKbn=2", "url2": "https://www.fukui-kenkou.com/index.html", "内容": "公益財団法人福井県労働衛生センター附属診療所【2:診療所】【診療科目:0】福井県福井市日光１丁目３番１０号" }, "geometry": { "type": "Point", "coordinates": [ 136.203006, 36.071871 ] } },
{ "type": "Feature", "properties": { "ID": 1822180501410, "正式名称": "大山クリニック", "機関区分": 2, "都道府県コード": 18, "市区町村コード": 201, "所在地": "福井県福井市西方２丁目１９－３", "緯度": 36.052366, "経度": 136.239163, "url": "https://www.iryou.teikyouseido.mhlw.go.jp/znk-web/juminkanja/S2430/initialize?prefCd=18&kikanCd=2180501410&kikanKbn=2", "url2": "https://oyama-cl.com/", "内容": "大山クリニック【2:診療所】【診療科目:0】福井県福井市西方２丁目１９－３" }, "geometry": { "type": "Point", "coordinates": [ 136.239163, 36.052366 ] } },
{ "type": "Feature", "properties": { "ID": 1822180501520, "正式名称": "医療法人　悠尚会　まつだ内科クリニック", "機関区分": 2, "都道府県コード": 18, "市区町村コード": 201, "所在地": "福井県福井市町屋２丁目５番２５号", "緯度": 36.077741, "経度": 136.229037, "url": "https://www.iryou.teikyouseido.mhlw.go.jp/znk-web/juminkanja/S2430/initialize?prefCd=18&kikanCd=2180501520&kikanKbn=2", "url2": "http://matsuda-intern-med-clinic.jimdo.com/", "内容": "医療法人　悠尚会　まつだ内科クリニック【2:診療所】【診療科目:0】福井県福井市町屋２丁目５番２５号" }, "geometry": { "type": "Point", "coordinates": [ 136.229037, 36.077741 ] } },
{ "type": "Feature", "properties": { "ID": 1822180501570, "正式名称": "医療法人　延仁会　田中内科クリニック", "機関区分": 2, "都道府県コード": 18, "市区町村コード": 201, "所在地": "福井県福井市若杉４丁目５１２", "緯度": 36.057617, "経度": 136.18575, "url": "https://www.iryou.teikyouseido.mhlw.go.jp/znk-web/juminkanja/S2430/initialize?prefCd=18&kikanCd=2180501570&kikanKbn=2", "url2": "https://tanakanaika-clinic.jp", "内容": "医療法人　延仁会　田中内科クリニック【2:診療所】【診療科目:0】福井県福井市若杉４丁目５１２" }, "geometry": { "type": "Point", "coordinates": [ 136.18575, 36.057617 ] } },
{ "type": "Feature", "properties": { "ID": 1822180501580, "正式名称": "鯖江腎臓クリニック", "機関区分": 2, "都道府県コード": 18, "市区町村コード": 207, "所在地": "福井県鯖江市五郎丸町２４号２２番地", "緯度": 35.932695, "経度": 136.191492, "url": "https://www.iryou.teikyouseido.mhlw.go.jp/znk-web/juminkanja/S2430/initialize?prefCd=18&kikanCd=2180501580&kikanKbn=2", "url2": "http://sabae-kidney-clinic.jp/", "内容": "鯖江腎臓クリニック【2:診療所】【診療科目:0】福井県鯖江市五郎丸町２４号２２番地" }, "geometry": { "type": "Point", "coordinates": [ 136.191492, 35.932695 ] } },
{ "type": "Feature", "properties": { "ID": 1822180501620, "正式名称": "岩堀メディカルオフィス", "機関区分": 2, "都道府県コード": 18, "市区町村コード": 209, "所在地": "福井県越前市神明町４－１２", "緯度": 35.898119, "経度": 136.168166, "url": "https://www.iryou.teikyouseido.mhlw.go.jp/znk-web/juminkanja/S2430/initialize?prefCd=18&kikanCd=2180501620&kikanKbn=2", "url2": "http://iwahori.jp", "内容": "岩堀メディカルオフィス【2:診療所】【診療科目:0】福井県越前市神明町４－１２" }, "geometry": { "type": "Point", "coordinates": [ 136.168166, 35.898119 ] } },
{ "type": "Feature", "properties": { "ID": 1822180501640, "正式名称": "さいとう耳鼻咽喉科クリニック", "機関区分": 2, "都道府県コード": 18, "市区町村コード": 201, "所在地": "福井県福井市大宮２丁目２７－２２", "緯度": 36.082875, "経度": 136.217454, "url": "https://www.iryou.teikyouseido.mhlw.go.jp/znk-web/juminkanja/S2430/initialize?prefCd=18&kikanCd=2180501640&kikanKbn=2", "url2": "http://saito-ent-clinic.com", "内容": "さいとう耳鼻咽喉科クリニック【2:診療所】【診療科目:0】福井県福井市大宮２丁目２７－２２" }, "geometry": { "type": "Point", "coordinates": [ 136.217454, 36.082875 ] } },
{ "type": "Feature", "properties": { "ID": 1822180501660, "正式名称": "なんぶ眼科クリニック", "機関区分": 2, "都道府県コード": 18, "市区町村コード": 209, "所在地": "福井県越前市あおば町１番３０号", "緯度": 35.89762, "経度": 136.1682, "url": "https://www.iryou.teikyouseido.mhlw.go.jp/znk-web/juminkanja/S2430/initialize?prefCd=18&kikanCd=2180501660&kikanKbn=2", "url2": null, "内容": "なんぶ眼科クリニック【2:診療所】【診療科目:0】福井県越前市あおば町１番３０号" }, "geometry": { "type": "Point", "coordinates": [ 136.1682, 35.89762 ] } },
{ "type": "Feature", "properties": { "ID": 1822180501690, "正式名称": "神野美容形成外科クリニック", "機関区分": 2, "都道府県コード": 18, "市区町村コード": 201, "所在地": "福井県福井市下馬３－１８１７", "緯度": 36.039369, "経度": 136.236871, "url": "https://www.iryou.teikyouseido.mhlw.go.jp/znk-web/juminkanja/S2430/initialize?prefCd=18&kikanCd=2180501690&kikanKbn=2", "url2": "http://jinno-c.com", "内容": "神野美容形成外科クリニック【2:診療所】【診療科目:0】福井県福井市下馬３－１８１７" }, "geometry": { "type": "Point", "coordinates": [ 136.236871, 36.039369 ] } },
{ "type": "Feature", "properties": { "ID": 1822180501770, "正式名称": "しんたにクリニック", "機関区分": 2, "都道府県コード": 18, "市区町村コード": 204, "所在地": "福井県小浜市駅前町６－３７", "緯度": 35.493049, "経度": 135.745083, "url": "https://www.iryou.teikyouseido.mhlw.go.jp/znk-web/juminkanja/S2430/initialize?prefCd=18&kikanCd=2180501770&kikanKbn=2", "url2": "https://shintani-cl.jp/", "内容": "しんたにクリニック【2:診療所】【診療科目:0】福井県小浜市駅前町６－３７" }, "geometry": { "type": "Point", "coordinates": [ 135.745083, 35.493049 ] } },
{ "type": "Feature", "properties": { "ID": 1822180501860, "正式名称": "若狭町国民健康保険上中診療所", "機関区分": 2, "都道府県コード": 18, "市区町村コード": 501, "所在地": "福井県三方上中郡若狭町市場１９－５", "緯度": 35.46183, "経度": 135.857908, "url": "https://www.iryou.teikyouseido.mhlw.go.jp/znk-web/juminkanja/S2430/initialize?prefCd=18&kikanCd=2180501860&kikanKbn=2", "url2": "https://kaminakashinryojyo.jp/", "内容": "若狭町国民健康保険上中診療所【2:診療所】【診療科目:0】福井県三方上中郡若狭町市場１９－５" }, "geometry": { "type": "Point", "coordinates": [ 135.857908, 35.46183 ] } },
{ "type": "Feature", "properties": { "ID": 1822180501960, "正式名称": "菜の花こころのクリニック", "機関区分": 2, "都道府県コード": 18, "市区町村コード": 210, "所在地": "福井県坂井市春江町江留下高道３６－１", "緯度": 36.131157, "経度": 136.220296, "url": "https://www.iryou.teikyouseido.mhlw.go.jp/znk-web/juminkanja/S2430/initialize?prefCd=18&kikanCd=2180501960&kikanKbn=2", "url2": "http://nanohanacococli.com/", "内容": "菜の花こころのクリニック【2:診療所】【診療科目:0】福井県坂井市春江町江留下高道３６－１" }, "geometry": { "type": "Point", "coordinates": [ 136.220296, 36.131157 ] } },
{ "type": "Feature", "properties": { "ID": 1822180502240, "正式名称": "丘の上整形外科医院", "機関区分": 2, "都道府県コード": 18, "市区町村コード": 322, "所在地": "福井県吉田郡永平寺町松岡神明３－６８", "緯度": 36.092806, "経度": 136.300656, "url": "https://www.iryou.teikyouseido.mhlw.go.jp/znk-web/juminkanja/S2430/initialize?prefCd=18&kikanCd=2180502240&kikanKbn=2", "url2": null, "内容": "丘の上整形外科医院【2:診療所】【診療科目:0】福井県吉田郡永平寺町松岡神明３－６８" }, "geometry": { "type": "Point", "coordinates": [ 136.300656, 36.092806 ] } },
{ "type": "Feature", "properties": { "ID": 1822180502290, "正式名称": "つばさ内科クリニック", "機関区分": 2, "都道府県コード": 18, "市区町村コード": 210, "所在地": "福井県坂井市丸岡町南横地４－４６－１", "緯度": 36.124758, "経度": 136.24848, "url": "https://www.iryou.teikyouseido.mhlw.go.jp/znk-web/juminkanja/S2430/initialize?prefCd=18&kikanCd=2180502290&kikanKbn=2", "url2": "https://www.tsubasanaika.com/", "内容": "つばさ内科クリニック【2:診療所】【診療科目:0】福井県坂井市丸岡町南横地４－４６－１" }, "geometry": { "type": "Point", "coordinates": [ 136.24848, 36.124758 ] } },
{ "type": "Feature", "properties": { "ID": 1822180502300, "正式名称": "永平寺クリニック", "機関区分": 2, "都道府県コード": 18, "市区町村コード": 322, "所在地": "福井県吉田郡永平寺町東古市１３－１６", "緯度": 36.098432, "経度": 136.326661, "url": "https://www.iryou.teikyouseido.mhlw.go.jp/znk-web/juminkanja/S2430/initialize?prefCd=18&kikanCd=2180502300&kikanKbn=2", "url2": "eiheiji-clinic.jp", "内容": "永平寺クリニック【2:診療所】【診療科目:0】福井県吉田郡永平寺町東古市１３－１６" }, "geometry": { "type": "Point", "coordinates": [ 136.326661, 36.098432 ] } },
{ "type": "Feature", "properties": { "ID": 1822180502350, "正式名称": "泉ヶ丘病院附属かなわクリニック", "機関区分": 2, "都道府県コード": 18, "市区町村コード": 202, "所在地": "福井県敦賀市鉄輪町１－２－５５", "緯度": 35.643523, "経度": 136.073103, "url": "https://www.iryou.teikyouseido.mhlw.go.jp/znk-web/juminkanja/S2430/initialize?prefCd=18&kikanCd=2180502350&kikanKbn=2", "url2": "http://www.izumigaoka.jp/", "内容": "泉ヶ丘病院附属かなわクリニック【2:診療所】【診療科目:0】福井県敦賀市鉄輪町１－２－５５" }, "geometry": { "type": "Point", "coordinates": [ 136.073103, 35.643523 ] } },
{ "type": "Feature", "properties": { "ID": 1822180502410, "正式名称": "たかしま皮膚科クリニック", "機関区分": 2, "都道府県コード": 18, "市区町村コード": 201, "所在地": "福井県福井市二の宮４丁目１３－１３", "緯度": 36.084014, "経度": 136.21252, "url": "https://www.iryou.teikyouseido.mhlw.go.jp/znk-web/juminkanja/S2430/initialize?prefCd=18&kikanCd=2180502410&kikanKbn=2", "url2": "http://takashima-hifuka.com/", "内容": "たかしま皮膚科クリニック【2:診療所】【診療科目:0】福井県福井市二の宮４丁目１３－１３" }, "geometry": { "type": "Point", "coordinates": [ 136.21252, 36.084014 ] } },
{ "type": "Feature", "properties": { "ID": 1822180502460, "正式名称": "竹内内科クリニック", "機関区分": 2, "都道府県コード": 18, "市区町村コード": 202, "所在地": "福井県敦賀市砂流４０－２－４", "緯度": 35.622397, "経度": 136.048128, "url": "https://www.iryou.teikyouseido.mhlw.go.jp/znk-web/juminkanja/S2430/initialize?prefCd=18&kikanCd=2180502460&kikanKbn=2", "url2": "http://www.takeuchi-clinic-tsuruga.com/", "内容": "竹内内科クリニック【2:診療所】【診療科目:0】福井県敦賀市砂流４０－２－４" }, "geometry": { "type": "Point", "coordinates": [ 136.048128, 35.622397 ] } },
{ "type": "Feature", "properties": { "ID": 1822180502510, "正式名称": "たけふクリニック", "機関区分": 2, "都道府県コード": 18, "市区町村コード": 209, "所在地": "福井県越前市村国３丁目１－１２", "緯度": 35.909064, "経度": 136.177136, "url": "https://www.iryou.teikyouseido.mhlw.go.jp/znk-web/juminkanja/S2430/initialize?prefCd=18&kikanCd=2180502510&kikanKbn=2", "url2": "http://takefu.syouei-kai.com/", "内容": "たけふクリニック【2:診療所】【診療科目:0】福井県越前市村国３丁目１－１２" }, "geometry": { "type": "Point", "coordinates": [ 136.177136, 35.909064 ] } },
{ "type": "Feature", "properties": { "ID": 1822180502590, "正式名称": "医療法人カンマ　こころとからだクリニック福井", "機関区分": 2, "都道府県コード": 18, "市区町村コード": 201, "所在地": "福井県福井市新田塚２丁目３２番１６号", "緯度": 36.089069, "経度": 136.204238, "url": "https://www.iryou.teikyouseido.mhlw.go.jp/znk-web/juminkanja/S2430/initialize?prefCd=18&kikanCd=2180502590&kikanKbn=2", "url2": "https://fukuikokorotokarada.com/", "内容": "医療法人カンマ　こころとからだクリニック福井【2:診療所】【診療科目:0】福井県福井市新田塚２丁目３２番１６号" }, "geometry": { "type": "Point", "coordinates": [ 136.204238, 36.089069 ] } },
{ "type": "Feature", "properties": { "ID": 1822180502700, "正式名称": "すなが耳鼻咽喉科", "機関区分": 2, "都道府県コード": 18, "市区町村コード": 201, "所在地": "福井県福井市舟橋黒竜２－２０７", "緯度": 36.098881, "経度": 136.213137, "url": "https://www.iryou.teikyouseido.mhlw.go.jp/znk-web/juminkanja/S2430/initialize?prefCd=18&kikanCd=2180502700&kikanKbn=2", "url2": "https://sunaga-ent.jp", "内容": "すなが耳鼻咽喉科【2:診療所】【診療科目:0】福井県福井市舟橋黒竜２－２０７" }, "geometry": { "type": "Point", "coordinates": [ 136.213137, 36.098881 ] } },
{ "type": "Feature", "properties": { "ID": 1822180502820, "正式名称": "医療法人　横垣クリニック", "機関区分": 2, "都道府県コード": 18, "市区町村コード": 208, "所在地": "福井県あわら市横垣第１８号１１番地", "緯度": 36.223779, "経度": 136.214308, "url": "https://www.iryou.teikyouseido.mhlw.go.jp/znk-web/juminkanja/S2430/initialize?prefCd=18&kikanCd=2180502820&kikanKbn=2", "url2": "https://careheights.jp/facility/clinic/", "内容": "医療法人　横垣クリニック【2:診療所】【診療科目:0】福井県あわら市横垣第１８号１１番地" }, "geometry": { "type": "Point", "coordinates": [ 136.214308, 36.223779 ] } },
{ "type": "Feature", "properties": { "ID": 1822180502930, "正式名称": "みのり眼科", "機関区分": 2, "都道府県コード": 18, "市区町村コード": 201, "所在地": "福井県福井市みのり３丁目２－２７", "緯度": 36.052067, "経度": 136.209545, "url": "https://www.iryou.teikyouseido.mhlw.go.jp/znk-web/juminkanja/S2430/initialize?prefCd=18&kikanCd=2180502930&kikanKbn=2", "url2": "https://minori-ganka.jp/", "内容": "みのり眼科【2:診療所】【診療科目:0】福井県福井市みのり３丁目２－２７" }, "geometry": { "type": "Point", "coordinates": [ 136.209545, 36.052067 ] } },
{ "type": "Feature", "properties": { "ID": 1822180503010, "正式名称": "谷川内科クリニック", "機関区分": 2, "都道府県コード": 18, "市区町村コード": 207, "所在地": "福井県鯖江市本町４丁目３番１４号", "緯度": 35.949811, "経度": 136.184935, "url": "https://www.iryou.teikyouseido.mhlw.go.jp/znk-web/juminkanja/S2430/initialize?prefCd=18&kikanCd=2180503010&kikanKbn=2", "url2": null, "内容": "谷川内科クリニック【2:診療所】【診療科目:0】福井県鯖江市本町４丁目３番１４号" }, "geometry": { "type": "Point", "coordinates": [ 136.184935, 35.949811 ] } },
{ "type": "Feature", "properties": { "ID": 1822180503030, "正式名称": "西浦医院", "機関区分": 2, "都道府県コード": 18, "市区町村コード": 201, "所在地": "福井県福井市つくも２丁目５－４", "緯度": 36.06181, "経度": 136.209199, "url": "https://www.iryou.teikyouseido.mhlw.go.jp/znk-web/juminkanja/S2430/initialize?prefCd=18&kikanCd=2180503030&kikanKbn=2", "url2": null, "内容": "西浦医院【2:診療所】【診療科目:0】福井県福井市つくも２丁目５－４" }, "geometry": { "type": "Point", "coordinates": [ 136.209199, 36.06181 ] } },
{ "type": "Feature", "properties": { "ID": 1822180503200, "正式名称": "永平寺町立在宅訪問診療所", "機関区分": 2, "都道府県コード": 18, "市区町村コード": 322, "所在地": "福井県吉田郡永平寺町松岡兼定島第３８号４５番地", "緯度": 36.108381, "経度": 136.283645, "url": "https://www.iryou.teikyouseido.mhlw.go.jp/znk-web/juminkanja/S2430/initialize?prefCd=18&kikanCd=2180503200&kikanKbn=2", "url2": "https://www.hosp.u-fukui.ac.jp/eiheiji-sinryou/", "内容": "永平寺町立在宅訪問診療所【2:診療所】【診療科目:0】福井県吉田郡永平寺町松岡兼定島第３８号４５番地" }, "geometry": { "type": "Point", "coordinates": [ 136.283645, 36.108381 ] } },
{ "type": "Feature", "properties": { "ID": 1822180503210, "正式名称": "医療法人実憲会　松井クリニック", "機関区分": 2, "都道府県コード": 18, "市区町村コード": 210, "所在地": "福井県坂井市丸岡町荒町５番", "緯度": 36.15522, "経度": 136.269302, "url": "https://www.iryou.teikyouseido.mhlw.go.jp/znk-web/juminkanja/S2430/initialize?prefCd=18&kikanCd=2180503210&kikanKbn=2", "url2": "http://www.maruoka-matsuiclinic.com/access/", "内容": "医療法人実憲会　松井クリニック【2:診療所】【診療科目:0】福井県坂井市丸岡町荒町５番" }, "geometry": { "type": "Point", "coordinates": [ 136.269302, 36.15522 ] } },
{ "type": "Feature", "properties": { "ID": 1822180503220, "正式名称": "ふくのレディースクリニック", "機関区分": 2, "都道府県コード": 18, "市区町村コード": 201, "所在地": "福井県福井市開発５丁目６０６番地", "緯度": 36.086843, "経度": 136.239784, "url": "https://www.iryou.teikyouseido.mhlw.go.jp/znk-web/juminkanja/S2430/initialize?prefCd=18&kikanCd=2180503220&kikanKbn=2", "url2": "https://www.fukuno-clinic.com", "内容": "ふくのレディースクリニック【2:診療所】【診療科目:0】福井県福井市開発５丁目６０６番地" }, "geometry": { "type": "Point", "coordinates": [ 136.239784, 36.086843 ] } },
{ "type": "Feature", "properties": { "ID": 1822180503400, "正式名称": "広瀬眼科", "機関区分": 2, "都道府県コード": 18, "市区町村コード": 201, "所在地": "福井県福井市高木中央２丁目２５１５", "緯度": 36.093116, "経度": 136.236801, "url": "https://www.iryou.teikyouseido.mhlw.go.jp/znk-web/juminkanja/S2430/initialize?prefCd=18&kikanCd=2180503400&kikanKbn=2", "url2": "https://www.hiroseganka2020.com/", "内容": "広瀬眼科【2:診療所】【診療科目:0】福井県福井市高木中央２丁目２５１５" }, "geometry": { "type": "Point", "coordinates": [ 136.236801, 36.093116 ] } },
{ "type": "Feature", "properties": { "ID": 1822180503420, "正式名称": "河原皮膚科医院", "機関区分": 2, "都道府県コード": 18, "市区町村コード": 202, "所在地": "福井県敦賀市櫛林５－１－１", "緯度": 35.623405, "経度": 136.048592, "url": "https://www.iryou.teikyouseido.mhlw.go.jp/znk-web/juminkanja/S2430/initialize?prefCd=18&kikanCd=2180503420&kikanKbn=2", "url2": null, "内容": "河原皮膚科医院【2:診療所】【診療科目:0】福井県敦賀市櫛林５－１－１" }, "geometry": { "type": "Point", "coordinates": [ 136.048592, 35.623405 ] } },
{ "type": "Feature", "properties": { "ID": 1822180503470, "正式名称": "こもれび診療所", "機関区分": 2, "都道府県コード": 18, "市区町村コード": 202, "所在地": "福井県敦賀市莇生野９５－２－１", "緯度": 35.627564, "経度": 136.043434, "url": "https://www.iryou.teikyouseido.mhlw.go.jp/znk-web/juminkanja/S2430/initialize?prefCd=18&kikanCd=2180503470&kikanKbn=2", "url2": "http://www.jishoukai.jp/komorebi/", "内容": "こもれび診療所【2:診療所】【診療科目:0】福井県敦賀市莇生野９５－２－１" }, "geometry": { "type": "Point", "coordinates": [ 136.043434, 35.627564 ] } },
{ "type": "Feature", "properties": { "ID": 1822180503500, "正式名称": "福井県こども急患センター", "機関区分": 2, "都道府県コード": 18, "市区町村コード": 201, "所在地": "福井県福井市城東４－１４－３０", "緯度": 36.059033, "経度": 136.237279, "url": "https://www.iryou.teikyouseido.mhlw.go.jp/znk-web/juminkanja/S2430/initialize?prefCd=18&kikanCd=2180503500&kikanKbn=2", "url2": "https://fukui-pediatric-emergency.jp", "内容": "福井県こども急患センター【2:診療所】【診療科目:0】福井県福井市城東４－１４－３０" }, "geometry": { "type": "Point", "coordinates": [ 136.237279, 36.059033 ] } },
{ "type": "Feature", "properties": { "ID": 1822180503560, "正式名称": "さとういきいきクリニック", "機関区分": 2, "都道府県コード": 18, "市区町村コード": 209, "所在地": "福井県越前市府中１丁目４番２０号", "緯度": 35.902555, "経度": 136.168689, "url": "https://www.iryou.teikyouseido.mhlw.go.jp/znk-web/juminkanja/S2430/initialize?prefCd=18&kikanCd=2180503560&kikanKbn=2", "url2": "https://www.ikiikiclinic.jp", "内容": "さとういきいきクリニック【2:診療所】【診療科目:0】福井県越前市府中１丁目４番２０号" }, "geometry": { "type": "Point", "coordinates": [ 136.168689, 35.902555 ] } },
{ "type": "Feature", "properties": { "ID": 1822180503580, "正式名称": "わかば内科クリニック", "機関区分": 2, "都道府県コード": 18, "市区町村コード": 201, "所在地": "福井県福井市二の宮２－３０－１４", "緯度": 36.087436, "経度": 136.226022, "url": "https://www.iryou.teikyouseido.mhlw.go.jp/znk-web/juminkanja/S2430/initialize?prefCd=18&kikanCd=2180503580&kikanKbn=2", "url2": "https://wakaba-naika.jp", "内容": "わかば内科クリニック【2:診療所】【診療科目:0】福井県福井市二の宮２－３０－１４" }, "geometry": { "type": "Point", "coordinates": [ 136.226022, 36.087436 ] } },
{ "type": "Feature", "properties": { "ID": 1822180503590, "正式名称": "まるた皮ふ科クリニック", "機関区分": 2, "都道府県コード": 18, "市区町村コード": 201, "所在地": "福井県福井市石盛１丁目１８３０", "緯度": 36.115497, "経度": 136.228986, "url": "https://www.iryou.teikyouseido.mhlw.go.jp/znk-web/juminkanja/S2430/initialize?prefCd=18&kikanCd=2180503590&kikanKbn=2", "url2": "https://www.maruta-hifuka.jp", "内容": "まるた皮ふ科クリニック【2:診療所】【診療科目:0】福井県福井市石盛１丁目１８３０" }, "geometry": { "type": "Point", "coordinates": [ 136.228986, 36.115497 ] } },
{ "type": "Feature", "properties": { "ID": 1822180503640, "正式名称": "牧田心療内科クリニック", "機関区分": 2, "都道府県コード": 18, "市区町村コード": 201, "所在地": "福井県福井市大手３－１－１　システム大手ビル２階", "緯度": 36.062823, "経度": 136.220893, "url": "https://www.iryou.teikyouseido.mhlw.go.jp/znk-web/juminkanja/S2430/initialize?prefCd=18&kikanCd=2180503640&kikanKbn=2", "url2": null, "内容": "牧田心療内科クリニック【2:診療所】【診療科目:0】福井県福井市大手３－１－１　システム大手ビル２階" }, "geometry": { "type": "Point", "coordinates": [ 136.220893, 36.062823 ] } },
{ "type": "Feature", "properties": { "ID": 1822180503680, "正式名称": "なかふじ整形外科", "機関区分": 2, "都道府県コード": 18, "市区町村コード": 201, "所在地": "福井県福井市高柳３－９０４－１", "緯度": 36.090441, "経度": 136.243029, "url": "https://www.iryou.teikyouseido.mhlw.go.jp/znk-web/juminkanja/S2430/initialize?prefCd=18&kikanCd=2180503680&kikanKbn=2", "url2": "nakafuji-seikei.jp", "内容": "なかふじ整形外科【2:診療所】【診療科目:0】福井県福井市高柳３－９０４－１" }, "geometry": { "type": "Point", "coordinates": [ 136.243029, 36.090441 ] } },
{ "type": "Feature", "properties": { "ID": 1822180503810, "正式名称": "つながるクリニック", "機関区分": 2, "都道府県コード": 18, "市区町村コード": 201, "所在地": "福井県福井市二の宮２丁目２５－８", "緯度": 36.086986, "経度": 136.223335, "url": "https://www.iryou.teikyouseido.mhlw.go.jp/znk-web/juminkanja/S2430/initialize?prefCd=18&kikanCd=2180503810&kikanKbn=2", "url2": null, "内容": "つながるクリニック【2:診療所】【診療科目:0】福井県福井市二の宮２丁目２５－８" }, "geometry": { "type": "Point", "coordinates": [ 136.223335, 36.086986 ] } },
{ "type": "Feature", "properties": { "ID": 1822180503920, "正式名称": "医療法人　正和会　船井医院", "機関区分": 2, "都道府県コード": 18, "市区町村コード": 202, "所在地": "福井県敦賀市中央町１丁目２－１", "緯度": 35.645352, "経度": 136.059916, "url": "https://www.iryou.teikyouseido.mhlw.go.jp/znk-web/juminkanja/S2430/initialize?prefCd=18&kikanCd=2180503920&kikanKbn=2", "url2": null, "内容": "医療法人　正和会　船井医院【2:診療所】【診療科目:0】福井県敦賀市中央町１丁目２－１" }, "geometry": { "type": "Point", "coordinates": [ 136.059916, 35.645352 ] } },
{ "type": "Feature", "properties": { "ID": 1822180503940, "正式名称": "医療法人　邦高会　たかさわ内科クリニック", "機関区分": 2, "都道府県コード": 18, "市区町村コード": 201, "所在地": "福井県福井市春日町２３７－１", "緯度": 36.049825, "経度": 136.220233, "url": "https://www.iryou.teikyouseido.mhlw.go.jp/znk-web/juminkanja/S2430/initialize?prefCd=18&kikanCd=2180503940&kikanKbn=2", "url2": "https://takazawa-medical.jp/", "内容": "医療法人　邦高会　たかさわ内科クリニック【2:診療所】【診療科目:0】福井県福井市春日町２３７－１" }, "geometry": { "type": "Point", "coordinates": [ 136.220233, 36.049825 ] } },
{ "type": "Feature", "properties": { "ID": 1822180503980, "正式名称": "勝山オレンジクリニック", "機関区分": 2, "都道府県コード": 18, "市区町村コード": 206, "所在地": "福井県勝山市元町３－６－１９", "緯度": 36.054211, "経度": 136.5055, "url": "https://www.iryou.teikyouseido.mhlw.go.jp/znk-web/juminkanja/S2430/initialize?prefCd=18&kikanCd=2180503980&kikanKbn=2", "url2": null, "内容": "勝山オレンジクリニック【2:診療所】【診療科目:0】福井県勝山市元町３－６－１９" }, "geometry": { "type": "Point", "coordinates": [ 136.5055, 36.054211 ] } },
{ "type": "Feature", "properties": { "ID": 1822180504060, "正式名称": "高橋眼科　小浜診療所", "機関区分": 2, "都道府県コード": 18, "市区町村コード": 204, "所在地": "福井県小浜市小浜酒井１０－２", "緯度": 35.493947, "経度": 135.743496, "url": "https://www.iryou.teikyouseido.mhlw.go.jp/znk-web/juminkanja/S2430/initialize?prefCd=18&kikanCd=2180504060&kikanKbn=2", "url2": null, "内容": "高橋眼科　小浜診療所【2:診療所】【診療科目:0】福井県小浜市小浜酒井１０－２" }, "geometry": { "type": "Point", "coordinates": [ 135.743496, 35.493947 ] } },
{ "type": "Feature", "properties": { "ID": 1822180504110, "正式名称": "医療法人南後眼科医院", "機関区分": 2, "都道府県コード": 18, "市区町村コード": 201, "所在地": "福井県福井市大手３丁目７－１繊協ビル２階", "緯度": 36.063146, "経度": 136.218132, "url": "https://www.iryou.teikyouseido.mhlw.go.jp/znk-web/juminkanja/S2430/initialize?prefCd=18&kikanCd=2180504110&kikanKbn=2", "url2": null, "内容": "医療法人南後眼科医院【2:診療所】【診療科目:0】福井県福井市大手３丁目７－１繊協ビル２階" }, "geometry": { "type": "Point", "coordinates": [ 136.218132, 36.063146 ] } },
{ "type": "Feature", "properties": { "ID": 1822180504190, "正式名称": "若狭町国民健康保険　巡回診療所", "機関区分": 2, "都道府県コード": 18, "市区町村コード": 501, "所在地": "福井県三方上中郡若狭町中央１－１", "緯度": 36.065178, "経度": 136.221527, "url": "https://www.iryou.teikyouseido.mhlw.go.jp/znk-web/juminkanja/S2430/initialize?prefCd=18&kikanCd=2180504190&kikanKbn=2", "url2": null, "内容": "若狭町国民健康保険　巡回診療所【2:診療所】【診療科目:0】福井県三方上中郡若狭町中央１－１" }, "geometry": { "type": "Point", "coordinates": [ 136.221527, 36.065178 ] } },
{ "type": "Feature", "properties": { "ID": 1822180504420, "正式名称": "はるそら内科クリニック", "機関区分": 2, "都道府県コード": 18, "市区町村コード": 210, "所在地": "福井県坂井市春江町江留中３７字１４－１", "緯度": 36.140023, "経度": 136.219678, "url": "https://www.iryou.teikyouseido.mhlw.go.jp/znk-web/juminkanja/S2430/initialize?prefCd=18&kikanCd=2180504420&kikanKbn=2", "url2": "www.harusora.jp", "内容": "はるそら内科クリニック【2:診療所】【診療科目:0】福井県坂井市春江町江留中３７字１４－１" }, "geometry": { "type": "Point", "coordinates": [ 136.219678, 36.140023 ] } },
{ "type": "Feature", "properties": { "ID": 1822180504460, "正式名称": "医療法人　清遥会　すこやか内科クリニック", "機関区分": 2, "都道府県コード": 18, "市区町村コード": 201, "所在地": "福井県福井市文京６－２５－２７", "緯度": 36.077043, "経度": 136.200349, "url": "https://www.iryou.teikyouseido.mhlw.go.jp/znk-web/juminkanja/S2430/initialize?prefCd=18&kikanCd=2180504460&kikanKbn=2", "url2": "http://sukoyaka-naika.jp", "内容": "医療法人　清遥会　すこやか内科クリニック【2:診療所】【診療科目:0】福井県福井市文京６－２５－２７" }, "geometry": { "type": "Point", "coordinates": [ 136.200349, 36.077043 ] } },
{ "type": "Feature", "properties": { "ID": 1822180504480, "正式名称": "ひらざわ内科ハートクリニック", "機関区分": 2, "都道府県コード": 18, "市区町村コード": 201, "所在地": "福井県福井市西谷２－２１１３", "緯度": 36.039354, "経度": 136.202769, "url": "https://www.iryou.teikyouseido.mhlw.go.jp/znk-web/juminkanja/S2430/initialize?prefCd=18&kikanCd=2180504480&kikanKbn=2", "url2": "http://hirazawa-heart-clinic.jp", "内容": "ひらざわ内科ハートクリニック【2:診療所】【診療科目:0】福井県福井市西谷２－２１１３" }, "geometry": { "type": "Point", "coordinates": [ 136.202769, 36.039354 ] } },
{ "type": "Feature", "properties": { "ID": 1822180504490, "正式名称": "Ｍクリニック", "機関区分": 2, "都道府県コード": 18, "市区町村コード": 201, "所在地": "福井県福井市石盛１－１８１６", "緯度": 36.11559, "経度": 136.230374, "url": "https://www.iryou.teikyouseido.mhlw.go.jp/znk-web/juminkanja/S2430/initialize?prefCd=18&kikanCd=2180504490&kikanKbn=2", "url2": "https://mclinic2022.com", "内容": "Ｍクリニック【2:診療所】【診療科目:0】福井県福井市石盛１－１８１６" }, "geometry": { "type": "Point", "coordinates": [ 136.230374, 36.11559 ] } },
{ "type": "Feature", "properties": { "ID": 1822180504500, "正式名称": "医療法人育ちのクリニック津田", "機関区分": 2, "都道府県コード": 18, "市区町村コード": 201, "所在地": "福井県福井市江端町６－４８", "緯度": 36.028621, "経度": 136.215747, "url": "https://www.iryou.teikyouseido.mhlw.go.jp/znk-web/juminkanja/S2430/initialize?prefCd=18&kikanCd=2180504500&kikanKbn=2", "url2": null, "内容": "医療法人育ちのクリニック津田【2:診療所】【診療科目:0】福井県福井市江端町６－４８" }, "geometry": { "type": "Point", "coordinates": [ 136.215747, 36.028621 ] } },
{ "type": "Feature", "properties": { "ID": 1822180504560, "正式名称": "地域医療クリニック丹南", "機関区分": 2, "都道府県コード": 18, "市区町村コード": 209, "所在地": "福井県越前市府中１丁目２－３センチェリープラザ１階", "緯度": 35.90445, "経度": 136.170347, "url": "https://www.iryou.teikyouseido.mhlw.go.jp/znk-web/juminkanja/S2430/initialize?prefCd=18&kikanCd=2180504560&kikanKbn=2", "url2": "http://cmc-tannan.com/", "内容": "地域医療クリニック丹南【2:診療所】【診療科目:0】福井県越前市府中１丁目２－３センチェリープラザ１階" }, "geometry": { "type": "Point", "coordinates": [ 136.170347, 35.90445 ] } },
{ "type": "Feature", "properties": { "ID": 1822180504580, "正式名称": "シン内視鏡・外科クリニック", "機関区分": 2, "都道府県コード": 18, "市区町村コード": 201, "所在地": "福井県福井市西方１－１－７", "緯度": 36.054427, "経度": 136.235017, "url": "https://www.iryou.teikyouseido.mhlw.go.jp/znk-web/juminkanja/S2430/initialize?prefCd=18&kikanCd=2180504580&kikanKbn=2", "url2": "https://s-endsurg.com/", "内容": "シン内視鏡・外科クリニック【2:診療所】【診療科目:0】福井県福井市西方１－１－７" }, "geometry": { "type": "Point", "coordinates": [ 136.235017, 36.054427 ] } },
{ "type": "Feature", "properties": { "ID": 1822180504620, "正式名称": "二の宮アイビジョンクリニック", "機関区分": 2, "都道府県コード": 18, "市区町村コード": 201, "所在地": "福井県福井市二の宮２－２８－２６", "緯度": 36.087584, "経度": 136.223322, "url": "https://www.iryou.teikyouseido.mhlw.go.jp/znk-web/juminkanja/S2430/initialize?prefCd=18&kikanCd=2180504620&kikanKbn=2", "url2": null, "内容": "二の宮アイビジョンクリニック【2:診療所】【診療科目:0】福井県福井市二の宮２－２８－２６" }, "geometry": { "type": "Point", "coordinates": [ 136.223322, 36.087584 ] } },
{ "type": "Feature", "properties": { "ID": 1822180504650, "正式名称": "エミナルクリニック福井院", "機関区分": 2, "都道府県コード": 18, "市区町村コード": 201, "所在地": "福井県福井市大手３－４－１　福井放送会館地下１階", "緯度": 36.062913, "経度": 136.219824, "url": "https://www.iryou.teikyouseido.mhlw.go.jp/znk-web/juminkanja/S2430/initialize?prefCd=18&kikanCd=2180504650&kikanKbn=2", "url2": null, "内容": "エミナルクリニック福井院【2:診療所】【診療科目:0】福井県福井市大手３－４－１　福井放送会館地下１階" }, "geometry": { "type": "Point", "coordinates": [ 136.219824, 36.062913 ] } },
{ "type": "Feature", "properties": { "ID": 1822180504670, "正式名称": "あんどう小児科", "機関区分": 2, "都道府県コード": 18, "市区町村コード": 202, "所在地": "福井県敦賀市沓見１４０－２－１", "緯度": 35.643489, "経度": 136.031072, "url": "https://www.iryou.teikyouseido.mhlw.go.jp/znk-web/juminkanja/S2430/initialize?prefCd=18&kikanCd=2180504670&kikanKbn=2", "url2": "http://anpaediatric.jp", "内容": "あんどう小児科【2:診療所】【診療科目:0】福井県敦賀市沓見１４０－２－１" }, "geometry": { "type": "Point", "coordinates": [ 136.031072, 35.643489 ] } },
{ "type": "Feature", "properties": { "ID": 1822180504820, "正式名称": "医療法人　清澄会　ふくい輝クリニック", "機関区分": 2, "都道府県コード": 18, "市区町村コード": 201, "所在地": "福井県福井市大願寺２丁目９－１６", "緯度": 36.084354, "経度": 136.228898, "url": "https://www.iryou.teikyouseido.mhlw.go.jp/znk-web/juminkanja/S2430/initialize?prefCd=18&kikanCd=2180504820&kikanKbn=2", "url2": "www.fukui-kagayaki.com", "内容": "医療法人　清澄会　ふくい輝クリニック【2:診療所】【診療科目:0】福井県福井市大願寺２丁目９－１６" }, "geometry": { "type": "Point", "coordinates": [ 136.228898, 36.084354 ] } },
{ "type": "Feature", "properties": { "ID": 1822180504850, "正式名称": "八代皮フ科クリニック", "機関区分": 2, "都道府県コード": 18, "市区町村コード": 201, "所在地": "福井県福井市大宮２－３－３２", "緯度": 36.081124, "経度": 136.221338, "url": "https://www.iryou.teikyouseido.mhlw.go.jp/znk-web/juminkanja/S2430/initialize?prefCd=18&kikanCd=2180504850&kikanKbn=2", "url2": "https://yatsushiro-hifuka.jp", "内容": "八代皮フ科クリニック【2:診療所】【診療科目:0】福井県福井市大宮２－３－３２" }, "geometry": { "type": "Point", "coordinates": [ 136.221338, 36.081124 ] } },
{ "type": "Feature", "properties": { "ID": 1822180504860, "正式名称": "さわだファミリークリニック", "機関区分": 2, "都道府県コード": 18, "市区町村コード": 481, "所在地": "福井県大飯郡高浜町青戸１－１－１９", "緯度": 35.489598, "経度": 135.583083, "url": "https://www.iryou.teikyouseido.mhlw.go.jp/znk-web/juminkanja/S2430/initialize?prefCd=18&kikanCd=2180504860&kikanKbn=2", "url2": "https://sawada-family-clinic.com/", "内容": "さわだファミリークリニック【2:診療所】【診療科目:0】福井県大飯郡高浜町青戸１－１－１９" }, "geometry": { "type": "Point", "coordinates": [ 135.583083, 35.489598 ] } },
{ "type": "Feature", "properties": { "ID": 1822180504880, "正式名称": "ふるさと往診クリニック", "機関区分": 2, "都道府県コード": 18, "市区町村コード": 210, "所在地": "福井県坂井市丸岡町長畝５９ー２２", "緯度": 36.165847, "経度": 136.280707, "url": "https://www.iryou.teikyouseido.mhlw.go.jp/znk-web/juminkanja/S2430/initialize?prefCd=18&kikanCd=2180504880&kikanKbn=2", "url2": "furu-ohshin.com", "内容": "ふるさと往診クリニック【2:診療所】【診療科目:0】福井県坂井市丸岡町長畝５９ー２２" }, "geometry": { "type": "Point", "coordinates": [ 136.280707, 36.165847 ] } },
{ "type": "Feature", "properties": { "ID": 1822180504950, "正式名称": "あわらこころ診療所", "機関区分": 2, "都道府県コード": 18, "市区町村コード": 208, "所在地": "福井県あわら市自由ケ丘２丁目４番１２号", "緯度": 36.21681, "経度": 136.236231, "url": "https://www.iryou.teikyouseido.mhlw.go.jp/znk-web/juminkanja/S2430/initialize?prefCd=18&kikanCd=2180504950&kikanKbn=2", "url2": "https://awacoco.online/", "内容": "あわらこころ診療所【2:診療所】【診療科目:0】福井県あわら市自由ケ丘２丁目４番１２号" }, "geometry": { "type": "Point", "coordinates": [ 136.236231, 36.21681 ] } },
{ "type": "Feature", "properties": { "ID": 1822180504990, "正式名称": "ＴＣＢ　東京中央美容外科・ＴＣＢ　スキンクリニック　福井院", "機関区分": 2, "都道府県コード": 18, "市区町村コード": 201, "所在地": "福井県福井市中央１－３－３　ＫＩビル３階", "緯度": 36.065178, "経度": 136.221527, "url": "https://www.iryou.teikyouseido.mhlw.go.jp/znk-web/juminkanja/S2430/initialize?prefCd=18&kikanCd=2180504990&kikanKbn=2", "url2": "https://aoki-tsuyoshi.com/", "内容": "ＴＣＢ　東京中央美容外科・ＴＣＢ　スキンクリニック　福井院【2:診療所】【診療科目:0】福井県福井市中央１－３－３　ＫＩビル３階" }, "geometry": { "type": "Point", "coordinates": [ 136.221527, 36.065178 ] } },
{ "type": "Feature", "properties": { "ID": 1822180505090, "正式名称": "青木眼科クリニック", "機関区分": 2, "都道府県コード": 18, "市区町村コード": 209, "所在地": "福井県越前市平出３丁目２５－２４", "緯度": 35.914948, "経度": 136.161986, "url": "https://www.iryou.teikyouseido.mhlw.go.jp/znk-web/juminkanja/S2430/initialize?prefCd=18&kikanCd=2180505090&kikanKbn=2", "url2": "https://www.aoki-ganka.jp/#access", "内容": "青木眼科クリニック【2:診療所】【診療科目:0】福井県越前市平出３丁目２５－２４" }, "geometry": { "type": "Point", "coordinates": [ 136.161986, 35.914948 ] } },
{ "type": "Feature", "properties": { "ID": 1822181005390, "正式名称": "いそまつ医院", "機関区分": 2, "都道府県コード": 18, "市区町村コード": 201, "所在地": "福井県福井市中央３－６－１４", "緯度": 36.063589, "経度": 136.212819, "url": "https://www.iryou.teikyouseido.mhlw.go.jp/znk-web/juminkanja/S2430/initialize?prefCd=18&kikanCd=2181005390&kikanKbn=2", "url2": null, "内容": "いそまつ医院【2:診療所】【診療科目:0】福井県福井市中央３－６－１４" }, "geometry": { "type": "Point", "coordinates": [ 136.212819, 36.063589 ] } },
{ "type": "Feature", "properties": { "ID": 1822181005400, "正式名称": "宇賀治医院", "機関区分": 2, "都道府県コード": 18, "市区町村コード": 201, "所在地": "福井県福井市田原２丁目６－１１", "緯度": 36.071894, "経度": 136.213125, "url": "https://www.iryou.teikyouseido.mhlw.go.jp/znk-web/juminkanja/S2430/initialize?prefCd=18&kikanCd=2181005400&kikanKbn=2", "url2": "https://ugaji.com", "内容": "宇賀治医院【2:診療所】【診療科目:0】福井県福井市田原２丁目６－１１" }, "geometry": { "type": "Point", "coordinates": [ 136.213125, 36.071894 ] } },
{ "type": "Feature", "properties": { "ID": 1822181005430, "正式名称": "医療法人坪川医院　耳鼻咽喉科・気管食道科", "機関区分": 2, "都道府県コード": 18, "市区町村コード": 201, "所在地": "福井県福井市御幸２丁目２０－２５", "緯度": 36.056367, "経度": 136.233736, "url": "https://www.iryou.teikyouseido.mhlw.go.jp/znk-web/juminkanja/S2430/initialize?prefCd=18&kikanCd=2181005430&kikanKbn=2", "url2": null, "内容": "医療法人坪川医院　耳鼻咽喉科・気管食道科【2:診療所】【診療科目:0】福井県福井市御幸２丁目２０－２５" }, "geometry": { "type": "Point", "coordinates": [ 136.233736, 36.056367 ] } },
{ "type": "Feature", "properties": { "ID": 1822181005440, "正式名称": "伊藤医院", "機関区分": 2, "都道府県コード": 18, "市区町村コード": 322, "所在地": "福井県吉田郡永平寺町松岡神明３丁目５８番地", "緯度": 36.093006, "経度": 136.300069, "url": "https://www.iryou.teikyouseido.mhlw.go.jp/znk-web/juminkanja/S2430/initialize?prefCd=18&kikanCd=2181005440&kikanKbn=2", "url2": null, "内容": "伊藤医院【2:診療所】【診療科目:0】福井県吉田郡永平寺町松岡神明３丁目５８番地" }, "geometry": { "type": "Point", "coordinates": [ 136.300069, 36.093006 ] } },
{ "type": "Feature", "properties": { "ID": 1822181005510, "正式名称": "コモ小児診療所", "機関区分": 2, "都道府県コード": 18, "市区町村コード": 201, "所在地": "福井県福井市木田３－９１０", "緯度": 36.044867, "経度": 136.224153, "url": "https://www.iryou.teikyouseido.mhlw.go.jp/znk-web/juminkanja/S2430/initialize?prefCd=18&kikanCd=2181005510&kikanKbn=2", "url2": null, "内容": "コモ小児診療所【2:診療所】【診療科目:0】福井県福井市木田３－９１０" }, "geometry": { "type": "Point", "coordinates": [ 136.224153, 36.044867 ] } },
{ "type": "Feature", "properties": { "ID": 1822181005560, "正式名称": "医療法人社団　畑内科", "機関区分": 2, "都道府県コード": 18, "市区町村コード": 201, "所在地": "福井県福井市下森田新町５０１番地", "緯度": 36.109617, "経度": 136.231292, "url": "https://www.iryou.teikyouseido.mhlw.go.jp/znk-web/juminkanja/S2430/initialize?prefCd=18&kikanCd=2181005560&kikanKbn=2", "url2": "https://www.hatanaika-clinic.com", "内容": "医療法人社団　畑内科【2:診療所】【診療科目:0】福井県福井市下森田新町５０１番地" }, "geometry": { "type": "Point", "coordinates": [ 136.231292, 36.109617 ] } },
{ "type": "Feature", "properties": { "ID": 1822181005580, "正式名称": "光陽生協クリニック", "機関区分": 2, "都道府県コード": 18, "市区町村コード": 201, "所在地": "福井県福井市光陽３－９－２３", "緯度": 36.065894, "経度": 136.195847, "url": "https://www.iryou.teikyouseido.mhlw.go.jp/znk-web/juminkanja/S2430/initialize?prefCd=18&kikanCd=2181005580&kikanKbn=2", "url2": "http://www.koyo-gr.jp/", "内容": "光陽生協クリニック【2:診療所】【診療科目:0】福井県福井市光陽３－９－２３" }, "geometry": { "type": "Point", "coordinates": [ 136.195847, 36.065894 ] } },
{ "type": "Feature", "properties": { "ID": 1822181005610, "正式名称": "福井市美山診療所", "機関区分": 2, "都道府県コード": 18, "市区町村コード": 201, "所在地": "福井県福井市美山町７－１", "緯度": 35.998811, "経度": 136.360625, "url": "https://www.iryou.teikyouseido.mhlw.go.jp/znk-web/juminkanja/S2430/initialize?prefCd=18&kikanCd=2181005610&kikanKbn=2", "url2": null, "内容": "福井市美山診療所【2:診療所】【診療科目:0】福井県福井市美山町７－１" }, "geometry": { "type": "Point", "coordinates": [ 136.360625, 35.998811 ] } },
{ "type": "Feature", "properties": { "ID": 1822181005640, "正式名称": "医療法人慈豊会　アイクリニックおおて", "機関区分": 2, "都道府県コード": 18, "市区町村コード": 201, "所在地": "福井県福井市大手３丁目１－６", "緯度": 36.062922, "経度": 136.220597, "url": "https://www.iryou.teikyouseido.mhlw.go.jp/znk-web/juminkanja/S2430/initialize?prefCd=18&kikanCd=2181005640&kikanKbn=2", "url2": "http://www.tanaka-hosp.jp/aiclinic.html", "内容": "医療法人慈豊会　アイクリニックおおて【2:診療所】【診療科目:0】福井県福井市大手３丁目１－６" }, "geometry": { "type": "Point", "coordinates": [ 136.220597, 36.062922 ] } },
{ "type": "Feature", "properties": { "ID": 1822181005650, "正式名称": "地域密着型特別養護老人ホーム　なの花医務室", "機関区分": 2, "都道府県コード": 18, "市区町村コード": 201, "所在地": "福井県福井市加茂河原３丁目１－２２", "緯度": 36.06345, "経度": 136.193042, "url": "https://www.iryou.teikyouseido.mhlw.go.jp/znk-web/juminkanja/S2430/initialize?prefCd=18&kikanCd=2181005650&kikanKbn=2", "url2": "http://www.nanohana-f.com", "内容": "地域密着型特別養護老人ホーム　なの花医務室【2:診療所】【診療科目:0】福井県福井市加茂河原３丁目１－２２" }, "geometry": { "type": "Point", "coordinates": [ 136.193042, 36.06345 ] } },
{ "type": "Feature", "properties": { "ID": 1822181005690, "正式名称": "医療法人　かさまつファミリークリニック", "機関区分": 2, "都道府県コード": 18, "市区町村コード": 201, "所在地": "福井県福井市高木中央３丁目８０１", "緯度": 36.089283, "経度": 136.238097, "url": "https://www.iryou.teikyouseido.mhlw.go.jp/znk-web/juminkanja/S2430/initialize?prefCd=18&kikanCd=2181005690&kikanKbn=2", "url2": "http://www7a.biglobe.ne.jp/~kasamatsu-fc/index.htm", "内容": "医療法人　かさまつファミリークリニック【2:診療所】【診療科目:0】福井県福井市高木中央３丁目８０１" }, "geometry": { "type": "Point", "coordinates": [ 136.238097, 36.089283 ] } },
{ "type": "Feature", "properties": { "ID": 1822181005710, "正式名称": "にしむら皮フ科クリニック", "機関区分": 2, "都道府県コード": 18, "市区町村コード": 201, "所在地": "福井県福井市木田３丁目２６０５番", "緯度": 36.042959, "経度": 136.226463, "url": "https://www.iryou.teikyouseido.mhlw.go.jp/znk-web/juminkanja/S2430/initialize?prefCd=18&kikanCd=2181005710&kikanKbn=2", "url2": "http://clinic-n.jp/", "内容": "にしむら皮フ科クリニック【2:診療所】【診療科目:0】福井県福井市木田３丁目２６０５番" }, "geometry": { "type": "Point", "coordinates": [ 136.226463, 36.042959 ] } },
{ "type": "Feature", "properties": { "ID": 1822181005730, "正式名称": "みくにの森クリニック", "機関区分": 2, "都道府県コード": 18, "市区町村コード": 210, "所在地": "福井県坂井市三国町梶４９－１８", "緯度": 36.246172, "経度": 136.155375, "url": "https://www.iryou.teikyouseido.mhlw.go.jp/znk-web/juminkanja/S2430/initialize?prefCd=18&kikanCd=2181005730&kikanKbn=2", "url2": "http://www.hakurakuso.jp/", "内容": "みくにの森クリニック【2:診療所】【診療科目:0】福井県坂井市三国町梶４９－１８" }, "geometry": { "type": "Point", "coordinates": [ 136.155375, 36.246172 ] } },
{ "type": "Feature", "properties": { "ID": 1822181005760, "正式名称": "医療法人松福会　クリニック　はるさか", "機関区分": 2, "都道府県コード": 18, "市区町村コード": 210, "所在地": "福井県坂井市春江町中筋１００－７５", "緯度": 36.127644, "経度": 136.235819, "url": "https://www.iryou.teikyouseido.mhlw.go.jp/znk-web/juminkanja/S2430/initialize?prefCd=18&kikanCd=2181005760&kikanKbn=2", "url2": "http://nttbj.itp.ne.jp/0776580180/index.html", "内容": "医療法人松福会　クリニック　はるさか【2:診療所】【診療科目:0】福井県坂井市春江町中筋１００－７５" }, "geometry": { "type": "Point", "coordinates": [ 136.235819, 36.127644 ] } },
{ "type": "Feature", "properties": { "ID": 1822181005770, "正式名称": "福井県奥越健康福祉センター", "機関区分": 2, "都道府県コード": 18, "市区町村コード": 205, "所在地": "福井県大野市天神町１－１", "緯度": 35.979817, "経度": 136.487578, "url": "https://www.iryou.teikyouseido.mhlw.go.jp/znk-web/juminkanja/S2430/initialize?prefCd=18&kikanCd=2181005770&kikanKbn=2", "url2": null, "内容": "福井県奥越健康福祉センター【2:診療所】【診療科目:0】福井県大野市天神町１－１" }, "geometry": { "type": "Point", "coordinates": [ 136.487578, 35.979817 ] } },
{ "type": "Feature", "properties": { "ID": 1822181005790, "正式名称": "耳鼻咽喉科いとうクリニック", "機関区分": 2, "都道府県コード": 18, "市区町村コード": 206, "所在地": "福井県勝山市旭町１－３－２７", "緯度": 36.055117, "経度": 136.506403, "url": "https://www.iryou.teikyouseido.mhlw.go.jp/znk-web/juminkanja/S2430/initialize?prefCd=18&kikanCd=2181005790&kikanKbn=2", "url2": "http://www5.plala.or.jp/ent-ito-clinic/index.html", "内容": "耳鼻咽喉科いとうクリニック【2:診療所】【診療科目:0】福井県勝山市旭町１－３－２７" }, "geometry": { "type": "Point", "coordinates": [ 136.506403, 36.055117 ] } },
{ "type": "Feature", "properties": { "ID": 1822181005820, "正式名称": "医療法人社団　慈愛会　品川クリニック", "機関区分": 2, "都道府県コード": 18, "市区町村コード": 207, "所在地": "福井県鯖江市長泉寺町４ー１０ー８", "緯度": 35.953901, "経度": 136.189083, "url": "https://www.iryou.teikyouseido.mhlw.go.jp/znk-web/juminkanja/S2430/initialize?prefCd=18&kikanCd=2181005820&kikanKbn=2", "url2": "http://shinagawa-cl.jp/", "内容": "医療法人社団　慈愛会　品川クリニック【2:診療所】【診療科目:0】福井県鯖江市長泉寺町４ー１０ー８" }, "geometry": { "type": "Point", "coordinates": [ 136.189083, 35.953901 ] } },
{ "type": "Feature", "properties": { "ID": 1822181005860, "正式名称": "越前市国民健康保険　坂口診療所", "機関区分": 2, "都道府県コード": 18, "市区町村コード": 209, "所在地": "福井県越前市湯谷町２４－１８－１", "緯度": 35.859922, "経度": 136.087069, "url": "https://www.iryou.teikyouseido.mhlw.go.jp/znk-web/juminkanja/S2430/initialize?prefCd=18&kikanCd=2181005860&kikanKbn=2", "url2": null, "内容": "越前市国民健康保険　坂口診療所【2:診療所】【診療科目:0】福井県越前市湯谷町２４－１８－１" }, "geometry": { "type": "Point", "coordinates": [ 136.087069, 35.859922 ] } },
{ "type": "Feature", "properties": { "ID": 1822181005880, "正式名称": "マルカ整形外科内科", "機関区分": 2, "都道府県コード": 18, "市区町村コード": 209, "所在地": "福井県越前市吾妻町２－８", "緯度": 35.900756, "経度": 136.170069, "url": "https://www.iryou.teikyouseido.mhlw.go.jp/znk-web/juminkanja/S2430/initialize?prefCd=18&kikanCd=2181005880&kikanKbn=2", "url2": null, "内容": "マルカ整形外科内科【2:診療所】【診療科目:0】福井県越前市吾妻町２－８" }, "geometry": { "type": "Point", "coordinates": [ 136.170069, 35.900756 ] } },
{ "type": "Feature", "properties": { "ID": 1822181005890, "正式名称": "越前外科内科医院", "機関区分": 2, "都道府県コード": 18, "市区町村コード": 209, "所在地": "福井県越前市北府２丁目１２‐１３", "緯度": 35.913978, "経度": 136.166208, "url": "https://www.iryou.teikyouseido.mhlw.go.jp/znk-web/juminkanja/S2430/initialize?prefCd=18&kikanCd=2181005890&kikanKbn=2", "url2": null, "内容": "越前外科内科医院【2:診療所】【診療科目:0】福井県越前市北府２丁目１２‐１３" }, "geometry": { "type": "Point", "coordinates": [ 136.166208, 35.913978 ] } },
{ "type": "Feature", "properties": { "ID": 1822181005900, "正式名称": "サンライフクリニック", "機関区分": 2, "都道府県コード": 18, "市区町村コード": 209, "所在地": "福井県越前市蓬莱町６－２４", "緯度": 35.902367, "経度": 136.166958, "url": "https://www.iryou.teikyouseido.mhlw.go.jp/znk-web/juminkanja/S2430/initialize?prefCd=18&kikanCd=2181005900&kikanKbn=2", "url2": null, "内容": "サンライフクリニック【2:診療所】【診療科目:0】福井県越前市蓬莱町６－２４" }, "geometry": { "type": "Point", "coordinates": [ 136.166958, 35.902367 ] } },
{ "type": "Feature", "properties": { "ID": 1822181005920, "正式名称": "国民健康保険　池田町診療所", "機関区分": 2, "都道府県コード": 18, "市区町村コード": 382, "所在地": "福井県今立郡池田町薮田５－３－１", "緯度": 35.895431, "経度": 136.345583, "url": "https://www.iryou.teikyouseido.mhlw.go.jp/znk-web/juminkanja/S2430/initialize?prefCd=18&kikanCd=2181005920&kikanKbn=2", "url2": "https://www.town.ikeda.fukui.jp/", "内容": "国民健康保険　池田町診療所【2:診療所】【診療科目:0】福井県今立郡池田町薮田５－３－１" }, "geometry": { "type": "Point", "coordinates": [ 136.345583, 35.895431 ] } },
{ "type": "Feature", "properties": { "ID": 1822181006000, "正式名称": "医療法人　薗田クリニック", "機関区分": 2, "都道府県コード": 18, "市区町村コード": 202, "所在地": "福井県敦賀市古田刈６８－１４０１", "緯度": 35.627422, "経度": 136.066819, "url": "https://www.iryou.teikyouseido.mhlw.go.jp/znk-web/juminkanja/S2430/initialize?prefCd=18&kikanCd=2181006000&kikanKbn=2", "url2": null, "内容": "医療法人　薗田クリニック【2:診療所】【診療科目:0】福井県敦賀市古田刈６８－１４０１" }, "geometry": { "type": "Point", "coordinates": [ 136.066819, 35.627422 ] } },
{ "type": "Feature", "properties": { "ID": 1822181006020, "正式名称": "医療法人　加藤胃腸科医院", "機関区分": 2, "都道府県コード": 18, "市区町村コード": 202, "所在地": "福井県敦賀市新松島町１０－５", "緯度": 35.647449, "経度": 136.054812, "url": "https://www.iryou.teikyouseido.mhlw.go.jp/znk-web/juminkanja/S2430/initialize?prefCd=18&kikanCd=2181006020&kikanKbn=2", "url2": null, "内容": "医療法人　加藤胃腸科医院【2:診療所】【診療科目:0】福井県敦賀市新松島町１０－５" }, "geometry": { "type": "Point", "coordinates": [ 136.054812, 35.647449 ] } },
{ "type": "Feature", "properties": { "ID": 1822181006050, "正式名称": "産科・婦人科井上クリニック", "機関区分": 2, "都道府県コード": 18, "市区町村コード": 202, "所在地": "福井県敦賀市木崎４９－２４－１", "緯度": 35.645311, "経度": 136.036958, "url": "https://www.iryou.teikyouseido.mhlw.go.jp/znk-web/juminkanja/S2430/initialize?prefCd=18&kikanCd=2181006050&kikanKbn=2", "url2": "https://www.siclinic.jp/", "内容": "産科・婦人科井上クリニック【2:診療所】【診療科目:0】福井県敦賀市木崎４９－２４－１" }, "geometry": { "type": "Point", "coordinates": [ 136.036958, 35.645311 ] } },
{ "type": "Feature", "properties": { "ID": 1822181006140, "正式名称": "医療法人　佐々木眼科", "機関区分": 2, "都道府県コード": 18, "市区町村コード": 210, "所在地": "福井県坂井市三国町三国東５丁目２－６", "緯度": 36.214339, "経度": 136.153931, "url": "https://www.iryou.teikyouseido.mhlw.go.jp/znk-web/juminkanja/S2430/initialize?prefCd=18&kikanCd=2181006140&kikanKbn=2", "url2": "http://www.sasakieye-cl.com", "内容": "医療法人　佐々木眼科【2:診療所】【診療科目:0】福井県坂井市三国町三国東５丁目２－６" }, "geometry": { "type": "Point", "coordinates": [ 136.153931, 36.214339 ] } },
{ "type": "Feature", "properties": { "ID": 1822181006150, "正式名称": "明峰クリニック", "機関区分": 2, "都道府県コード": 18, "市区町村コード": 202, "所在地": "福井県敦賀市津内町３－６－３８", "緯度": 35.64765, "経度": 136.070283, "url": "https://www.iryou.teikyouseido.mhlw.go.jp/znk-web/juminkanja/S2430/initialize?prefCd=18&kikanCd=2181006150&kikanKbn=2", "url2": "http://www.meihoukai.com/", "内容": "明峰クリニック【2:診療所】【診療科目:0】福井県敦賀市津内町３－６－３８" }, "geometry": { "type": "Point", "coordinates": [ 136.070283, 35.64765 ] } },
{ "type": "Feature", "properties": { "ID": 1822181006160, "正式名称": "福井総合クリニック", "機関区分": 2, "都道府県コード": 18, "市区町村コード": 201, "所在地": "福井県福井市新田塚１丁目４２番１号", "緯度": 36.092758, "経度": 136.205581, "url": "https://www.iryou.teikyouseido.mhlw.go.jp/znk-web/juminkanja/S2430/initialize?prefCd=18&kikanCd=2181006160&kikanKbn=2", "url2": "https://www.f-gh.jp/fgc/", "内容": "福井総合クリニック【2:診療所】【診療科目:0】福井県福井市新田塚１丁目４２番１号" }, "geometry": { "type": "Point", "coordinates": [ 136.205581, 36.092758 ] } },
{ "type": "Feature", "properties": { "ID": 1822181006200, "正式名称": "医療法人　はまだ内科クリニック", "機関区分": 2, "都道府県コード": 18, "市区町村コード": 201, "所在地": "福井県福井市開発１丁目２０３", "緯度": 36.076256, "経度": 136.239042, "url": "https://www.iryou.teikyouseido.mhlw.go.jp/znk-web/juminkanja/S2430/initialize?prefCd=18&kikanCd=2181006200&kikanKbn=2", "url2": null, "内容": "医療法人　はまだ内科クリニック【2:診療所】【診療科目:0】福井県福井市開発１丁目２０３" }, "geometry": { "type": "Point", "coordinates": [ 136.239042, 36.076256 ] } },
{ "type": "Feature", "properties": { "ID": 1822181006220, "正式名称": "医療法人　はまなかクリニック", "機関区分": 2, "都道府県コード": 18, "市区町村コード": 201, "所在地": "福井県福井市南四ツ居１丁目１０番１１号", "緯度": 36.062899, "経度": 136.244638, "url": "https://www.iryou.teikyouseido.mhlw.go.jp/znk-web/juminkanja/S2430/initialize?prefCd=18&kikanCd=2181006220&kikanKbn=2", "url2": "http://www.hamanaka-cl.com", "内容": "医療法人　はまなかクリニック【2:診療所】【診療科目:0】福井県福井市南四ツ居１丁目１０番１１号" }, "geometry": { "type": "Point", "coordinates": [ 136.244638, 36.062899 ] } },
{ "type": "Feature", "properties": { "ID": 1822181006240, "正式名称": "にしの整形外科クリニック", "機関区分": 2, "都道府県コード": 18, "市区町村コード": 208, "所在地": "福井県あわら市春宮２丁目１６番地３８号", "緯度": 36.218222, "経度": 136.232342, "url": "https://www.iryou.teikyouseido.mhlw.go.jp/znk-web/juminkanja/S2430/initialize?prefCd=18&kikanCd=2181006240&kikanKbn=2", "url2": null, "内容": "にしの整形外科クリニック【2:診療所】【診療科目:0】福井県あわら市春宮２丁目１６番地３８号" }, "geometry": { "type": "Point", "coordinates": [ 136.232342, 36.218222 ] } },
{ "type": "Feature", "properties": { "ID": 1822181006270, "正式名称": "麻生津医院", "機関区分": 2, "都道府県コード": 18, "市区町村コード": 201, "所在地": "福井県福井市浅水二日町１２８－４３", "緯度": 36.003977, "経度": 136.198349, "url": "https://www.iryou.teikyouseido.mhlw.go.jp/znk-web/juminkanja/S2430/initialize?prefCd=18&kikanCd=2181006270&kikanKbn=2", "url2": "http://asouzu-iin.com/", "内容": "麻生津医院【2:診療所】【診療科目:0】福井県福井市浅水二日町１２８－４３" }, "geometry": { "type": "Point", "coordinates": [ 136.198349, 36.003977 ] } },
{ "type": "Feature", "properties": { "ID": 1822181006280, "正式名称": "医療法人みさわクリニック", "機関区分": 2, "都道府県コード": 18, "市区町村コード": 201, "所在地": "福井県福井市舟橋黒竜１－１１９", "緯度": 36.098849, "経度": 136.215578, "url": "https://www.iryou.teikyouseido.mhlw.go.jp/znk-web/juminkanja/S2430/initialize?prefCd=18&kikanCd=2181006280&kikanKbn=2", "url2": "http://website.infomity.net/c8290000022/", "内容": "医療法人みさわクリニック【2:診療所】【診療科目:0】福井県福井市舟橋黒竜１－１１９" }, "geometry": { "type": "Point", "coordinates": [ 136.215578, 36.098849 ] } },
{ "type": "Feature", "properties": { "ID": 1822181006340, "正式名称": "山本こあらクリニック", "機関区分": 2, "都道府県コード": 18, "市区町村コード": 201, "所在地": "福井県福井市高柳１－８０３", "緯度": 36.092319, "経度": 136.242031, "url": "https://www.iryou.teikyouseido.mhlw.go.jp/znk-web/juminkanja/S2430/initialize?prefCd=18&kikanCd=2181006340&kikanKbn=2", "url2": "http://www.koala-clinic.com", "内容": "山本こあらクリニック【2:診療所】【診療科目:0】福井県福井市高柳１－８０３" }, "geometry": { "type": "Point", "coordinates": [ 136.242031, 36.092319 ] } },
{ "type": "Feature", "properties": { "ID": 1822181006360, "正式名称": "医療法人　堀口会　堀口医院", "機関区分": 2, "都道府県コード": 18, "市区町村コード": 483, "所在地": "福井県大飯郡おおい町本郷１３６－２６－１", "緯度": 35.480756, "経度": 135.616542, "url": "https://www.iryou.teikyouseido.mhlw.go.jp/znk-web/juminkanja/S2430/initialize?prefCd=18&kikanCd=2181006360&kikanKbn=2", "url2": "https://horiguchi0577.com", "内容": "医療法人　堀口会　堀口医院【2:診療所】【診療科目:0】福井県大飯郡おおい町本郷１３６－２６－１" }, "geometry": { "type": "Point", "coordinates": [ 135.616542, 35.480756 ] } },
{ "type": "Feature", "properties": { "ID": 1822181006370, "正式名称": "にしお内科クリニック", "機関区分": 2, "都道府県コード": 18, "市区町村コード": 204, "所在地": "福井県小浜市南川町１２－８", "緯度": 35.491867, "経度": 135.755264, "url": "https://www.iryou.teikyouseido.mhlw.go.jp/znk-web/juminkanja/S2430/initialize?prefCd=18&kikanCd=2181006370&kikanKbn=2", "url2": null, "内容": "にしお内科クリニック【2:診療所】【診療科目:0】福井県小浜市南川町１２－８" }, "geometry": { "type": "Point", "coordinates": [ 135.755264, 35.491867 ] } },
{ "type": "Feature", "properties": { "ID": 1822181006380, "正式名称": "オレンジホームケアクリニック", "機関区分": 2, "都道府県コード": 18, "市区町村コード": 201, "所在地": "福井県福井市田原１－２−２０", "緯度": 36.065178, "経度": 136.221527, "url": "https://www.iryou.teikyouseido.mhlw.go.jp/znk-web/juminkanja/S2430/initialize?prefCd=18&kikanCd=2181006380&kikanKbn=2", "url2": "http://orangeclinic.jp", "内容": "オレンジホームケアクリニック【2:診療所】【診療科目:0】福井県福井市田原１－２−２０" }, "geometry": { "type": "Point", "coordinates": [ 136.221527, 36.065178 ] } },
{ "type": "Feature", "properties": { "ID": 1822181006390, "正式名称": "医療法人　往診クリニックふくい", "機関区分": 2, "都道府県コード": 18, "市区町村コード": 201, "所在地": "福井県福井市西谷２丁目２７０４－１０３", "緯度": 36.039509, "経度": 136.201066, "url": "https://www.iryou.teikyouseido.mhlw.go.jp/znk-web/juminkanja/S2430/initialize?prefCd=18&kikanCd=2181006390&kikanKbn=2", "url2": "http://www.oushin-fukui.com", "内容": "医療法人　往診クリニックふくい【2:診療所】【診療科目:0】福井県福井市西谷２丁目２７０４－１０３" }, "geometry": { "type": "Point", "coordinates": [ 136.201066, 36.039509 ] } },
{ "type": "Feature", "properties": { "ID": 1822181006410, "正式名称": "医療法人　まきレディースクリニック", "機関区分": 2, "都道府県コード": 18, "市区町村コード": 201, "所在地": "福井県福井市新田塚町１０１", "緯度": 36.088016, "経度": 136.215126, "url": "https://www.iryou.teikyouseido.mhlw.go.jp/znk-web/juminkanja/S2430/initialize?prefCd=18&kikanCd=2181006410&kikanKbn=2", "url2": "http://makiladiesclinic.jp", "内容": "医療法人　まきレディースクリニック【2:診療所】【診療科目:0】福井県福井市新田塚町１０１" }, "geometry": { "type": "Point", "coordinates": [ 136.215126, 36.088016 ] } },
{ "type": "Feature", "properties": { "ID": 1822181006420, "正式名称": "つるおか眼科クリニック", "機関区分": 2, "都道府県コード": 18, "市区町村コード": 205, "所在地": "福井県大野市月美町６－２１", "緯度": 35.985428, "経度": 136.499497, "url": "https://www.iryou.teikyouseido.mhlw.go.jp/znk-web/juminkanja/S2430/initialize?prefCd=18&kikanCd=2181006420&kikanKbn=2", "url2": "http://tsuruoka-eye.com/", "内容": "つるおか眼科クリニック【2:診療所】【診療科目:0】福井県大野市月美町６－２１" }, "geometry": { "type": "Point", "coordinates": [ 136.499497, 35.985428 ] } },
{ "type": "Feature", "properties": { "ID": 1822181024001, "正式名称": "特別養護老人ホーム永平寺ハウス医務室", "機関区分": 2, "都道府県コード": 18, "市区町村コード": 322, "所在地": "福井県吉田郡永平寺町けやき台８１３－１永平寺ハウス", "緯度": 36.076886, "経度": 136.317458, "url": "https://www.iryou.teikyouseido.mhlw.go.jp/znk-web/juminkanja/S2430/initialize?prefCd=18&kikanCd=2181024001&kikanKbn=2", "url2": null, "内容": "特別養護老人ホーム永平寺ハウス医務室【2:診療所】【診療科目:0】福井県吉田郡永平寺町けやき台８１３－１永平寺ハウス" }, "geometry": { "type": "Point", "coordinates": [ 136.317458, 36.076886 ] } },
{ "type": "Feature", "properties": { "ID": 1822181025001, "正式名称": "アニス松岡診療所", "機関区分": 2, "都道府県コード": 18, "市区町村コード": 322, "所在地": "福井県吉田郡永平寺町松岡椚３１－７－１", "緯度": 36.064181, "経度": 136.251194, "url": "https://www.iryou.teikyouseido.mhlw.go.jp/znk-web/juminkanja/S2430/initialize?prefCd=18&kikanCd=2181025001&kikanKbn=2", "url2": null, "内容": "アニス松岡診療所【2:診療所】【診療科目:0】福井県吉田郡永平寺町松岡椚３１－７－１" }, "geometry": { "type": "Point", "coordinates": [ 136.251194, 36.064181 ] } },
{ "type": "Feature", "properties": { "ID": 1822182002001, "正式名称": "坪田皮膚科クリニック", "機関区分": 2, "都道府県コード": 18, "市区町村コード": 208, "所在地": "福井県あわら市春宮１－１１－２６", "緯度": 36.215486, "経度": 136.233714, "url": "https://www.iryou.teikyouseido.mhlw.go.jp/znk-web/juminkanja/S2430/initialize?prefCd=18&kikanCd=2182002001&kikanKbn=2", "url2": null, "内容": "坪田皮膚科クリニック【2:診療所】【診療科目:0】福井県あわら市春宮１－１１－２６" }, "geometry": { "type": "Point", "coordinates": [ 136.233714, 36.215486 ] } },
{ "type": "Feature", "properties": { "ID": 1822184024001, "正式名称": "在宅診療泰寿クリニック", "機関区分": 2, "都道府県コード": 18, "市区町村コード": 209, "所在地": "福井県越前市天王町６番８号", "緯度": 35.8999, "経度": 136.168272, "url": "https://www.iryou.teikyouseido.mhlw.go.jp/znk-web/juminkanja/S2430/initialize?prefCd=18&kikanCd=2184024001&kikanKbn=2", "url2": null, "内容": "在宅診療泰寿クリニック【2:診療所】【診療科目:0】福井県越前市天王町６番８号" }, "geometry": { "type": "Point", "coordinates": [ 136.168272, 35.8999 ] } },
{ "type": "Feature", "properties": { "ID": 1822184025001, "正式名称": "あさひこどもクリニック", "機関区分": 2, "都道府県コード": 18, "市区町村コード": 423, "所在地": "福井県丹生郡越前町朝日５−２４−２", "緯度": 35.973124, "経度": 136.125587, "url": "https://www.iryou.teikyouseido.mhlw.go.jp/znk-web/juminkanja/S2430/initialize?prefCd=18&kikanCd=2184025001&kikanKbn=2", "url2": "https://www.asahi-kodomo-clinic.com/", "内容": "あさひこどもクリニック【2:診療所】【診療科目:0】福井県丹生郡越前町朝日５−２４−２" }, "geometry": { "type": "Point", "coordinates": [ 136.125587, 35.973124 ] } },
{ "type": "Feature", "properties": { "ID": 1822187023030, "正式名称": "パークスみなみ　医務室", "機関区分": 2, "都道府県コード": 18, "市区町村コード": 201, "所在地": "福井県福井市今市町６５－１１－１ユニット型特別養護老人ホーム　パークスみなみ", "緯度": 36.0222935, "経度": 136.2093978, "url": "https://www.iryou.teikyouseido.mhlw.go.jp/znk-web/juminkanja/S2430/initialize?prefCd=18&kikanCd=2187023030&kikanKbn=2", "url2": null, "内容": "パークスみなみ　医務室【2:診療所】【診療科目:0】福井県福井市今市町６５－１１－１ユニット型特別養護老人ホーム　パークスみなみ" }, "geometry": { "type": "Point", "coordinates": [ 136.2093978, 36.0222935 ] } },
{ "type": "Feature", "properties": { "ID": 1822187023040, "正式名称": "さくら通り整形外科クリニック", "機関区分": 2, "都道府県コード": 18, "市区町村コード": 201, "所在地": "福井県福井市日之出４丁目１１－１７", "緯度": 36.064419, "経度": 136.233371, "url": "https://www.iryou.teikyouseido.mhlw.go.jp/znk-web/juminkanja/S2430/initialize?prefCd=18&kikanCd=2187023040&kikanKbn=2", "url2": "https://fukui-seikeigeka.com/%e3%82%a2%e3%82%af%e3%82%bb%e3%82%b9", "内容": "さくら通り整形外科クリニック【2:診療所】【診療科目:0】福井県福井市日之出４丁目１１－１７" }, "geometry": { "type": "Point", "coordinates": [ 136.233371, 36.064419 ] } },
{ "type": "Feature", "properties": { "ID": 1822187024010, "正式名称": "みねぎし皮ふ科形成外科", "機関区分": 2, "都道府県コード": 18, "市区町村コード": 201, "所在地": "福井県福井市開発４丁目４０１－１", "緯度": 36.0847, "経度": 136.238513, "url": "https://www.iryou.teikyouseido.mhlw.go.jp/znk-web/juminkanja/S2430/initialize?prefCd=18&kikanCd=2187024010&kikanKbn=2", "url2": "https://minegishi-hifukeisei.jp/", "内容": "みねぎし皮ふ科形成外科【2:診療所】【診療科目:0】福井県福井市開発４丁目４０１－１" }, "geometry": { "type": "Point", "coordinates": [ 136.238513, 36.0847 ] } },
{ "type": "Feature", "properties": { "ID": 1822187024020, "正式名称": "ケアラボクリニック", "機関区分": 2, "都道府県コード": 18, "市区町村コード": 201, "所在地": "福井県福井市灯明寺３丁目３５１１", "緯度": 36.097981, "経度": 136.21195, "url": "https://www.iryou.teikyouseido.mhlw.go.jp/znk-web/juminkanja/S2430/initialize?prefCd=18&kikanCd=2187024020&kikanKbn=2", "url2": null, "内容": "ケアラボクリニック【2:診療所】【診療科目:0】福井県福井市灯明寺３丁目３５１１" }, "geometry": { "type": "Point", "coordinates": [ 136.21195, 36.097981 ] } },
{ "type": "Feature", "properties": { "ID": 1822187024030, "正式名称": "ふくい内視鏡・胃腸クリニック", "機関区分": 2, "都道府県コード": 18, "市区町村コード": 201, "所在地": "福井県福井市宝永１丁目３５－１２", "緯度": 36.070809, "経度": 136.228965, "url": "https://www.iryou.teikyouseido.mhlw.go.jp/znk-web/juminkanja/S2430/initialize?prefCd=18&kikanCd=2187024030&kikanKbn=2", "url2": "https://www.fukui-naishikyo.jp/", "内容": "ふくい内視鏡・胃腸クリニック【2:診療所】【診療科目:0】福井県福井市宝永１丁目３５－１２" }, "geometry": { "type": "Point", "coordinates": [ 136.228965, 36.070809 ] } },
{ "type": "Feature", "properties": { "ID": 1822187024040, "正式名称": "ふくいはるえ内科・泌尿器科クリニック", "機関区分": 2, "都道府県コード": 18, "市区町村コード": 201, "所在地": "福井県福井市栗森２丁目１０６番地", "緯度": 36.118669, "経度": 136.240304, "url": "https://www.iryou.teikyouseido.mhlw.go.jp/znk-web/juminkanja/S2430/initialize?prefCd=18&kikanCd=2187024040&kikanKbn=2", "url2": "https://fukui-harue-clinic.com/", "内容": "ふくいはるえ内科・泌尿器科クリニック【2:診療所】【診療科目:0】福井県福井市栗森２丁目１０６番地" }, "geometry": { "type": "Point", "coordinates": [ 136.240304, 36.118669 ] } },
{ "type": "Feature", "properties": { "ID": 1822187024050, "正式名称": "湘南美容クリニック福井院", "機関区分": 2, "都道府県コード": 18, "市区町村コード": 201, "所在地": "福井県福井市中央一丁目１０番３０号　アクロスキューブ福井中央２階", "緯度": 36.061595, "経度": 136.221075, "url": "https://www.iryou.teikyouseido.mhlw.go.jp/znk-web/juminkanja/S2430/initialize?prefCd=18&kikanCd=2187024050&kikanKbn=2", "url2": "https://www.s-b-c.net/clinic/branch/fukui/", "内容": "湘南美容クリニック福井院【2:診療所】【診療科目:0】福井県福井市中央一丁目１０番３０号　アクロスキューブ福井中央２階" }, "geometry": { "type": "Point", "coordinates": [ 136.221075, 36.061595 ] } }
]
}
