{
"type": "FeatureCollection",
"name": "geo_18_3",
"crs": { "type": "name", "properties": { "name": "urn:ogc:def:crs:OGC:1.3:CRS84" } },
"features": [
{ "type": "Feature", "properties": { "ID": 1833180000030, "正式名称": "中村歯科医院", "機関区分": 3, "都道府県コード": 18, "市区町村コード": 201, "所在地": "福井県福井市松本４丁目３－２２", "緯度": 36.071589, "経度": 136.218847, "url": "https://www.iryou.teikyouseido.mhlw.go.jp/znk-web/juminkanja/S2430/initialize?prefCd=18&kikanCd=3180000030&kikanKbn=3", "url2": null, "内容": "中村歯科医院【3:歯科】福井県福井市松本４丁目３－２２" }, "geometry": { "type": "Point", "coordinates": [ 136.218847, 36.071589 ] } },
{ "type": "Feature", "properties": { "ID": 1833180000080, "正式名称": "藤井歯科クリニック", "機関区分": 3, "都道府県コード": 18, "市区町村コード": 201, "所在地": "福井県福井市浅水町１０６－９", "緯度": 36.005478, "経度": 136.199931, "url": "https://www.iryou.teikyouseido.mhlw.go.jp/znk-web/juminkanja/S2430/initialize?prefCd=18&kikanCd=3180000080&kikanKbn=3", "url2": null, "内容": "藤井歯科クリニック【3:歯科】福井県福井市浅水町１０６－９" }, "geometry": { "type": "Point", "coordinates": [ 136.199931, 36.005478 ] } },
{ "type": "Feature", "properties": { "ID": 1833180000090, "正式名称": "三宅歯科医院", "機関区分": 3, "都道府県コード": 18, "市区町村コード": 201, "所在地": "福井県福井市順化１－９－２１", "緯度": 36.064033, "経度": 136.216292, "url": "https://www.iryou.teikyouseido.mhlw.go.jp/znk-web/juminkanja/S2430/initialize?prefCd=18&kikanCd=3180000090&kikanKbn=3", "url2": null, "内容": "三宅歯科医院【3:歯科】福井県福井市順化１－９－２１" }, "geometry": { "type": "Point", "coordinates": [ 136.216292, 36.064033 ] } },
{ "type": "Feature", "properties": { "ID": 1833180000100, "正式名称": "医療法人　上田歯科医院", "機関区分": 3, "都道府県コード": 18, "市区町村コード": 201, "所在地": "福井県福井市灯明寺一丁目４１１番地", "緯度": 36.090137, "経度": 136.212496, "url": "https://www.iryou.teikyouseido.mhlw.go.jp/znk-web/juminkanja/S2430/initialize?prefCd=18&kikanCd=3180000100&kikanKbn=3", "url2": "http://uedadental.clinic", "内容": "医療法人　上田歯科医院【3:歯科】福井県福井市灯明寺一丁目４１１番地" }, "geometry": { "type": "Point", "coordinates": [ 136.212496, 36.090137 ] } },
{ "type": "Feature", "properties": { "ID": 1833180000120, "正式名称": "医療法人　櫻徑会　森瀬歯科医院", "機関区分": 3, "都道府県コード": 18, "市区町村コード": 201, "所在地": "福井県福井市上野町９－４６", "緯度": 36.143283, "経度": 136.147708, "url": "https://www.iryou.teikyouseido.mhlw.go.jp/znk-web/juminkanja/S2430/initialize?prefCd=18&kikanCd=3180000120&kikanKbn=3", "url2": "http://morisedental.com", "内容": "医療法人　櫻徑会　森瀬歯科医院【3:歯科】福井県福井市上野町９－４６" }, "geometry": { "type": "Point", "coordinates": [ 136.147708, 36.143283 ] } },
{ "type": "Feature", "properties": { "ID": 1833180000140, "正式名称": "荻原歯科医院", "機関区分": 3, "都道府県コード": 18, "市区町村コード": 201, "所在地": "福井県福井市大手３－８－１１", "緯度": 36.064422, "経度": 136.217847, "url": "https://www.iryou.teikyouseido.mhlw.go.jp/znk-web/juminkanja/S2430/initialize?prefCd=18&kikanCd=3180000140&kikanKbn=3", "url2": "https://www.oote-itsuki.com/", "内容": "荻原歯科医院【3:歯科】福井県福井市大手３－８－１１" }, "geometry": { "type": "Point", "coordinates": [ 136.217847, 36.064422 ] } },
{ "type": "Feature", "properties": { "ID": 1833180000160, "正式名称": "村崎歯科医院", "機関区分": 3, "都道府県コード": 18, "市区町村コード": 201, "所在地": "福井県福井市砂子坂町７－７５－１", "緯度": 36.14393, "経度": 136.147844, "url": "https://www.iryou.teikyouseido.mhlw.go.jp/znk-web/juminkanja/S2430/initialize?prefCd=18&kikanCd=3180000160&kikanKbn=3", "url2": "http://www.fcda.or.jp/8020/830033/", "内容": "村崎歯科医院【3:歯科】福井県福井市砂子坂町７－７５－１" }, "geometry": { "type": "Point", "coordinates": [ 136.147844, 36.14393 ] } },
{ "type": "Feature", "properties": { "ID": 1833180000180, "正式名称": "加藤歯科医院", "機関区分": 3, "都道府県コード": 18, "市区町村コード": 201, "所在地": "福井県福井市宝永２丁目１２－５", "緯度": 36.070894, "経度": 136.226375, "url": "https://www.iryou.teikyouseido.mhlw.go.jp/znk-web/juminkanja/S2430/initialize?prefCd=18&kikanCd=3180000180&kikanKbn=3", "url2": null, "内容": "加藤歯科医院【3:歯科】福井県福井市宝永２丁目１２－５" }, "geometry": { "type": "Point", "coordinates": [ 136.226375, 36.070894 ] } },
{ "type": "Feature", "properties": { "ID": 1833180000210, "正式名称": "森広歯科医院", "機関区分": 3, "都道府県コード": 18, "市区町村コード": 201, "所在地": "福井県福井市順化１－１６－５", "緯度": 36.064867, "経度": 136.214986, "url": "https://www.iryou.teikyouseido.mhlw.go.jp/znk-web/juminkanja/S2430/initialize?prefCd=18&kikanCd=3180000210&kikanKbn=3", "url2": null, "内容": "森広歯科医院【3:歯科】福井県福井市順化１－１６－５" }, "geometry": { "type": "Point", "coordinates": [ 136.214986, 36.064867 ] } },
{ "type": "Feature", "properties": { "ID": 1833180000220, "正式名称": "一般社団法人　福井県歯科医師会立　福井口腔保健センター", "機関区分": 3, "都道府県コード": 18, "市区町村コード": 201, "所在地": "福井県福井市大願寺３－４－１", "緯度": 36.081922, "経度": 136.227625, "url": "https://www.iryou.teikyouseido.mhlw.go.jp/znk-web/juminkanja/S2430/initialize?prefCd=18&kikanCd=3180000220&kikanKbn=3", "url2": null, "内容": "一般社団法人　福井県歯科医師会立　福井口腔保健センター【3:歯科】福井県福井市大願寺３－４－１" }, "geometry": { "type": "Point", "coordinates": [ 136.227625, 36.081922 ] } },
{ "type": "Feature", "properties": { "ID": 1833180000260, "正式名称": "池田歯科医院", "機関区分": 3, "都道府県コード": 18, "市区町村コード": 201, "所在地": "福井県福井市順化１－２２－１２", "緯度": 36.066394, "経度": 136.217319, "url": "https://www.iryou.teikyouseido.mhlw.go.jp/znk-web/juminkanja/S2430/initialize?prefCd=18&kikanCd=3180000260&kikanKbn=3", "url2": null, "内容": "池田歯科医院【3:歯科】福井県福井市順化１－２２－１２" }, "geometry": { "type": "Point", "coordinates": [ 136.217319, 36.066394 ] } },
{ "type": "Feature", "properties": { "ID": 1833180000280, "正式名称": "医療法人　青木歯科医院", "機関区分": 3, "都道府県コード": 18, "市区町村コード": 201, "所在地": "福井県福井市中央１－１０－８", "緯度": 36.061172, "経度": 136.221125, "url": "https://www.iryou.teikyouseido.mhlw.go.jp/znk-web/juminkanja/S2430/initialize?prefCd=18&kikanCd=3180000280&kikanKbn=3", "url2": "https://aoki-dent.net", "内容": "医療法人　青木歯科医院【3:歯科】福井県福井市中央１－１０－８" }, "geometry": { "type": "Point", "coordinates": [ 136.221125, 36.061172 ] } },
{ "type": "Feature", "properties": { "ID": 1833180000300, "正式名称": "医療法人　三西会　三好歯科", "機関区分": 3, "都道府県コード": 18, "市区町村コード": 201, "所在地": "福井県福井市二の宮４丁目２３－５", "緯度": 36.0847, "経度": 136.214292, "url": "https://www.iryou.teikyouseido.mhlw.go.jp/znk-web/juminkanja/S2430/initialize?prefCd=18&kikanCd=3180000300&kikanKbn=3", "url2": "http://miyoshi-d.jp/", "内容": "医療法人　三西会　三好歯科【3:歯科】福井県福井市二の宮４丁目２３－５" }, "geometry": { "type": "Point", "coordinates": [ 136.214292, 36.0847 ] } },
{ "type": "Feature", "properties": { "ID": 1833180000320, "正式名称": "医療法人　東英会　遠矢歯科医院", "機関区分": 3, "都道府県コード": 18, "市区町村コード": 201, "所在地": "福井県福井市二の宮５－５－２５", "緯度": 36.083159, "経度": 136.208069, "url": "https://www.iryou.teikyouseido.mhlw.go.jp/znk-web/juminkanja/S2430/initialize?prefCd=18&kikanCd=3180000320&kikanKbn=3", "url2": "http://www.tohya-dc.com", "内容": "医療法人　東英会　遠矢歯科医院【3:歯科】福井県福井市二の宮５－５－２５" }, "geometry": { "type": "Point", "coordinates": [ 136.208069, 36.083159 ] } },
{ "type": "Feature", "properties": { "ID": 1833180000330, "正式名称": "医療法人　穂高会　高橋歯科医院", "機関区分": 3, "都道府県コード": 18, "市区町村コード": 201, "所在地": "福井県福井市大手２丁目７－３　日新ビル４Ｆ５Ｆ", "緯度": 36.062894, "経度": 136.221597, "url": "https://www.iryou.teikyouseido.mhlw.go.jp/znk-web/juminkanja/S2430/initialize?prefCd=18&kikanCd=3180000330&kikanKbn=3", "url2": "http://fukui-takahashi.sakura.ne.jp", "内容": "医療法人　穂高会　高橋歯科医院【3:歯科】福井県福井市大手２丁目７－３　日新ビル４Ｆ５Ｆ" }, "geometry": { "type": "Point", "coordinates": [ 136.221597, 36.062894 ] } },
{ "type": "Feature", "properties": { "ID": 1833180000340, "正式名称": "コンドー歯科医院", "機関区分": 3, "都道府県コード": 18, "市区町村コード": 201, "所在地": "福井県福井市開発４－３０６", "緯度": 36.0842, "経度": 136.236903, "url": "https://www.iryou.teikyouseido.mhlw.go.jp/znk-web/juminkanja/S2430/initialize?prefCd=18&kikanCd=3180000340&kikanKbn=3", "url2": null, "内容": "コンドー歯科医院【3:歯科】福井県福井市開発４－３０６" }, "geometry": { "type": "Point", "coordinates": [ 136.236903, 36.0842 ] } },
{ "type": "Feature", "properties": { "ID": 1833180000350, "正式名称": "坪田歯科医院", "機関区分": 3, "都道府県コード": 18, "市区町村コード": 201, "所在地": "福井県福井市二の宮５－１４－２７", "緯度": 36.086033, "経度": 136.208736, "url": "https://www.iryou.teikyouseido.mhlw.go.jp/znk-web/juminkanja/S2430/initialize?prefCd=18&kikanCd=3180000350&kikanKbn=3", "url2": "http://www.tsubota-shika.jp", "内容": "坪田歯科医院【3:歯科】福井県福井市二の宮５－１４－２７" }, "geometry": { "type": "Point", "coordinates": [ 136.208736, 36.086033 ] } },
{ "type": "Feature", "properties": { "ID": 1833180000370, "正式名称": "英　歯科", "機関区分": 3, "都道府県コード": 18, "市区町村コード": 201, "所在地": "福井県福井市手寄１丁目１０番１０号", "緯度": 36.058978, "経度": 136.223903, "url": "https://www.iryou.teikyouseido.mhlw.go.jp/znk-web/juminkanja/S2430/initialize?prefCd=18&kikanCd=3180000370&kikanKbn=3", "url2": "http://www.teeth.co.jp/tcc/member/homepage/10829/index.htm", "内容": "英　歯科【3:歯科】福井県福井市手寄１丁目１０番１０号" }, "geometry": { "type": "Point", "coordinates": [ 136.223903, 36.058978 ] } },
{ "type": "Feature", "properties": { "ID": 1833180000380, "正式名称": "中村歯科医院", "機関区分": 3, "都道府県コード": 18, "市区町村コード": 201, "所在地": "福井県福井市大手３丁目２－１", "緯度": 36.063589, "経度": 136.221153, "url": "https://www.iryou.teikyouseido.mhlw.go.jp/znk-web/juminkanja/S2430/initialize?prefCd=18&kikanCd=3180000380&kikanKbn=3", "url2": null, "内容": "中村歯科医院【3:歯科】福井県福井市大手３丁目２－１" }, "geometry": { "type": "Point", "coordinates": [ 136.221153, 36.063589 ] } },
{ "type": "Feature", "properties": { "ID": 1833180000390, "正式名称": "歯科　毛利医院", "機関区分": 3, "都道府県コード": 18, "市区町村コード": 322, "所在地": "福井県吉田郡永平寺町松岡神明３－２６", "緯度": 36.092966, "経度": 136.301638, "url": "https://www.iryou.teikyouseido.mhlw.go.jp/znk-web/juminkanja/S2430/initialize?prefCd=18&kikanCd=3180000390&kikanKbn=3", "url2": "https://mouri-shika.com/", "内容": "歯科　毛利医院【3:歯科】福井県吉田郡永平寺町松岡神明３－２６" }, "geometry": { "type": "Point", "coordinates": [ 136.301638, 36.092966 ] } },
{ "type": "Feature", "properties": { "ID": 1833180000430, "正式名称": "大森歯科医院", "機関区分": 3, "都道府県コード": 18, "市区町村コード": 201, "所在地": "福井県福井市文京４－９－１", "緯度": 36.07595, "経度": 136.210264, "url": "https://www.iryou.teikyouseido.mhlw.go.jp/znk-web/juminkanja/S2430/initialize?prefCd=18&kikanCd=3180000430&kikanKbn=3", "url2": null, "内容": "大森歯科医院【3:歯科】福井県福井市文京４－９－１" }, "geometry": { "type": "Point", "coordinates": [ 136.210264, 36.07595 ] } },
{ "type": "Feature", "properties": { "ID": 1833180000440, "正式名称": "ササジマ歯科医院", "機関区分": 3, "都道府県コード": 18, "市区町村コード": 201, "所在地": "福井県福井市毛矢２丁目７－３", "緯度": 36.056704, "経度": 136.215144, "url": "https://www.iryou.teikyouseido.mhlw.go.jp/znk-web/juminkanja/S2430/initialize?prefCd=18&kikanCd=3180000440&kikanKbn=3", "url2": "https://itp.ne.jp/info/186361209300000899/", "内容": "ササジマ歯科医院【3:歯科】福井県福井市毛矢２丁目７－３" }, "geometry": { "type": "Point", "coordinates": [ 136.215144, 36.056704 ] } },
{ "type": "Feature", "properties": { "ID": 1833180000460, "正式名称": "松田歯科医院", "機関区分": 3, "都道府県コード": 18, "市区町村コード": 201, "所在地": "福井県福井市勝見３－１－１４", "緯度": 36.055636, "経度": 136.230317, "url": "https://www.iryou.teikyouseido.mhlw.go.jp/znk-web/juminkanja/S2430/initialize?prefCd=18&kikanCd=3180000460&kikanKbn=3", "url2": "http://matsuda-dentalclinic.jp/", "内容": "松田歯科医院【3:歯科】福井県福井市勝見３－１－１４" }, "geometry": { "type": "Point", "coordinates": [ 136.230317, 36.055636 ] } },
{ "type": "Feature", "properties": { "ID": 1833180000470, "正式名称": "歯科堀江医院", "機関区分": 3, "都道府県コード": 18, "市区町村コード": 201, "所在地": "福井県福井市花堂南２－５－３", "緯度": 36.035732, "経度": 136.211904, "url": "https://www.iryou.teikyouseido.mhlw.go.jp/znk-web/juminkanja/S2430/initialize?prefCd=18&kikanCd=3180000470&kikanKbn=3", "url2": null, "内容": "歯科堀江医院【3:歯科】福井県福井市花堂南２－５－３" }, "geometry": { "type": "Point", "coordinates": [ 136.211904, 36.035732 ] } },
{ "type": "Feature", "properties": { "ID": 1833180000490, "正式名称": "松下歯科医院", "機関区分": 3, "都道府県コード": 18, "市区町村コード": 201, "所在地": "福井県福井市日之出２－３－２１", "緯度": 36.061422, "経度": 136.226319, "url": "https://www.iryou.teikyouseido.mhlw.go.jp/znk-web/juminkanja/S2430/initialize?prefCd=18&kikanCd=3180000490&kikanKbn=3", "url2": "http://www.fcda.or.jp/8020/216004/", "内容": "松下歯科医院【3:歯科】福井県福井市日之出２－３－２１" }, "geometry": { "type": "Point", "coordinates": [ 136.226319, 36.061422 ] } },
{ "type": "Feature", "properties": { "ID": 1833180000500, "正式名称": "文村歯科医院", "機関区分": 3, "都道府県コード": 18, "市区町村コード": 201, "所在地": "福井県福井市栄町１６－３", "緯度": 36.107839, "経度": 136.224153, "url": "https://www.iryou.teikyouseido.mhlw.go.jp/znk-web/juminkanja/S2430/initialize?prefCd=18&kikanCd=3180000500&kikanKbn=3", "url2": "http:www.fcda.or.jp/m/", "内容": "文村歯科医院【3:歯科】福井県福井市栄町１６－３" }, "geometry": { "type": "Point", "coordinates": [ 136.224153, 36.107839 ] } },
{ "type": "Feature", "properties": { "ID": 1833180000510, "正式名称": "近藤歯科医院", "機関区分": 3, "都道府県コード": 18, "市区町村コード": 201, "所在地": "福井県福井市みのり３－２１－９", "緯度": 36.04845, "経度": 136.208958, "url": "https://www.iryou.teikyouseido.mhlw.go.jp/znk-web/juminkanja/S2430/initialize?prefCd=18&kikanCd=3180000510&kikanKbn=3", "url2": null, "内容": "近藤歯科医院【3:歯科】福井県福井市みのり３－２１－９" }, "geometry": { "type": "Point", "coordinates": [ 136.208958, 36.04845 ] } },
{ "type": "Feature", "properties": { "ID": 1833180000520, "正式名称": "うらやま歯科", "機関区分": 3, "都道府県コード": 18, "市区町村コード": 201, "所在地": "福井県福井市二の宮２－２９－１８", "緯度": 36.087728, "経度": 136.225292, "url": "https://www.iryou.teikyouseido.mhlw.go.jp/znk-web/juminkanja/S2430/initialize?prefCd=18&kikanCd=3180000520&kikanKbn=3", "url2": null, "内容": "うらやま歯科【3:歯科】福井県福井市二の宮２－２９－１８" }, "geometry": { "type": "Point", "coordinates": [ 136.225292, 36.087728 ] } },
{ "type": "Feature", "properties": { "ID": 1833180000530, "正式名称": "矢部歯科医院", "機関区分": 3, "都道府県コード": 18, "市区町村コード": 201, "所在地": "福井県福井市高木中央２丁目３５０８", "緯度": 36.090478, "経度": 136.235653, "url": "https://www.iryou.teikyouseido.mhlw.go.jp/znk-web/juminkanja/S2430/initialize?prefCd=18&kikanCd=3180000530&kikanKbn=3", "url2": "http://www.yabedental.net", "内容": "矢部歯科医院【3:歯科】福井県福井市高木中央２丁目３５０８" }, "geometry": { "type": "Point", "coordinates": [ 136.235653, 36.090478 ] } },
{ "type": "Feature", "properties": { "ID": 1833180000550, "正式名称": "池上歯科医院", "機関区分": 3, "都道府県コード": 18, "市区町村コード": 201, "所在地": "福井県福井市経田　１－４０２", "緯度": 36.088589, "経度": 136.223875, "url": "https://www.iryou.teikyouseido.mhlw.go.jp/znk-web/juminkanja/S2430/initialize?prefCd=18&kikanCd=3180000550&kikanKbn=3", "url2": null, "内容": "池上歯科医院【3:歯科】福井県福井市経田　１－４０２" }, "geometry": { "type": "Point", "coordinates": [ 136.223875, 36.088589 ] } },
{ "type": "Feature", "properties": { "ID": 1833180000560, "正式名称": "松本歯科医院", "機関区分": 3, "都道府県コード": 18, "市区町村コード": 201, "所在地": "福井県福井市木田２－１２０８", "緯度": 36.045311, "経度": 136.222153, "url": "https://www.iryou.teikyouseido.mhlw.go.jp/znk-web/juminkanja/S2430/initialize?prefCd=18&kikanCd=3180000560&kikanKbn=3", "url2": null, "内容": "松本歯科医院【3:歯科】福井県福井市木田２－１２０８" }, "geometry": { "type": "Point", "coordinates": [ 136.222153, 36.045311 ] } },
{ "type": "Feature", "properties": { "ID": 1833180000570, "正式名称": "小林歯科医院", "機関区分": 3, "都道府県コード": 18, "市区町村コード": 201, "所在地": "福井県福井市豊島２－７－９", "緯度": 36.05795, "経度": 136.224681, "url": "https://www.iryou.teikyouseido.mhlw.go.jp/znk-web/juminkanja/S2430/initialize?prefCd=18&kikanCd=3180000570&kikanKbn=3", "url2": null, "内容": "小林歯科医院【3:歯科】福井県福井市豊島２－７－９" }, "geometry": { "type": "Point", "coordinates": [ 136.224681, 36.05795 ] } },
{ "type": "Feature", "properties": { "ID": 1833180000590, "正式名称": "医療法人　永井歯科医院", "機関区分": 3, "都道府県コード": 18, "市区町村コード": 201, "所在地": "福井県福井市若杉２－１５３７", "緯度": 36.056651, "経度": 136.189376, "url": "https://www.iryou.teikyouseido.mhlw.go.jp/znk-web/juminkanja/S2430/initialize?prefCd=18&kikanCd=3180000590&kikanKbn=3", "url2": "https://nagaidentalclinic.com/", "内容": "医療法人　永井歯科医院【3:歯科】福井県福井市若杉２－１５３７" }, "geometry": { "type": "Point", "coordinates": [ 136.189376, 36.056651 ] } },
{ "type": "Feature", "properties": { "ID": 1833180000600, "正式名称": "杉田歯科医院", "機関区分": 3, "都道府県コード": 18, "市区町村コード": 201, "所在地": "福井県福井市福１丁目１２１８", "緯度": 36.046644, "経度": 136.189181, "url": "https://www.iryou.teikyouseido.mhlw.go.jp/znk-web/juminkanja/S2430/initialize?prefCd=18&kikanCd=3180000600&kikanKbn=3", "url2": null, "内容": "杉田歯科医院【3:歯科】福井県福井市福１丁目１２１８" }, "geometry": { "type": "Point", "coordinates": [ 136.189181, 36.046644 ] } },
{ "type": "Feature", "properties": { "ID": 1833180000610, "正式名称": "医療法人　五大清歯会工大前　清水歯科医院", "機関区分": 3, "都道府県コード": 18, "市区町村コード": 201, "所在地": "福井県福井市光陽４－３－２６", "緯度": 36.06795, "経度": 136.194125, "url": "https://www.iryou.teikyouseido.mhlw.go.jp/znk-web/juminkanja/S2430/initialize?prefCd=18&kikanCd=3180000610&kikanKbn=3", "url2": null, "内容": "医療法人　五大清歯会工大前　清水歯科医院【3:歯科】福井県福井市光陽４－３－２６" }, "geometry": { "type": "Point", "coordinates": [ 136.194125, 36.06795 ] } },
{ "type": "Feature", "properties": { "ID": 1833180000620, "正式名称": "文京清水歯科医院", "機関区分": 3, "都道府県コード": 18, "市区町村コード": 201, "所在地": "福井県福井市文京６－２１－２", "緯度": 36.076533, "経度": 136.200681, "url": "https://www.iryou.teikyouseido.mhlw.go.jp/znk-web/juminkanja/S2430/initialize?prefCd=18&kikanCd=3180000620&kikanKbn=3", "url2": null, "内容": "文京清水歯科医院【3:歯科】福井県福井市文京６－２１－２" }, "geometry": { "type": "Point", "coordinates": [ 136.200681, 36.076533 ] } },
{ "type": "Feature", "properties": { "ID": 1833180000630, "正式名称": "栃木歯科医院", "機関区分": 3, "都道府県コード": 18, "市区町村コード": 201, "所在地": "福井県福井市種池町１－２４－３", "緯度": 36.037617, "経度": 136.185292, "url": "https://www.iryou.teikyouseido.mhlw.go.jp/znk-web/juminkanja/S2430/initialize?prefCd=18&kikanCd=3180000630&kikanKbn=3", "url2": null, "内容": "栃木歯科医院【3:歯科】福井県福井市種池町１－２４－３" }, "geometry": { "type": "Point", "coordinates": [ 136.185292, 36.037617 ] } },
{ "type": "Feature", "properties": { "ID": 1833180000640, "正式名称": "山田歯科医院", "機関区分": 3, "都道府県コード": 18, "市区町村コード": 201, "所在地": "福井県福井市北四ツ居１－８－２３", "緯度": 36.063589, "経度": 136.243153, "url": "https://www.iryou.teikyouseido.mhlw.go.jp/znk-web/juminkanja/S2430/initialize?prefCd=18&kikanCd=3180000640&kikanKbn=3", "url2": null, "内容": "山田歯科医院【3:歯科】福井県福井市北四ツ居１－８－２３" }, "geometry": { "type": "Point", "coordinates": [ 136.243153, 36.063589 ] } },
{ "type": "Feature", "properties": { "ID": 1833180000660, "正式名称": "松井歯科医院", "機関区分": 3, "都道府県コード": 18, "市区町村コード": 201, "所在地": "福井県福井市灯明寺１丁目２８０２", "緯度": 36.092311, "経度": 136.210014, "url": "https://www.iryou.teikyouseido.mhlw.go.jp/znk-web/juminkanja/S2430/initialize?prefCd=18&kikanCd=3180000660&kikanKbn=3", "url2": null, "内容": "松井歯科医院【3:歯科】福井県福井市灯明寺１丁目２８０２" }, "geometry": { "type": "Point", "coordinates": [ 136.210014, 36.092311 ] } },
{ "type": "Feature", "properties": { "ID": 1833180000670, "正式名称": "藤田歯科医院", "機関区分": 3, "都道府県コード": 18, "市区町村コード": 201, "所在地": "福井県福井市四ツ井２丁目９－１８", "緯度": 36.067839, "経度": 136.238181, "url": "https://www.iryou.teikyouseido.mhlw.go.jp/znk-web/juminkanja/S2430/initialize?prefCd=18&kikanCd=3180000670&kikanKbn=3", "url2": "http://fujita-shika.jp", "内容": "藤田歯科医院【3:歯科】福井県福井市四ツ井２丁目９－１８" }, "geometry": { "type": "Point", "coordinates": [ 136.238181, 36.067839 ] } },
{ "type": "Feature", "properties": { "ID": 1833180000680, "正式名称": "はじめ歯科診療所", "機関区分": 3, "都道府県コード": 18, "市区町村コード": 201, "所在地": "福井県福井市大手２－７－１５　明治安田生命福井ビル５階", "緯度": 36.063394, "経度": 136.221875, "url": "https://www.iryou.teikyouseido.mhlw.go.jp/znk-web/juminkanja/S2430/initialize?prefCd=18&kikanCd=3180000680&kikanKbn=3", "url2": null, "内容": "はじめ歯科診療所【3:歯科】福井県福井市大手２－７－１５　明治安田生命福井ビル５階" }, "geometry": { "type": "Point", "coordinates": [ 136.221875, 36.063394 ] } },
{ "type": "Feature", "properties": { "ID": 1833180000690, "正式名称": "鈴木歯科医院", "機関区分": 3, "都道府県コード": 18, "市区町村コード": 201, "所在地": "福井県福井市上森田１－５０１", "緯度": 36.112894, "経度": 136.228458, "url": "https://www.iryou.teikyouseido.mhlw.go.jp/znk-web/juminkanja/S2430/initialize?prefCd=18&kikanCd=3180000690&kikanKbn=3", "url2": null, "内容": "鈴木歯科医院【3:歯科】福井県福井市上森田１－５０１" }, "geometry": { "type": "Point", "coordinates": [ 136.228458, 36.112894 ] } },
{ "type": "Feature", "properties": { "ID": 1833180000710, "正式名称": "光陽生協歯科診療所", "機関区分": 3, "都道府県コード": 18, "市区町村コード": 201, "所在地": "福井県福井市光陽２丁目１８－１５", "緯度": 36.065561, "経度": 136.197847, "url": "https://www.iryou.teikyouseido.mhlw.go.jp/znk-web/juminkanja/S2430/initialize?prefCd=18&kikanCd=3180000710&kikanKbn=3", "url2": "http://www.fukui-min-iren.com/kohyohsika", "内容": "光陽生協歯科診療所【3:歯科】福井県福井市光陽２丁目１８－１５" }, "geometry": { "type": "Point", "coordinates": [ 136.197847, 36.065561 ] } },
{ "type": "Feature", "properties": { "ID": 1833180000720, "正式名称": "医療法人　平泉歯科医院", "機関区分": 3, "都道府県コード": 18, "市区町村コード": 201, "所在地": "福井県福井市板垣５丁目９０８", "緯度": 36.044756, "経度": 136.230208, "url": "https://www.iryou.teikyouseido.mhlw.go.jp/znk-web/juminkanja/S2430/initialize?prefCd=18&kikanCd=3180000720&kikanKbn=3", "url2": null, "内容": "医療法人　平泉歯科医院【3:歯科】福井県福井市板垣５丁目９０８" }, "geometry": { "type": "Point", "coordinates": [ 136.230208, 36.044756 ] } },
{ "type": "Feature", "properties": { "ID": 1833180000730, "正式名称": "ささじま歯科医院", "機関区分": 3, "都道府県コード": 18, "市区町村コード": 201, "所在地": "福井県福井市成和１丁目３２１０番　東部プラザ２Ｆ", "緯度": 36.052478, "経度": 136.243819, "url": "https://www.iryou.teikyouseido.mhlw.go.jp/znk-web/juminkanja/S2430/initialize?prefCd=18&kikanCd=3180000730&kikanKbn=3", "url2": null, "内容": "ささじま歯科医院【3:歯科】福井県福井市成和１丁目３２１０番　東部プラザ２Ｆ" }, "geometry": { "type": "Point", "coordinates": [ 136.243819, 36.052478 ] } },
{ "type": "Feature", "properties": { "ID": 1833180000740, "正式名称": "医療法人　社団　仁秀会　早川歯科医院", "機関区分": 3, "都道府県コード": 18, "市区町村コード": 201, "所在地": "福井県福井市文京３－２７－１２", "緯度": 36.079617, "経度": 136.211514, "url": "https://www.iryou.teikyouseido.mhlw.go.jp/znk-web/juminkanja/S2430/initialize?prefCd=18&kikanCd=3180000740&kikanKbn=3", "url2": "http://www.hayakawa-dent.jp/", "内容": "医療法人　社団　仁秀会　早川歯科医院【3:歯科】福井県福井市文京３－２７－１２" }, "geometry": { "type": "Point", "coordinates": [ 136.211514, 36.079617 ] } },
{ "type": "Feature", "properties": { "ID": 1833180000760, "正式名称": "なむら歯科医院", "機関区分": 3, "都道府県コード": 18, "市区町村コード": 201, "所在地": "福井県福井市下荒井町１－３２", "緯度": 36.025033, "経度": 136.208208, "url": "https://www.iryou.teikyouseido.mhlw.go.jp/znk-web/juminkanja/S2430/initialize?prefCd=18&kikanCd=3180000760&kikanKbn=3", "url2": null, "内容": "なむら歯科医院【3:歯科】福井県福井市下荒井町１－３２" }, "geometry": { "type": "Point", "coordinates": [ 136.208208, 36.025033 ] } },
{ "type": "Feature", "properties": { "ID": 1833180000770, "正式名称": "医療法人　御幸歯科クリニック", "機関区分": 3, "都道府県コード": 18, "市区町村コード": 201, "所在地": "福井県福井市御幸３－１６－３４", "緯度": 36.054506, "経度": 136.236875, "url": "https://www.iryou.teikyouseido.mhlw.go.jp/znk-web/juminkanja/S2430/initialize?prefCd=18&kikanCd=3180000770&kikanKbn=3", "url2": "miyuki-dentaloffice.com", "内容": "医療法人　御幸歯科クリニック【3:歯科】福井県福井市御幸３－１６－３４" }, "geometry": { "type": "Point", "coordinates": [ 136.236875, 36.054506 ] } },
{ "type": "Feature", "properties": { "ID": 1833180000780, "正式名称": "矯正歯科医院みねた", "機関区分": 3, "都道府県コード": 18, "市区町村コード": 201, "所在地": "福井県福井市大手３－１２－２０　冨田第一生命ビル２Ｆ", "緯度": 36.065367, "経度": 136.217903, "url": "https://www.iryou.teikyouseido.mhlw.go.jp/znk-web/juminkanja/S2430/initialize?prefCd=18&kikanCd=3180000780&kikanKbn=3", "url2": "http://www.m-mineta.jp", "内容": "矯正歯科医院みねた【3:歯科】福井県福井市大手３－１２－２０　冨田第一生命ビル２Ｆ" }, "geometry": { "type": "Point", "coordinates": [ 136.217903, 36.065367 ] } },
{ "type": "Feature", "properties": { "ID": 1833180000790, "正式名称": "岩佐歯科医院", "機関区分": 3, "都道府県コード": 18, "市区町村コード": 201, "所在地": "福井県福井市日光２－２６－１", "緯度": 36.071256, "経度": 136.199097, "url": "https://www.iryou.teikyouseido.mhlw.go.jp/znk-web/juminkanja/S2430/initialize?prefCd=18&kikanCd=3180000790&kikanKbn=3", "url2": null, "内容": "岩佐歯科医院【3:歯科】福井県福井市日光２－２６－１" }, "geometry": { "type": "Point", "coordinates": [ 136.199097, 36.071256 ] } },
{ "type": "Feature", "properties": { "ID": 1833180000800, "正式名称": "はやし歯科医院", "機関区分": 3, "都道府県コード": 18, "市区町村コード": 201, "所在地": "福井県福井市花堂南１－１１－３４", "緯度": 36.033311, "経度": 136.213514, "url": "https://www.iryou.teikyouseido.mhlw.go.jp/znk-web/juminkanja/S2430/initialize?prefCd=18&kikanCd=3180000800&kikanKbn=3", "url2": null, "内容": "はやし歯科医院【3:歯科】福井県福井市花堂南１－１１－３４" }, "geometry": { "type": "Point", "coordinates": [ 136.213514, 36.033311 ] } },
{ "type": "Feature", "properties": { "ID": 1833180000810, "正式名称": "伊東歯科", "機関区分": 3, "都道府県コード": 18, "市区町村コード": 201, "所在地": "福井県福井市春山２－１－１", "緯度": 36.067339, "経度": 136.215403, "url": "https://www.iryou.teikyouseido.mhlw.go.jp/znk-web/juminkanja/S2430/initialize?prefCd=18&kikanCd=3180000810&kikanKbn=3", "url2": "http://dental-ito.net", "内容": "伊東歯科【3:歯科】福井県福井市春山２－１－１" }, "geometry": { "type": "Point", "coordinates": [ 136.215403, 36.067339 ] } },
{ "type": "Feature", "properties": { "ID": 1833180000820, "正式名称": "西本歯科医院", "機関区分": 3, "都道府県コード": 18, "市区町村コード": 201, "所在地": "福井県福井市石盛町１０１６", "緯度": 36.116283, "経度": 136.219153, "url": "https://www.iryou.teikyouseido.mhlw.go.jp/znk-web/juminkanja/S2430/initialize?prefCd=18&kikanCd=3180000820&kikanKbn=3", "url2": null, "内容": "西本歯科医院【3:歯科】福井県福井市石盛町１０１６" }, "geometry": { "type": "Point", "coordinates": [ 136.219153, 36.116283 ] } },
{ "type": "Feature", "properties": { "ID": 1833180000840, "正式名称": "ヒガシダ歯科", "機関区分": 3, "都道府県コード": 18, "市区町村コード": 201, "所在地": "福井県福井市八重巻中町２０－７", "緯度": 36.106894, "経度": 136.221931, "url": "https://www.iryou.teikyouseido.mhlw.go.jp/znk-web/juminkanja/S2430/initialize?prefCd=18&kikanCd=3180000840&kikanKbn=3", "url2": null, "内容": "ヒガシダ歯科【3:歯科】福井県福井市八重巻中町２０－７" }, "geometry": { "type": "Point", "coordinates": [ 136.221931, 36.106894 ] } },
{ "type": "Feature", "properties": { "ID": 1833180000850, "正式名称": "竹沢歯科医院", "機関区分": 3, "都道府県コード": 18, "市区町村コード": 201, "所在地": "福井県福井市上中町７－３３", "緯度": 36.085811, "経度": 136.270264, "url": "https://www.iryou.teikyouseido.mhlw.go.jp/znk-web/juminkanja/S2430/initialize?prefCd=18&kikanCd=3180000850&kikanKbn=3", "url2": "http://www.fcda.or.jp/8020/522611/", "内容": "竹沢歯科医院【3:歯科】福井県福井市上中町７－３３" }, "geometry": { "type": "Point", "coordinates": [ 136.270264, 36.085811 ] } },
{ "type": "Feature", "properties": { "ID": 1833180000860, "正式名称": "大橋歯科", "機関区分": 3, "都道府県コード": 18, "市区町村コード": 201, "所在地": "福井県福井市新保２－５０１", "緯度": 36.079117, "経度": 136.249625, "url": "https://www.iryou.teikyouseido.mhlw.go.jp/znk-web/juminkanja/S2430/initialize?prefCd=18&kikanCd=3180000860&kikanKbn=3", "url2": null, "内容": "大橋歯科【3:歯科】福井県福井市新保２－５０１" }, "geometry": { "type": "Point", "coordinates": [ 136.249625, 36.079117 ] } },
{ "type": "Feature", "properties": { "ID": 1833180000870, "正式名称": "医療法人　川栄歯科医院", "機関区分": 3, "都道府県コード": 18, "市区町村コード": 201, "所在地": "福井県福井市円成寺町８－３０", "緯度": 36.019006, "経度": 136.258375, "url": "https://www.iryou.teikyouseido.mhlw.go.jp/znk-web/juminkanja/S2430/initialize?prefCd=18&kikanCd=3180000870&kikanKbn=3", "url2": null, "内容": "医療法人　川栄歯科医院【3:歯科】福井県福井市円成寺町８－３０" }, "geometry": { "type": "Point", "coordinates": [ 136.258375, 36.019006 ] } },
{ "type": "Feature", "properties": { "ID": 1833180000880, "正式名称": "森本歯科医院", "機関区分": 3, "都道府県コード": 18, "市区町村コード": 201, "所在地": "福井県福井市和田２丁目７１０", "緯度": 36.049783, "経度": 136.242569, "url": "https://www.iryou.teikyouseido.mhlw.go.jp/znk-web/juminkanja/S2430/initialize?prefCd=18&kikanCd=3180000880&kikanKbn=3", "url2": "https://www.morimoto-imdental.com/", "内容": "森本歯科医院【3:歯科】福井県福井市和田２丁目７１０" }, "geometry": { "type": "Point", "coordinates": [ 136.242569, 36.049783 ] } },
{ "type": "Feature", "properties": { "ID": 1833180000890, "正式名称": "医療法人　橋本歯科医院", "機関区分": 3, "都道府県コード": 18, "市区町村コード": 201, "所在地": "福井県福井市浅水三ケ町５－２７－２", "緯度": 35.997561, "経度": 136.195486, "url": "https://www.iryou.teikyouseido.mhlw.go.jp/znk-web/juminkanja/S2430/initialize?prefCd=18&kikanCd=3180000890&kikanKbn=3", "url2": null, "内容": "医療法人　橋本歯科医院【3:歯科】福井県福井市浅水三ケ町５－２７－２" }, "geometry": { "type": "Point", "coordinates": [ 136.195486, 35.997561 ] } },
{ "type": "Feature", "properties": { "ID": 1833180000900, "正式名称": "しば歯科医院", "機関区分": 3, "都道府県コード": 18, "市区町村コード": 201, "所在地": "福井県福井市江端町２４－２１－２　竹内ビル１Ｆ", "緯度": 36.029311, "経度": 136.211986, "url": "https://www.iryou.teikyouseido.mhlw.go.jp/znk-web/juminkanja/S2430/initialize?prefCd=18&kikanCd=3180000900&kikanKbn=3", "url2": null, "内容": "しば歯科医院【3:歯科】福井県福井市江端町２４－２１－２　竹内ビル１Ｆ" }, "geometry": { "type": "Point", "coordinates": [ 136.211986, 36.029311 ] } },
{ "type": "Feature", "properties": { "ID": 1833180000910, "正式名称": "さくら歯科医院", "機関区分": 3, "都道府県コード": 18, "市区町村コード": 201, "所在地": "福井県福井市運動公園４－１６２３", "緯度": 36.053144, "経度": 136.178653, "url": "https://www.iryou.teikyouseido.mhlw.go.jp/znk-web/juminkanja/S2430/initialize?prefCd=18&kikanCd=3180000910&kikanKbn=3", "url2": null, "内容": "さくら歯科医院【3:歯科】福井県福井市運動公園４－１６２３" }, "geometry": { "type": "Point", "coordinates": [ 136.178653, 36.053144 ] } },
{ "type": "Feature", "properties": { "ID": 1833180000930, "正式名称": "いくた歯科医院", "機関区分": 3, "都道府県コード": 18, "市区町村コード": 201, "所在地": "福井県福井市木田町２５１０", "緯度": 36.044394, "経度": 136.219875, "url": "https://www.iryou.teikyouseido.mhlw.go.jp/znk-web/juminkanja/S2430/initialize?prefCd=18&kikanCd=3180000930&kikanKbn=3", "url2": null, "内容": "いくた歯科医院【3:歯科】福井県福井市木田町２５１０" }, "geometry": { "type": "Point", "coordinates": [ 136.219875, 36.044394 ] } },
{ "type": "Feature", "properties": { "ID": 1833180000940, "正式名称": "医療法人　田中歯科クリニック", "機関区分": 3, "都道府県コード": 18, "市区町村コード": 201, "所在地": "福井県福井市経田２－４０７", "緯度": 36.088256, "経度": 136.215653, "url": "https://www.iryou.teikyouseido.mhlw.go.jp/znk-web/juminkanja/S2430/initialize?prefCd=18&kikanCd=3180000940&kikanKbn=3", "url2": "http://www.e-tanaka-dent.com", "内容": "医療法人　田中歯科クリニック【3:歯科】福井県福井市経田２－４０７" }, "geometry": { "type": "Point", "coordinates": [ 136.215653, 36.088256 ] } },
{ "type": "Feature", "properties": { "ID": 1833180000950, "正式名称": "医療法人　梅田歯科医院", "機関区分": 3, "都道府県コード": 18, "市区町村コード": 201, "所在地": "福井県福井市渕３丁目１０１７", "緯度": 36.040089, "経度": 136.187875, "url": "https://www.iryou.teikyouseido.mhlw.go.jp/znk-web/juminkanja/S2430/initialize?prefCd=18&kikanCd=3180000950&kikanKbn=3", "url2": null, "内容": "医療法人　梅田歯科医院【3:歯科】福井県福井市渕３丁目１０１７" }, "geometry": { "type": "Point", "coordinates": [ 136.187875, 36.040089 ] } },
{ "type": "Feature", "properties": { "ID": 1833180000960, "正式名称": "岩井歯科医院", "機関区分": 3, "都道府県コード": 18, "市区町村コード": 201, "所在地": "福井県福井市日之出２－１５－１６", "緯度": 36.064006, "経度": 136.228681, "url": "https://www.iryou.teikyouseido.mhlw.go.jp/znk-web/juminkanja/S2430/initialize?prefCd=18&kikanCd=3180000960&kikanKbn=3", "url2": "http://www16.plala.or.jp/iwaisika/", "内容": "岩井歯科医院【3:歯科】福井県福井市日之出２－１５－１６" }, "geometry": { "type": "Point", "coordinates": [ 136.228681, 36.064006 ] } },
{ "type": "Feature", "properties": { "ID": 1833180000970, "正式名称": "医療法人わかすぎ歯科クリニック", "機関区分": 3, "都道府県コード": 18, "市区町村コード": 201, "所在地": "福井県福井市若杉４－８１３", "緯度": 36.056707, "経度": 136.185728, "url": "https://www.iryou.teikyouseido.mhlw.go.jp/znk-web/juminkanja/S2430/initialize?prefCd=18&kikanCd=3180000970&kikanKbn=3", "url2": "http://www.wakasugi-shika.or.jp", "内容": "医療法人わかすぎ歯科クリニック【3:歯科】福井県福井市若杉４－８１３" }, "geometry": { "type": "Point", "coordinates": [ 136.185728, 36.056707 ] } },
{ "type": "Feature", "properties": { "ID": 1833180000980, "正式名称": "福井市休日急患歯科診療所", "機関区分": 3, "都道府県コード": 18, "市区町村コード": 201, "所在地": "福井県福井市大願寺３－４－１", "緯度": 36.081803, "経度": 136.227727, "url": "https://www.iryou.teikyouseido.mhlw.go.jp/znk-web/juminkanja/S2430/initialize?prefCd=18&kikanCd=3180000980&kikanKbn=3", "url2": "https://www.fcda.or.jp/kyuukan/", "内容": "福井市休日急患歯科診療所【3:歯科】福井県福井市大願寺３－４－１" }, "geometry": { "type": "Point", "coordinates": [ 136.227727, 36.081803 ] } },
{ "type": "Feature", "properties": { "ID": 1833180000990, "正式名称": "加藤歯科医院", "機関区分": 3, "都道府県コード": 18, "市区町村コード": 201, "所在地": "福井県福井市中央２丁目３番１号", "緯度": 36.059589, "経度": 136.220208, "url": "https://www.iryou.teikyouseido.mhlw.go.jp/znk-web/juminkanja/S2430/initialize?prefCd=18&kikanCd=3180000990&kikanKbn=3", "url2": null, "内容": "加藤歯科医院【3:歯科】福井県福井市中央２丁目３番１号" }, "geometry": { "type": "Point", "coordinates": [ 136.220208, 36.059589 ] } },
{ "type": "Feature", "properties": { "ID": 1833180001000, "正式名称": "医療法人　カトウ矯正歯科", "機関区分": 3, "都道府県コード": 18, "市区町村コード": 201, "所在地": "福井県福井市大手２丁目１８－１２", "緯度": 36.06645, "経度": 136.222792, "url": "https://www.iryou.teikyouseido.mhlw.go.jp/znk-web/juminkanja/S2430/initialize?prefCd=18&kikanCd=3180001000&kikanKbn=3", "url2": "http://www.kato-ortho.jp", "内容": "医療法人　カトウ矯正歯科【3:歯科】福井県福井市大手２丁目１８－１２" }, "geometry": { "type": "Point", "coordinates": [ 136.222792, 36.06645 ] } },
{ "type": "Feature", "properties": { "ID": 1833180001040, "正式名称": "鈴木歯科クリニック", "機関区分": 3, "都道府県コード": 18, "市区町村コード": 201, "所在地": "福井県福井市二の宮３－１０－３", "緯度": 36.083978, "経度": 136.218236, "url": "https://www.iryou.teikyouseido.mhlw.go.jp/znk-web/juminkanja/S2430/initialize?prefCd=18&kikanCd=3180001040&kikanKbn=3", "url2": null, "内容": "鈴木歯科クリニック【3:歯科】福井県福井市二の宮３－１０－３" }, "geometry": { "type": "Point", "coordinates": [ 136.218236, 36.083978 ] } },
{ "type": "Feature", "properties": { "ID": 1833180001050, "正式名称": "やしろ歯科クリニック", "機関区分": 3, "都道府県コード": 18, "市区町村コード": 201, "所在地": "福井県福井市渕４－１１１３", "緯度": 36.046283, "経度": 136.184319, "url": "https://www.iryou.teikyouseido.mhlw.go.jp/znk-web/juminkanja/S2430/initialize?prefCd=18&kikanCd=3180001050&kikanKbn=3", "url2": null, "内容": "やしろ歯科クリニック【3:歯科】福井県福井市渕４－１１１３" }, "geometry": { "type": "Point", "coordinates": [ 136.184319, 36.046283 ] } },
{ "type": "Feature", "properties": { "ID": 1833180001060, "正式名称": "淺井歯科医院", "機関区分": 3, "都道府県コード": 18, "市区町村コード": 201, "所在地": "福井県福井市大宮２－２５－２９　クリエイションハウス１ＦＣ号", "緯度": 36.083422, "経度": 136.221042, "url": "https://www.iryou.teikyouseido.mhlw.go.jp/znk-web/juminkanja/S2430/initialize?prefCd=18&kikanCd=3180001060&kikanKbn=3", "url2": "http://asaishika.her.jp", "内容": "淺井歯科医院【3:歯科】福井県福井市大宮２－２５－２９　クリエイションハウス１ＦＣ号" }, "geometry": { "type": "Point", "coordinates": [ 136.221042, 36.083422 ] } },
{ "type": "Feature", "properties": { "ID": 1833180001080, "正式名称": "おおわだ歯科", "機関区分": 3, "都道府県コード": 18, "市区町村コード": 201, "所在地": "福井県福井市大和田２丁目１２１２　エルパ２Ｆ", "緯度": 36.096117, "経度": 136.250347, "url": "https://www.iryou.teikyouseido.mhlw.go.jp/znk-web/juminkanja/S2430/initialize?prefCd=18&kikanCd=3180001080&kikanKbn=3", "url2": null, "内容": "おおわだ歯科【3:歯科】福井県福井市大和田２丁目１２１２　エルパ２Ｆ" }, "geometry": { "type": "Point", "coordinates": [ 136.250347, 36.096117 ] } },
{ "type": "Feature", "properties": { "ID": 1833180001090, "正式名称": "三井歯科医院", "機関区分": 3, "都道府県コード": 18, "市区町村コード": 201, "所在地": "福井県福井市河増町１０－１４－６", "緯度": 36.063089, "経度": 136.254681, "url": "https://www.iryou.teikyouseido.mhlw.go.jp/znk-web/juminkanja/S2430/initialize?prefCd=18&kikanCd=3180001090&kikanKbn=3", "url2": "https://www.mitsui-d.info", "内容": "三井歯科医院【3:歯科】福井県福井市河増町１０－１４－６" }, "geometry": { "type": "Point", "coordinates": [ 136.254681, 36.063089 ] } },
{ "type": "Feature", "properties": { "ID": 1833180001110, "正式名称": "伊藤歯科クリニック", "機関区分": 3, "都道府県コード": 18, "市区町村コード": 201, "所在地": "福井県福井市板垣３－６０１　ＩＴＯビル２Ｆ", "緯度": 36.04745, "経度": 136.231986, "url": "https://www.iryou.teikyouseido.mhlw.go.jp/znk-web/juminkanja/S2430/initialize?prefCd=18&kikanCd=3180001110&kikanKbn=3", "url2": null, "内容": "伊藤歯科クリニック【3:歯科】福井県福井市板垣３－６０１　ＩＴＯビル２Ｆ" }, "geometry": { "type": "Point", "coordinates": [ 136.231986, 36.04745 ] } },
{ "type": "Feature", "properties": { "ID": 1833180001120, "正式名称": "福井歯科医院", "機関区分": 3, "都道府県コード": 18, "市区町村コード": 201, "所在地": "福井県福井市大願寺３－９－１５", "緯度": 36.084478, "経度": 136.227625, "url": "https://www.iryou.teikyouseido.mhlw.go.jp/znk-web/juminkanja/S2430/initialize?prefCd=18&kikanCd=3180001120&kikanKbn=3", "url2": null, "内容": "福井歯科医院【3:歯科】福井県福井市大願寺３－９－１５" }, "geometry": { "type": "Point", "coordinates": [ 136.227625, 36.084478 ] } },
{ "type": "Feature", "properties": { "ID": 1833180001140, "正式名称": "英歯科", "機関区分": 3, "都道府県コード": 18, "市区町村コード": 322, "所在地": "福井県吉田郡永平寺町牧福島１７－１１－１", "緯度": 36.08129, "経度": 136.387495, "url": "https://www.iryou.teikyouseido.mhlw.go.jp/znk-web/juminkanja/S2430/initialize?prefCd=18&kikanCd=3180001140&kikanKbn=3", "url2": null, "内容": "英歯科【3:歯科】福井県吉田郡永平寺町牧福島１７－１１－１" }, "geometry": { "type": "Point", "coordinates": [ 136.387495, 36.08129 ] } },
{ "type": "Feature", "properties": { "ID": 1833180001150, "正式名称": "玉井デンタルクリニック", "機関区分": 3, "都道府県コード": 18, "市区町村コード": 201, "所在地": "福井県福井市乾徳４－４－７仁愛ビル３Ｆ", "緯度": 36.071144, "経度": 136.210069, "url": "https://www.iryou.teikyouseido.mhlw.go.jp/znk-web/juminkanja/S2430/initialize?prefCd=18&kikanCd=3180001150&kikanKbn=3", "url2": "http:/www.t-d-c.info", "内容": "玉井デンタルクリニック【3:歯科】福井県福井市乾徳４－４－７仁愛ビル３Ｆ" }, "geometry": { "type": "Point", "coordinates": [ 136.210069, 36.071144 ] } },
{ "type": "Feature", "properties": { "ID": 1833180001160, "正式名称": "医療法人鍔歯会", "機関区分": 3, "都道府県コード": 18, "市区町村コード": 322, "所在地": "福井県吉田郡永平寺町松岡芝原１－７１", "緯度": 36.090978, "経度": 136.293597, "url": "https://www.iryou.teikyouseido.mhlw.go.jp/znk-web/juminkanja/S2430/initialize?prefCd=18&kikanCd=3180001160&kikanKbn=3", "url2": "https://dcnakamura.com/clinic/", "内容": "医療法人鍔歯会【3:歯科】福井県吉田郡永平寺町松岡芝原１－７１" }, "geometry": { "type": "Point", "coordinates": [ 136.293597, 36.090978 ] } },
{ "type": "Feature", "properties": { "ID": 1833180001170, "正式名称": "医療法人　矯正歯科誠クリニック", "機関区分": 3, "都道府県コード": 18, "市区町村コード": 201, "所在地": "福井県福井市松本４丁目１１の１", "緯度": 36.073006, "経度": 136.218903, "url": "https://www.iryou.teikyouseido.mhlw.go.jp/znk-web/juminkanja/S2430/initialize?prefCd=18&kikanCd=3180001170&kikanKbn=3", "url2": "http://www.makoto-ortho.com/", "内容": "医療法人　矯正歯科誠クリニック【3:歯科】福井県福井市松本４丁目１１の１" }, "geometry": { "type": "Point", "coordinates": [ 136.218903, 36.073006 ] } },
{ "type": "Feature", "properties": { "ID": 1833180001190, "正式名称": "エルム歯科室", "機関区分": 3, "都道府県コード": 18, "市区町村コード": 201, "所在地": "福井県福井市新田塚２－３２－１８", "緯度": 36.089144, "経度": 136.203597, "url": "https://www.iryou.teikyouseido.mhlw.go.jp/znk-web/juminkanja/S2430/initialize?prefCd=18&kikanCd=3180001190&kikanKbn=3", "url2": null, "内容": "エルム歯科室【3:歯科】福井県福井市新田塚２－３２－１８" }, "geometry": { "type": "Point", "coordinates": [ 136.203597, 36.089144 ] } },
{ "type": "Feature", "properties": { "ID": 1833180001210, "正式名称": "医療法人　田中歯科医院", "機関区分": 3, "都道府県コード": 18, "市区町村コード": 210, "所在地": "福井県坂井市三国町錦３丁目３－１６", "緯度": 36.216672, "経度": 136.151014, "url": "https://www.iryou.teikyouseido.mhlw.go.jp/znk-web/juminkanja/S2430/initialize?prefCd=18&kikanCd=3180001210&kikanKbn=3", "url2": "http://www.tanaka-do.jp", "内容": "医療法人　田中歯科医院【3:歯科】福井県坂井市三国町錦３丁目３－１６" }, "geometry": { "type": "Point", "coordinates": [ 136.151014, 36.216672 ] } },
{ "type": "Feature", "properties": { "ID": 1833180001260, "正式名称": "梶川歯科医院", "機関区分": 3, "都道府県コード": 18, "市区町村コード": 210, "所在地": "福井県坂井市丸岡町本町２丁目３８番地", "緯度": 36.153839, "経度": 136.269431, "url": "https://www.iryou.teikyouseido.mhlw.go.jp/znk-web/juminkanja/S2430/initialize?prefCd=18&kikanCd=3180001260&kikanKbn=3", "url2": null, "内容": "梶川歯科医院【3:歯科】福井県坂井市丸岡町本町２丁目３８番地" }, "geometry": { "type": "Point", "coordinates": [ 136.269431, 36.153839 ] } },
{ "type": "Feature", "properties": { "ID": 1833180001310, "正式名称": "清水歯科医院", "機関区分": 3, "都道府県コード": 18, "市区町村コード": 210, "所在地": "福井県坂井市丸岡町西里丸岡２－３９", "緯度": 36.153311, "経度": 136.267042, "url": "https://www.iryou.teikyouseido.mhlw.go.jp/znk-web/juminkanja/S2430/initialize?prefCd=18&kikanCd=3180001310&kikanKbn=3", "url2": null, "内容": "清水歯科医院【3:歯科】福井県坂井市丸岡町西里丸岡２－３９" }, "geometry": { "type": "Point", "coordinates": [ 136.267042, 36.153311 ] } },
{ "type": "Feature", "properties": { "ID": 1833180001320, "正式名称": "フルハシ歯科", "機関区分": 3, "都道府県コード": 18, "市区町村コード": 210, "所在地": "福井県坂井市春江町江留上新町３６－１", "緯度": 36.124978, "経度": 136.219097, "url": "https://www.iryou.teikyouseido.mhlw.go.jp/znk-web/juminkanja/S2430/initialize?prefCd=18&kikanCd=3180001320&kikanKbn=3", "url2": null, "内容": "フルハシ歯科【3:歯科】福井県坂井市春江町江留上新町３６－１" }, "geometry": { "type": "Point", "coordinates": [ 136.219097, 36.124978 ] } },
{ "type": "Feature", "properties": { "ID": 1833180001330, "正式名称": "徳増歯科医院", "機関区分": 3, "都道府県コード": 18, "市区町村コード": 210, "所在地": "福井県坂井市丸岡町西瓜屋２－１２－１", "緯度": 36.148894, "経度": 136.268875, "url": "https://www.iryou.teikyouseido.mhlw.go.jp/znk-web/juminkanja/S2430/initialize?prefCd=18&kikanCd=3180001330&kikanKbn=3", "url2": null, "内容": "徳増歯科医院【3:歯科】福井県坂井市丸岡町西瓜屋２－１２－１" }, "geometry": { "type": "Point", "coordinates": [ 136.268875, 36.148894 ] } },
{ "type": "Feature", "properties": { "ID": 1833180001350, "正式名称": "新家歯科医院", "機関区分": 3, "都道府県コード": 18, "市区町村コード": 208, "所在地": "福井県あわら市二面１－１００８", "緯度": 36.225922, "経度": 136.198736, "url": "https://www.iryou.teikyouseido.mhlw.go.jp/znk-web/juminkanja/S2430/initialize?prefCd=18&kikanCd=3180001350&kikanKbn=3", "url2": "https://araiesika.com/", "内容": "新家歯科医院【3:歯科】福井県あわら市二面１－１００８" }, "geometry": { "type": "Point", "coordinates": [ 136.198736, 36.225922 ] } },
{ "type": "Feature", "properties": { "ID": 1833180001370, "正式名称": "南後歯科医院", "機関区分": 3, "都道府県コード": 18, "市区町村コード": 210, "所在地": "福井県坂井市坂井町下新庄１８－５－１", "緯度": 36.166644, "経度": 136.224153, "url": "https://www.iryou.teikyouseido.mhlw.go.jp/znk-web/juminkanja/S2430/initialize?prefCd=18&kikanCd=3180001370&kikanKbn=3", "url2": null, "内容": "南後歯科医院【3:歯科】福井県坂井市坂井町下新庄１８－５－１" }, "geometry": { "type": "Point", "coordinates": [ 136.224153, 36.166644 ] } },
{ "type": "Feature", "properties": { "ID": 1833180001380, "正式名称": "医療法人　城戸歯科医院", "機関区分": 3, "都道府県コード": 18, "市区町村コード": 210, "所在地": "福井県坂井市春江町随応寺２１", "緯度": 36.13295, "経度": 136.219903, "url": "https://www.iryou.teikyouseido.mhlw.go.jp/znk-web/juminkanja/S2430/initialize?prefCd=18&kikanCd=3180001380&kikanKbn=3", "url2": "http://www.kido-dc.com", "内容": "医療法人　城戸歯科医院【3:歯科】福井県坂井市春江町随応寺２１" }, "geometry": { "type": "Point", "coordinates": [ 136.219903, 36.13295 ] } },
{ "type": "Feature", "properties": { "ID": 1833180001400, "正式名称": "小原歯科医院", "機関区分": 3, "都道府県コード": 18, "市区町村コード": 210, "所在地": "福井県坂井市丸岡町石城戸町２－９", "緯度": 36.148978, "経度": 136.271653, "url": "https://www.iryou.teikyouseido.mhlw.go.jp/znk-web/juminkanja/S2430/initialize?prefCd=18&kikanCd=3180001400&kikanKbn=3", "url2": null, "内容": "小原歯科医院【3:歯科】福井県坂井市丸岡町石城戸町２－９" }, "geometry": { "type": "Point", "coordinates": [ 136.271653, 36.148978 ] } },
{ "type": "Feature", "properties": { "ID": 1833180001410, "正式名称": "西田歯科医院", "機関区分": 3, "都道府県コード": 18, "市区町村コード": 210, "所在地": "福井県坂井市丸岡町羽崎１２－１４－１０", "緯度": 36.117033, "経度": 136.260625, "url": "https://www.iryou.teikyouseido.mhlw.go.jp/znk-web/juminkanja/S2430/initialize?prefCd=18&kikanCd=3180001410&kikanKbn=3", "url2": null, "内容": "西田歯科医院【3:歯科】福井県坂井市丸岡町羽崎１２－１４－１０" }, "geometry": { "type": "Point", "coordinates": [ 136.260625, 36.117033 ] } },
{ "type": "Feature", "properties": { "ID": 1833180001420, "正式名称": "阿部歯科医院", "機関区分": 3, "都道府県コード": 18, "市区町村コード": 210, "所在地": "福井県坂井市三国町緑ケ丘４－２０－２１", "緯度": 36.22345, "経度": 136.155986, "url": "https://www.iryou.teikyouseido.mhlw.go.jp/znk-web/juminkanja/S2430/initialize?prefCd=18&kikanCd=3180001420&kikanKbn=3", "url2": null, "内容": "阿部歯科医院【3:歯科】福井県坂井市三国町緑ケ丘４－２０－２１" }, "geometry": { "type": "Point", "coordinates": [ 136.155986, 36.22345 ] } },
{ "type": "Feature", "properties": { "ID": 1833180001450, "正式名称": "山本歯科医院", "機関区分": 3, "都道府県コード": 18, "市区町村コード": 208, "所在地": "福井県あわら市吉崎１－１０９", "緯度": 36.288006, "経度": 136.249764, "url": "https://www.iryou.teikyouseido.mhlw.go.jp/znk-web/juminkanja/S2430/initialize?prefCd=18&kikanCd=3180001450&kikanKbn=3", "url2": null, "内容": "山本歯科医院【3:歯科】福井県あわら市吉崎１－１０９" }, "geometry": { "type": "Point", "coordinates": [ 136.249764, 36.288006 ] } },
{ "type": "Feature", "properties": { "ID": 1833180001460, "正式名称": "医療法人　福成会　霞歯科クリニック", "機関区分": 3, "都道府県コード": 18, "市区町村コード": 210, "所在地": "福井県坂井市丸岡町御幸１－３４", "緯度": 36.159506, "経度": 136.266986, "url": "https://www.iryou.teikyouseido.mhlw.go.jp/znk-web/juminkanja/S2430/initialize?prefCd=18&kikanCd=3180001460&kikanKbn=3", "url2": "http://www.kasumic.jp", "内容": "医療法人　福成会　霞歯科クリニック【3:歯科】福井県坂井市丸岡町御幸１－３４" }, "geometry": { "type": "Point", "coordinates": [ 136.266986, 36.159506 ] } },
{ "type": "Feature", "properties": { "ID": 1833180001480, "正式名称": "松田歯科医院", "機関区分": 3, "都道府県コード": 18, "市区町村コード": 205, "所在地": "福井県大野市大和町６－２", "緯度": 35.985506, "経度": 136.495375, "url": "https://www.iryou.teikyouseido.mhlw.go.jp/znk-web/juminkanja/S2430/initialize?prefCd=18&kikanCd=3180001480&kikanKbn=3", "url2": null, "内容": "松田歯科医院【3:歯科】福井県大野市大和町６－２" }, "geometry": { "type": "Point", "coordinates": [ 136.495375, 35.985506 ] } },
{ "type": "Feature", "properties": { "ID": 1833180001490, "正式名称": "医療法人長谷川歯科医院", "機関区分": 3, "都道府県コード": 18, "市区町村コード": 205, "所在地": "福井県大野市元町７－２１", "緯度": 35.985367, "経度": 136.489764, "url": "https://www.iryou.teikyouseido.mhlw.go.jp/znk-web/juminkanja/S2430/initialize?prefCd=18&kikanCd=3180001490&kikanKbn=3", "url2": "http://www.hasegawa-dc.jp/", "内容": "医療法人長谷川歯科医院【3:歯科】福井県大野市元町７－２１" }, "geometry": { "type": "Point", "coordinates": [ 136.489764, 35.985367 ] } },
{ "type": "Feature", "properties": { "ID": 1833180001500, "正式名称": "広瀬歯科医院", "機関区分": 3, "都道府県コード": 18, "市区町村コード": 205, "所在地": "福井県大野市元町６―２", "緯度": 35.984561, "経度": 136.489208, "url": "https://www.iryou.teikyouseido.mhlw.go.jp/znk-web/juminkanja/S2430/initialize?prefCd=18&kikanCd=3180001500&kikanKbn=3", "url2": null, "内容": "広瀬歯科医院【3:歯科】福井県大野市元町６―２" }, "geometry": { "type": "Point", "coordinates": [ 136.489208, 35.984561 ] } },
{ "type": "Feature", "properties": { "ID": 1833180001510, "正式名称": "ア歯科　砂田診療所", "機関区分": 3, "都道府県コード": 18, "市区町村コード": 205, "所在地": "福井県大野市有明町１３－７", "緯度": 35.9827, "経度": 136.501014, "url": "https://www.iryou.teikyouseido.mhlw.go.jp/znk-web/juminkanja/S2430/initialize?prefCd=18&kikanCd=3180001510&kikanKbn=3", "url2": null, "内容": "ア歯科　砂田診療所【3:歯科】福井県大野市有明町１３－７" }, "geometry": { "type": "Point", "coordinates": [ 136.501014, 35.9827 ] } },
{ "type": "Feature", "properties": { "ID": 1833180001530, "正式名称": "篠島歯科医院", "機関区分": 3, "都道府県コード": 18, "市区町村コード": 205, "所在地": "福井県大野市春日１丁目３－１３", "緯度": 35.978867, "経度": 136.492792, "url": "https://www.iryou.teikyouseido.mhlw.go.jp/znk-web/juminkanja/S2430/initialize?prefCd=18&kikanCd=3180001530&kikanKbn=3", "url2": null, "内容": "篠島歯科医院【3:歯科】福井県大野市春日１丁目３－１３" }, "geometry": { "type": "Point", "coordinates": [ 136.492792, 35.978867 ] } },
{ "type": "Feature", "properties": { "ID": 1833180001540, "正式名称": "九岡歯科医院", "機関区分": 3, "都道府県コード": 18, "市区町村コード": 205, "所在地": "福井県大野市春日１－８－７", "緯度": 35.977394, "経度": 136.493819, "url": "https://www.iryou.teikyouseido.mhlw.go.jp/znk-web/juminkanja/S2430/initialize?prefCd=18&kikanCd=3180001540&kikanKbn=3", "url2": null, "内容": "九岡歯科医院【3:歯科】福井県大野市春日１－８－７" }, "geometry": { "type": "Point", "coordinates": [ 136.493819, 35.977394 ] } },
{ "type": "Feature", "properties": { "ID": 1833180001550, "正式名称": "印牧歯科医院", "機関区分": 3, "都道府県コード": 18, "市区町村コード": 205, "所在地": "福井県大野市美川町５－９", "緯度": 35.987367, "経度": 136.496736, "url": "https://www.iryou.teikyouseido.mhlw.go.jp/znk-web/juminkanja/S2430/initialize?prefCd=18&kikanCd=3180001550&kikanKbn=3", "url2": null, "内容": "印牧歯科医院【3:歯科】福井県大野市美川町５－９" }, "geometry": { "type": "Point", "coordinates": [ 136.496736, 35.987367 ] } },
{ "type": "Feature", "properties": { "ID": 1833180001560, "正式名称": "ハロー歯科医院", "機関区分": 3, "都道府県コード": 18, "市区町村コード": 205, "所在地": "福井県大野市本町８－１７", "緯度": 35.988394, "経度": 136.490319, "url": "https://www.iryou.teikyouseido.mhlw.go.jp/znk-web/juminkanja/S2430/initialize?prefCd=18&kikanCd=3180001560&kikanKbn=3", "url2": null, "内容": "ハロー歯科医院【3:歯科】福井県大野市本町８－１７" }, "geometry": { "type": "Point", "coordinates": [ 136.490319, 35.988394 ] } },
{ "type": "Feature", "properties": { "ID": 1833180001580, "正式名称": "池田歯科医院", "機関区分": 3, "都道府県コード": 18, "市区町村コード": 206, "所在地": "福井県勝山市元町１－１２－３３", "緯度": 36.058922, "経度": 136.503542, "url": "https://www.iryou.teikyouseido.mhlw.go.jp/znk-web/juminkanja/S2430/initialize?prefCd=18&kikanCd=3180001580&kikanKbn=3", "url2": null, "内容": "池田歯科医院【3:歯科】福井県勝山市元町１－１２－３３" }, "geometry": { "type": "Point", "coordinates": [ 136.503542, 36.058922 ] } },
{ "type": "Feature", "properties": { "ID": 1833180001590, "正式名称": "松村歯科", "機関区分": 3, "都道府県コード": 18, "市区町村コード": 206, "所在地": "福井県勝山市昭和町１－６－１", "緯度": 36.062589, "経度": 136.503986, "url": "https://www.iryou.teikyouseido.mhlw.go.jp/znk-web/juminkanja/S2430/initialize?prefCd=18&kikanCd=3180001590&kikanKbn=3", "url2": "matsumurasika-katsuyama.com", "内容": "松村歯科【3:歯科】福井県勝山市昭和町１－６－１" }, "geometry": { "type": "Point", "coordinates": [ 136.503986, 36.062589 ] } },
{ "type": "Feature", "properties": { "ID": 1833180001600, "正式名称": "伊藤歯科医院", "機関区分": 3, "都道府県コード": 18, "市区町村コード": 206, "所在地": "福井県勝山市本町２－１２－３４", "緯度": 36.060394, "経度": 136.496486, "url": "https://www.iryou.teikyouseido.mhlw.go.jp/znk-web/juminkanja/S2430/initialize?prefCd=18&kikanCd=3180001600&kikanKbn=3", "url2": null, "内容": "伊藤歯科医院【3:歯科】福井県勝山市本町２－１２－３４" }, "geometry": { "type": "Point", "coordinates": [ 136.496486, 36.060394 ] } },
{ "type": "Feature", "properties": { "ID": 1833180001620, "正式名称": "ＮＡＫＡＭｉＣＨｉ　ＤＥＮＴＡＬ　ＣＬＩＮＩＣ", "機関区分": 3, "都道府県コード": 18, "市区町村コード": 206, "所在地": "福井県勝山市郡町１－１－１８", "緯度": 36.069228, "経度": 136.495292, "url": "https://www.iryou.teikyouseido.mhlw.go.jp/znk-web/juminkanja/S2430/initialize?prefCd=18&kikanCd=3180001620&kikanKbn=3", "url2": null, "内容": "ＮＡＫＡＭｉＣＨｉ　ＤＥＮＴＡＬ　ＣＬＩＮＩＣ【3:歯科】福井県勝山市郡町１－１－１８" }, "geometry": { "type": "Point", "coordinates": [ 136.495292, 36.069228 ] } },
{ "type": "Feature", "properties": { "ID": 1833180001640, "正式名称": "こばやし歯科医院", "機関区分": 3, "都道府県コード": 18, "市区町村コード": 206, "所在地": "福井県勝山市沢町２－９－２", "緯度": 36.064228, "経度": 136.502347, "url": "https://www.iryou.teikyouseido.mhlw.go.jp/znk-web/juminkanja/S2430/initialize?prefCd=18&kikanCd=3180001640&kikanKbn=3", "url2": null, "内容": "こばやし歯科医院【3:歯科】福井県勝山市沢町２－９－２" }, "geometry": { "type": "Point", "coordinates": [ 136.502347, 36.064228 ] } },
{ "type": "Feature", "properties": { "ID": 1833180001650, "正式名称": "医療法人　ア歯科　峯田診療所", "機関区分": 3, "都道府県コード": 18, "市区町村コード": 207, "所在地": "福井県鯖江市神明町５丁目５２０の２０", "緯度": 35.982006, "経度": 136.184875, "url": "https://www.iryou.teikyouseido.mhlw.go.jp/znk-web/juminkanja/S2430/initialize?prefCd=18&kikanCd=3180001650&kikanKbn=3", "url2": null, "内容": "医療法人　ア歯科　峯田診療所【3:歯科】福井県鯖江市神明町５丁目５２０の２０" }, "geometry": { "type": "Point", "coordinates": [ 136.184875, 35.982006 ] } },
{ "type": "Feature", "properties": { "ID": 1833180001710, "正式名称": "梅田歯科医院", "機関区分": 3, "都道府県コード": 18, "市区町村コード": 207, "所在地": "福井県鯖江市日の出町２－１－２１５", "緯度": 35.943172, "経度": 136.187819, "url": "https://www.iryou.teikyouseido.mhlw.go.jp/znk-web/juminkanja/S2430/initialize?prefCd=18&kikanCd=3180001710&kikanKbn=3", "url2": null, "内容": "梅田歯科医院【3:歯科】福井県鯖江市日の出町２－１－２１５" }, "geometry": { "type": "Point", "coordinates": [ 136.187819, 35.943172 ] } },
{ "type": "Feature", "properties": { "ID": 1833180001720, "正式名称": "柳町竹内歯科", "機関区分": 3, "都道府県コード": 18, "市区町村コード": 207, "所在地": "福井県鯖江市柳町４－８－２４", "緯度": 35.948894, "経度": 136.191014, "url": "https://www.iryou.teikyouseido.mhlw.go.jp/znk-web/juminkanja/S2430/initialize?prefCd=18&kikanCd=3180001720&kikanKbn=3", "url2": null, "内容": "柳町竹内歯科【3:歯科】福井県鯖江市柳町４－８－２４" }, "geometry": { "type": "Point", "coordinates": [ 136.191014, 35.948894 ] } },
{ "type": "Feature", "properties": { "ID": 1833180001730, "正式名称": "川畑歯科医院", "機関区分": 3, "都道府県コード": 18, "市区町村コード": 207, "所在地": "福井県鯖江市本町１丁目１－１２", "緯度": 35.944617, "経度": 136.185403, "url": "https://www.iryou.teikyouseido.mhlw.go.jp/znk-web/juminkanja/S2430/initialize?prefCd=18&kikanCd=3180001730&kikanKbn=3", "url2": "http://nttbj.itp.ne.jp/0778510418/index.html", "内容": "川畑歯科医院【3:歯科】福井県鯖江市本町１丁目１－１２" }, "geometry": { "type": "Point", "coordinates": [ 136.185403, 35.944617 ] } },
{ "type": "Feature", "properties": { "ID": 1833180001750, "正式名称": "山田歯科医院", "機関区分": 3, "都道府県コード": 18, "市区町村コード": 209, "所在地": "福井県越前市栗田部町３３－６－７", "緯度": 35.917533, "経度": 136.243153, "url": "https://www.iryou.teikyouseido.mhlw.go.jp/znk-web/juminkanja/S2430/initialize?prefCd=18&kikanCd=3180001750&kikanKbn=3", "url2": null, "内容": "山田歯科医院【3:歯科】福井県越前市栗田部町３３－６－７" }, "geometry": { "type": "Point", "coordinates": [ 136.243153, 35.917533 ] } },
{ "type": "Feature", "properties": { "ID": 1833180001760, "正式名称": "はせがわ歯科", "機関区分": 3, "都道府県コード": 18, "市区町村コード": 209, "所在地": "福井県越前市野岡町２０－１０－１", "緯度": 35.924716, "経度": 136.248048, "url": "https://www.iryou.teikyouseido.mhlw.go.jp/znk-web/juminkanja/S2430/initialize?prefCd=18&kikanCd=3180001760&kikanKbn=3", "url2": null, "内容": "はせがわ歯科【3:歯科】福井県越前市野岡町２０－１０－１" }, "geometry": { "type": "Point", "coordinates": [ 136.248048, 35.924716 ] } },
{ "type": "Feature", "properties": { "ID": 1833180001770, "正式名称": "丹原歯科医院", "機関区分": 3, "都道府県コード": 18, "市区町村コード": 423, "所在地": "福井県丹生郡越前町織田４２－７５", "緯度": 35.9592, "経度": 136.058736, "url": "https://www.iryou.teikyouseido.mhlw.go.jp/znk-web/juminkanja/S2430/initialize?prefCd=18&kikanCd=3180001770&kikanKbn=3", "url2": null, "内容": "丹原歯科医院【3:歯科】福井県丹生郡越前町織田４２－７５" }, "geometry": { "type": "Point", "coordinates": [ 136.058736, 35.9592 ] } },
{ "type": "Feature", "properties": { "ID": 1833180001780, "正式名称": "医療法人　ポプラ歯科医院", "機関区分": 3, "都道府県コード": 18, "市区町村コード": 207, "所在地": "福井県鯖江市柳町１丁目１０－１０", "緯度": 35.943256, "経度": 136.190653, "url": "https://www.iryou.teikyouseido.mhlw.go.jp/znk-web/juminkanja/S2430/initialize?prefCd=18&kikanCd=3180001780&kikanKbn=3", "url2": "http://www.sabaepoplardc.com/", "内容": "医療法人　ポプラ歯科医院【3:歯科】福井県鯖江市柳町１丁目１０－１０" }, "geometry": { "type": "Point", "coordinates": [ 136.190653, 35.943256 ] } },
{ "type": "Feature", "properties": { "ID": 1833180001790, "正式名称": "いなみ歯科医院", "機関区分": 3, "都道府県コード": 18, "市区町村コード": 207, "所在地": "福井県鯖江市幸町２丁目５－４", "緯度": 35.977644, "経度": 136.181236, "url": "https://www.iryou.teikyouseido.mhlw.go.jp/znk-web/juminkanja/S2430/initialize?prefCd=18&kikanCd=3180001790&kikanKbn=3", "url2": null, "内容": "いなみ歯科医院【3:歯科】福井県鯖江市幸町２丁目５－４" }, "geometry": { "type": "Point", "coordinates": [ 136.181236, 35.977644 ] } },
{ "type": "Feature", "properties": { "ID": 1833180001820, "正式名称": "いけだ歯科", "機関区分": 3, "都道府県コード": 18, "市区町村コード": 209, "所在地": "福井県越前市粟田部町５０－４１", "緯度": 35.912061, "経度": 136.239125, "url": "https://www.iryou.teikyouseido.mhlw.go.jp/znk-web/juminkanja/S2430/initialize?prefCd=18&kikanCd=3180001820&kikanKbn=3", "url2": null, "内容": "いけだ歯科【3:歯科】福井県越前市粟田部町５０－４１" }, "geometry": { "type": "Point", "coordinates": [ 136.239125, 35.912061 ] } },
{ "type": "Feature", "properties": { "ID": 1833180001830, "正式名称": "山田歯科医院", "機関区分": 3, "都道府県コード": 18, "市区町村コード": 423, "所在地": "福井県丹生郡越前町気比庄　５－７", "緯度": 35.973422, "経度": 136.138181, "url": "https://www.iryou.teikyouseido.mhlw.go.jp/znk-web/juminkanja/S2430/initialize?prefCd=18&kikanCd=3180001830&kikanKbn=3", "url2": null, "内容": "山田歯科医院【3:歯科】福井県丹生郡越前町気比庄　５－７" }, "geometry": { "type": "Point", "coordinates": [ 136.138181, 35.973422 ] } },
{ "type": "Feature", "properties": { "ID": 1833180001840, "正式名称": "加藤歯科医院", "機関区分": 3, "都道府県コード": 18, "市区町村コード": 207, "所在地": "福井県鯖江市住吉町３－３－２５", "緯度": 35.942061, "経度": 136.180014, "url": "https://www.iryou.teikyouseido.mhlw.go.jp/znk-web/juminkanja/S2430/initialize?prefCd=18&kikanCd=3180001840&kikanKbn=3", "url2": null, "内容": "加藤歯科医院【3:歯科】福井県鯖江市住吉町３－３－２５" }, "geometry": { "type": "Point", "coordinates": [ 136.180014, 35.942061 ] } },
{ "type": "Feature", "properties": { "ID": 1833180001870, "正式名称": "おおのや歯科医院", "機関区分": 3, "都道府県コード": 18, "市区町村コード": 201, "所在地": "福井県福井市大森町３７－１１－４", "緯度": 36.02395, "経度": 136.123653, "url": "https://www.iryou.teikyouseido.mhlw.go.jp/znk-web/juminkanja/S2430/initialize?prefCd=18&kikanCd=3180001870&kikanKbn=3", "url2": "www.ohnoyashika.com", "内容": "おおのや歯科医院【3:歯科】福井県福井市大森町３７－１１－４" }, "geometry": { "type": "Point", "coordinates": [ 136.123653, 36.02395 ] } },
{ "type": "Feature", "properties": { "ID": 1833180001890, "正式名称": "医療法人　英晃会", "機関区分": 3, "都道府県コード": 18, "市区町村コード": 207, "所在地": "福井県鯖江市糺町３１１", "緯度": 35.979422, "経度": 136.177069, "url": "https://www.iryou.teikyouseido.mhlw.go.jp/znk-web/juminkanja/S2430/initialize?prefCd=18&kikanCd=3180001890&kikanKbn=3", "url2": "https://sikakawasaki.com", "内容": "医療法人　英晃会【3:歯科】福井県鯖江市糺町３１１" }, "geometry": { "type": "Point", "coordinates": [ 136.177069, 35.979422 ] } },
{ "type": "Feature", "properties": { "ID": 1833180001900, "正式名称": "ひかる歯科医院", "機関区分": 3, "都道府県コード": 18, "市区町村コード": 207, "所在地": "福井県鯖江市鳥羽２－２－２１－２－１", "緯度": 35.987617, "経度": 136.188486, "url": "https://www.iryou.teikyouseido.mhlw.go.jp/znk-web/juminkanja/S2430/initialize?prefCd=18&kikanCd=3180001900&kikanKbn=3", "url2": "https://plus.dentamap.jp/hpplus/user/hikarudental/", "内容": "ひかる歯科医院【3:歯科】福井県鯖江市鳥羽２－２－２１－２－１" }, "geometry": { "type": "Point", "coordinates": [ 136.188486, 35.987617 ] } },
{ "type": "Feature", "properties": { "ID": 1833180001910, "正式名称": "川島歯科医院", "機関区分": 3, "都道府県コード": 18, "市区町村コード": 201, "所在地": "福井県福井市三留町　１４－１１－４", "緯度": 36.037339, "経度": 136.152597, "url": "https://www.iryou.teikyouseido.mhlw.go.jp/znk-web/juminkanja/S2430/initialize?prefCd=18&kikanCd=3180001910&kikanKbn=3", "url2": null, "内容": "川島歯科医院【3:歯科】福井県福井市三留町　１４－１１－４" }, "geometry": { "type": "Point", "coordinates": [ 136.152597, 36.037339 ] } },
{ "type": "Feature", "properties": { "ID": 1833180001920, "正式名称": "服部歯科医院", "機関区分": 3, "都道府県コード": 18, "市区町村コード": 209, "所在地": "福井県越前市幸町３－３５", "緯度": 35.903756, "経度": 136.167347, "url": "https://www.iryou.teikyouseido.mhlw.go.jp/znk-web/juminkanja/S2430/initialize?prefCd=18&kikanCd=3180001920&kikanKbn=3", "url2": null, "内容": "服部歯科医院【3:歯科】福井県越前市幸町３－３５" }, "geometry": { "type": "Point", "coordinates": [ 136.167347, 35.903756 ] } },
{ "type": "Feature", "properties": { "ID": 1833180001940, "正式名称": "天井歯科医院", "機関区分": 3, "都道府県コード": 18, "市区町村コード": 209, "所在地": "福井県越前市天王町　２－２４", "緯度": 35.901033, "経度": 136.167542, "url": "https://www.iryou.teikyouseido.mhlw.go.jp/znk-web/juminkanja/S2430/initialize?prefCd=18&kikanCd=3180001940&kikanKbn=3", "url2": null, "内容": "天井歯科医院【3:歯科】福井県越前市天王町　２－２４" }, "geometry": { "type": "Point", "coordinates": [ 136.167542, 35.901033 ] } },
{ "type": "Feature", "properties": { "ID": 1833180001980, "正式名称": "医療法人　坂下歯科医院", "機関区分": 3, "都道府県コード": 18, "市区町村コード": 209, "所在地": "福井県越前市村国２丁目　１１－３１", "緯度": 35.906589, "経度": 136.180014, "url": "https://www.iryou.teikyouseido.mhlw.go.jp/znk-web/juminkanja/S2430/initialize?prefCd=18&kikanCd=3180001980&kikanKbn=3", "url2": null, "内容": "医療法人　坂下歯科医院【3:歯科】福井県越前市村国２丁目　１１－３１" }, "geometry": { "type": "Point", "coordinates": [ 136.180014, 35.906589 ] } },
{ "type": "Feature", "properties": { "ID": 1833180001990, "正式名称": "医療法人　水谷歯科医院", "機関区分": 3, "都道府県コード": 18, "市区町村コード": 209, "所在地": "福井県越前市平出３－８－４０", "緯度": 35.914367, "経度": 136.159208, "url": "https://www.iryou.teikyouseido.mhlw.go.jp/znk-web/juminkanja/S2430/initialize?prefCd=18&kikanCd=3180001990&kikanKbn=3", "url2": null, "内容": "医療法人　水谷歯科医院【3:歯科】福井県越前市平出３－８－４０" }, "geometry": { "type": "Point", "coordinates": [ 136.159208, 35.914367 ] } },
{ "type": "Feature", "properties": { "ID": 1833180002000, "正式名称": "直江歯科医院", "機関区分": 3, "都道府県コード": 18, "市区町村コード": 209, "所在地": "福井県越前市府中１－２７－６", "緯度": 35.903589, "経度": 136.169347, "url": "https://www.iryou.teikyouseido.mhlw.go.jp/znk-web/juminkanja/S2430/initialize?prefCd=18&kikanCd=3180002000&kikanKbn=3", "url2": null, "内容": "直江歯科医院【3:歯科】福井県越前市府中１－２７－６" }, "geometry": { "type": "Point", "coordinates": [ 136.169347, 35.903589 ] } },
{ "type": "Feature", "properties": { "ID": 1833180002010, "正式名称": "あさざわ歯科医院", "機関区分": 3, "都道府県コード": 18, "市区町村コード": 209, "所在地": "福井県越前市村国３－７－７", "緯度": 35.908172, "経度": 136.181125, "url": "https://www.iryou.teikyouseido.mhlw.go.jp/znk-web/juminkanja/S2430/initialize?prefCd=18&kikanCd=3180002010&kikanKbn=3", "url2": "https://www.asazawa-dental.jp/", "内容": "あさざわ歯科医院【3:歯科】福井県越前市村国３－７－７" }, "geometry": { "type": "Point", "coordinates": [ 136.181125, 35.908172 ] } },
{ "type": "Feature", "properties": { "ID": 1833180002020, "正式名称": "いんべ歯科", "機関区分": 3, "都道府県コード": 18, "市区町村コード": 209, "所在地": "福井県越前市府中一丁目４－２４", "緯度": 35.902867, "経度": 136.168514, "url": "https://www.iryou.teikyouseido.mhlw.go.jp/znk-web/juminkanja/S2430/initialize?prefCd=18&kikanCd=3180002020&kikanKbn=3", "url2": null, "内容": "いんべ歯科【3:歯科】福井県越前市府中一丁目４－２４" }, "geometry": { "type": "Point", "coordinates": [ 136.168514, 35.902867 ] } },
{ "type": "Feature", "properties": { "ID": 1833180002040, "正式名称": "水野歯科医院", "機関区分": 3, "都道府県コード": 18, "市区町村コード": 209, "所在地": "福井県越前市幸町４－５", "緯度": 35.903478, "経度": 136.166097, "url": "https://www.iryou.teikyouseido.mhlw.go.jp/znk-web/juminkanja/S2430/initialize?prefCd=18&kikanCd=3180002040&kikanKbn=3", "url2": null, "内容": "水野歯科医院【3:歯科】福井県越前市幸町４－５" }, "geometry": { "type": "Point", "coordinates": [ 136.166097, 35.903478 ] } },
{ "type": "Feature", "properties": { "ID": 1833180002050, "正式名称": "西尾歯科医院", "機関区分": 3, "都道府県コード": 18, "市区町村コード": 209, "所在地": "福井県越前市北府２－１２－２９", "緯度": 35.9152, "経度": 136.166542, "url": "https://www.iryou.teikyouseido.mhlw.go.jp/znk-web/juminkanja/S2430/initialize?prefCd=18&kikanCd=3180002050&kikanKbn=3", "url2": null, "内容": "西尾歯科医院【3:歯科】福井県越前市北府２－１２－２９" }, "geometry": { "type": "Point", "coordinates": [ 136.166542, 35.9152 ] } },
{ "type": "Feature", "properties": { "ID": 1833180002070, "正式名称": "片山歯科医院", "機関区分": 3, "都道府県コード": 18, "市区町村コード": 209, "所在地": "福井県越前市桂町５－２２", "緯度": 35.905228, "経度": 136.165347, "url": "https://www.iryou.teikyouseido.mhlw.go.jp/znk-web/juminkanja/S2430/initialize?prefCd=18&kikanCd=3180002070&kikanKbn=3", "url2": "http://katayama-dental.com", "内容": "片山歯科医院【3:歯科】福井県越前市桂町５－２２" }, "geometry": { "type": "Point", "coordinates": [ 136.165347, 35.905228 ] } },
{ "type": "Feature", "properties": { "ID": 1833180002080, "正式名称": "くどう歯科医院", "機関区分": 3, "都道府県コード": 18, "市区町村コード": 209, "所在地": "福井県越前市高瀬１－７－１５", "緯度": 35.897256, "経度": 136.157681, "url": "https://www.iryou.teikyouseido.mhlw.go.jp/znk-web/juminkanja/S2430/initialize?prefCd=18&kikanCd=3180002080&kikanKbn=3", "url2": null, "内容": "くどう歯科医院【3:歯科】福井県越前市高瀬１－７－１５" }, "geometry": { "type": "Point", "coordinates": [ 136.157681, 35.897256 ] } },
{ "type": "Feature", "properties": { "ID": 1833180002090, "正式名称": "斎藤歯科医院", "機関区分": 3, "都道府県コード": 18, "市区町村コード": 404, "所在地": "福井県南条郡南越前町今圧７６－３", "緯度": 35.773478, "経度": 136.196264, "url": "https://www.iryou.teikyouseido.mhlw.go.jp/znk-web/juminkanja/S2430/initialize?prefCd=18&kikanCd=3180002090&kikanKbn=3", "url2": null, "内容": "斎藤歯科医院【3:歯科】福井県南条郡南越前町今圧７６－３" }, "geometry": { "type": "Point", "coordinates": [ 136.196264, 35.773478 ] } },
{ "type": "Feature", "properties": { "ID": 1833180002100, "正式名称": "はこだ歯科医院", "機関区分": 3, "都道府県コード": 18, "市区町村コード": 404, "所在地": "福井県南条郡南越前町東大道３２－１９－１", "緯度": 35.832922, "経度": 136.194903, "url": "https://www.iryou.teikyouseido.mhlw.go.jp/znk-web/juminkanja/S2430/initialize?prefCd=18&kikanCd=3180002100&kikanKbn=3", "url2": null, "内容": "はこだ歯科医院【3:歯科】福井県南条郡南越前町東大道３２－１９－１" }, "geometry": { "type": "Point", "coordinates": [ 136.194903, 35.832922 ] } },
{ "type": "Feature", "properties": { "ID": 1833180002160, "正式名称": "大谷歯科医院", "機関区分": 3, "都道府県コード": 18, "市区町村コード": 202, "所在地": "福井県敦賀市津内町３－３－４６", "緯度": 35.646311, "経度": 136.070403, "url": "https://www.iryou.teikyouseido.mhlw.go.jp/znk-web/juminkanja/S2430/initialize?prefCd=18&kikanCd=3180002160&kikanKbn=3", "url2": null, "内容": "大谷歯科医院【3:歯科】福井県敦賀市津内町３－３－４６" }, "geometry": { "type": "Point", "coordinates": [ 136.070403, 35.646311 ] } },
{ "type": "Feature", "properties": { "ID": 1833180002170, "正式名称": "岸歯科医院", "機関区分": 3, "都道府県コード": 18, "市区町村コード": 202, "所在地": "福井県敦賀市中央町１丁目１－３４", "緯度": 35.645894, "経度": 136.059736, "url": "https://www.iryou.teikyouseido.mhlw.go.jp/znk-web/juminkanja/S2430/initialize?prefCd=18&kikanCd=3180002170&kikanKbn=3", "url2": null, "内容": "岸歯科医院【3:歯科】福井県敦賀市中央町１丁目１－３４" }, "geometry": { "type": "Point", "coordinates": [ 136.059736, 35.645894 ] } },
{ "type": "Feature", "properties": { "ID": 1833180002180, "正式名称": "歯科　坂本医院", "機関区分": 3, "都道府県コード": 18, "市区町村コード": 202, "所在地": "福井県敦賀市神楽町１－１－２５", "緯度": 35.6547, "経度": 136.072708, "url": "https://www.iryou.teikyouseido.mhlw.go.jp/znk-web/juminkanja/S2430/initialize?prefCd=18&kikanCd=3180002180&kikanKbn=3", "url2": null, "内容": "歯科　坂本医院【3:歯科】福井県敦賀市神楽町１－１－２５" }, "geometry": { "type": "Point", "coordinates": [ 136.072708, 35.6547 ] } },
{ "type": "Feature", "properties": { "ID": 1833180002230, "正式名称": "医療法人　岸本歯科医院", "機関区分": 3, "都道府県コード": 18, "市区町村コード": 202, "所在地": "福井県敦賀市津内町３丁目５－１", "緯度": 35.6472, "経度": 136.071097, "url": "https://www.iryou.teikyouseido.mhlw.go.jp/znk-web/juminkanja/S2430/initialize?prefCd=18&kikanCd=3180002230&kikanKbn=3", "url2": null, "内容": "医療法人　岸本歯科医院【3:歯科】福井県敦賀市津内町３丁目５－１" }, "geometry": { "type": "Point", "coordinates": [ 136.071097, 35.6472 ] } },
{ "type": "Feature", "properties": { "ID": 1833180002250, "正式名称": "市川歯科医院", "機関区分": 3, "都道府県コード": 18, "市区町村コード": 442, "所在地": "福井県三方郡美浜町河原市３－２", "緯度": 35.604617, "経度": 135.948431, "url": "https://www.iryou.teikyouseido.mhlw.go.jp/znk-web/juminkanja/S2430/initialize?prefCd=18&kikanCd=3180002250&kikanKbn=3", "url2": null, "内容": "市川歯科医院【3:歯科】福井県三方郡美浜町河原市３－２" }, "geometry": { "type": "Point", "coordinates": [ 135.948431, 35.604617 ] } },
{ "type": "Feature", "properties": { "ID": 1833180002260, "正式名称": "医療法人　長村歯科医院", "機関区分": 3, "都道府県コード": 18, "市区町村コード": 202, "所在地": "福井県敦賀市野神４０－２５６－４", "緯度": 35.639478, "経度": 136.051764, "url": "https://www.iryou.teikyouseido.mhlw.go.jp/znk-web/juminkanja/S2430/initialize?prefCd=18&kikanCd=3180002260&kikanKbn=3", "url2": "https://nagamura-dent.com/", "内容": "医療法人　長村歯科医院【3:歯科】福井県敦賀市野神４０－２５６－４" }, "geometry": { "type": "Point", "coordinates": [ 136.051764, 35.639478 ] } },
{ "type": "Feature", "properties": { "ID": 1833180002280, "正式名称": "医療法人　中村歯科医院", "機関区分": 3, "都道府県コード": 18, "市区町村コード": 501, "所在地": "福井県三方上中郡若狭町北前川４３－３２－１", "緯度": 35.548756, "経度": 135.910319, "url": "https://www.iryou.teikyouseido.mhlw.go.jp/znk-web/juminkanja/S2430/initialize?prefCd=18&kikanCd=3180002280&kikanKbn=3", "url2": "http://www.nakamura-d-c.jp", "内容": "医療法人　中村歯科医院【3:歯科】福井県三方上中郡若狭町北前川４３－３２－１" }, "geometry": { "type": "Point", "coordinates": [ 135.910319, 35.548756 ] } },
{ "type": "Feature", "properties": { "ID": 1833180002290, "正式名称": "あわの歯科医院", "機関区分": 3, "都道府県コード": 18, "市区町村コード": 202, "所在地": "福井県敦賀市櫛林１９－４－１", "緯度": 35.62595, "経度": 136.042764, "url": "https://www.iryou.teikyouseido.mhlw.go.jp/znk-web/juminkanja/S2430/initialize?prefCd=18&kikanCd=3180002290&kikanKbn=3", "url2": null, "内容": "あわの歯科医院【3:歯科】福井県敦賀市櫛林１９－４－１" }, "geometry": { "type": "Point", "coordinates": [ 136.042764, 35.62595 ] } },
{ "type": "Feature", "properties": { "ID": 1833180002300, "正式名称": "医療法人　筍会　たけの子歯科", "機関区分": 3, "都道府県コード": 18, "市区町村コード": 202, "所在地": "福井県敦賀市木崎　２０－１５－１", "緯度": 35.642978, "経度": 136.049847, "url": "https://www.iryou.teikyouseido.mhlw.go.jp/znk-web/juminkanja/S2430/initialize?prefCd=18&kikanCd=3180002300&kikanKbn=3", "url2": "https://takenoko.biz/", "内容": "医療法人　筍会　たけの子歯科【3:歯科】福井県敦賀市木崎　２０－１５－１" }, "geometry": { "type": "Point", "coordinates": [ 136.049847, 35.642978 ] } },
{ "type": "Feature", "properties": { "ID": 1833180002310, "正式名称": "平和歯科医院", "機関区分": 3, "都道府県コード": 18, "市区町村コード": 202, "所在地": "福井県敦賀市平和町３９－１８", "緯度": 35.645756, "経度": 136.045458, "url": "https://www.iryou.teikyouseido.mhlw.go.jp/znk-web/juminkanja/S2430/initialize?prefCd=18&kikanCd=3180002310&kikanKbn=3", "url2": null, "内容": "平和歯科医院【3:歯科】福井県敦賀市平和町３９－１８" }, "geometry": { "type": "Point", "coordinates": [ 136.045458, 35.645756 ] } },
{ "type": "Feature", "properties": { "ID": 1833180002320, "正式名称": "根尾歯科医院（ネオデンタルクリニック）", "機関区分": 3, "都道府県コード": 18, "市区町村コード": 202, "所在地": "福井県敦賀市古田刈６９－２０１７", "緯度": 35.630006, "経度": 136.063319, "url": "https://www.iryou.teikyouseido.mhlw.go.jp/znk-web/juminkanja/S2430/initialize?prefCd=18&kikanCd=3180002320&kikanKbn=3", "url2": "https://www.neodc.net", "内容": "根尾歯科医院（ネオデンタルクリニック）【3:歯科】福井県敦賀市古田刈６９－２０１７" }, "geometry": { "type": "Point", "coordinates": [ 136.063319, 35.630006 ] } },
{ "type": "Feature", "properties": { "ID": 1833180002330, "正式名称": "たかはし歯科", "機関区分": 3, "都道府県コード": 18, "市区町村コード": 202, "所在地": "福井県敦賀市若葉町２丁目１１０２番地", "緯度": 35.633283, "経度": 136.051542, "url": "https://www.iryou.teikyouseido.mhlw.go.jp/znk-web/juminkanja/S2430/initialize?prefCd=18&kikanCd=3180002330&kikanKbn=3", "url2": "http://www.takahashi-shika.jp/", "内容": "たかはし歯科【3:歯科】福井県敦賀市若葉町２丁目１１０２番地" }, "geometry": { "type": "Point", "coordinates": [ 136.051542, 35.633283 ] } },
{ "type": "Feature", "properties": { "ID": 1833180002360, "正式名称": "みはまデンタルクリニック", "機関区分": 3, "都道府県コード": 18, "市区町村コード": 442, "所在地": "福井県三方郡美浜町佐田６２－３２－１", "緯度": 35.628006, "経度": 135.981542, "url": "https://www.iryou.teikyouseido.mhlw.go.jp/znk-web/juminkanja/S2430/initialize?prefCd=18&kikanCd=3180002360&kikanKbn=3", "url2": null, "内容": "みはまデンタルクリニック【3:歯科】福井県三方郡美浜町佐田６２－３２－１" }, "geometry": { "type": "Point", "coordinates": [ 135.981542, 35.628006 ] } },
{ "type": "Feature", "properties": { "ID": 1833180002370, "正式名称": "医療法人　さいとう歯科医院", "機関区分": 3, "都道府県コード": 18, "市区町村コード": 202, "所在地": "福井県敦賀市公文名５－７４－２", "緯度": 35.622561, "経度": 136.055292, "url": "https://www.iryou.teikyouseido.mhlw.go.jp/znk-web/juminkanja/S2430/initialize?prefCd=18&kikanCd=3180002370&kikanKbn=3", "url2": null, "内容": "医療法人　さいとう歯科医院【3:歯科】福井県敦賀市公文名５－７４－２" }, "geometry": { "type": "Point", "coordinates": [ 136.055292, 35.622561 ] } },
{ "type": "Feature", "properties": { "ID": 1833180002380, "正式名称": "医療法人清水歯科医院", "機関区分": 3, "都道府県コード": 18, "市区町村コード": 202, "所在地": "福井県敦賀市呉竹町２－３－１", "緯度": 35.648922, "経度": 136.058569, "url": "https://www.iryou.teikyouseido.mhlw.go.jp/znk-web/juminkanja/S2430/initialize?prefCd=18&kikanCd=3180002380&kikanKbn=3", "url2": null, "内容": "医療法人清水歯科医院【3:歯科】福井県敦賀市呉竹町２－３－１" }, "geometry": { "type": "Point", "coordinates": [ 136.058569, 35.648922 ] } },
{ "type": "Feature", "properties": { "ID": 1833180002390, "正式名称": "吉光歯科医院", "機関区分": 3, "都道府県コード": 18, "市区町村コード": 202, "所在地": "福井県敦賀市岡山町６４９番地", "緯度": 35.628319, "経度": 136.07249, "url": "https://www.iryou.teikyouseido.mhlw.go.jp/znk-web/juminkanja/S2430/initialize?prefCd=18&kikanCd=3180002390&kikanKbn=3", "url2": null, "内容": "吉光歯科医院【3:歯科】福井県敦賀市岡山町６４９番地" }, "geometry": { "type": "Point", "coordinates": [ 136.07249, 35.628319 ] } },
{ "type": "Feature", "properties": { "ID": 1833180002400, "正式名称": "みしま歯科医院", "機関区分": 3, "都道府県コード": 18, "市区町村コード": 202, "所在地": "福井県敦賀市三島町２丁目１７番６号", "緯度": 35.649644, "経度": 136.063931, "url": "https://www.iryou.teikyouseido.mhlw.go.jp/znk-web/juminkanja/S2430/initialize?prefCd=18&kikanCd=3180002400&kikanKbn=3", "url2": null, "内容": "みしま歯科医院【3:歯科】福井県敦賀市三島町２丁目１７番６号" }, "geometry": { "type": "Point", "coordinates": [ 136.063931, 35.649644 ] } },
{ "type": "Feature", "properties": { "ID": 1833180002410, "正式名称": "高鳥歯科医院", "機関区分": 3, "都道府県コード": 18, "市区町村コード": 204, "所在地": "福井県小浜市小浜鹿島１９", "緯度": 35.49345, "経度": 135.738847, "url": "https://www.iryou.teikyouseido.mhlw.go.jp/znk-web/juminkanja/S2430/initialize?prefCd=18&kikanCd=3180002410&kikanKbn=3", "url2": null, "内容": "高鳥歯科医院【3:歯科】福井県小浜市小浜鹿島１９" }, "geometry": { "type": "Point", "coordinates": [ 135.738847, 35.49345 ] } },
{ "type": "Feature", "properties": { "ID": 1833180002480, "正式名称": "医療法人　堀口会　堀口歯科医院", "機関区分": 3, "都道府県コード": 18, "市区町村コード": 483, "所在地": "福井県大飯郡おおい町本郷１３４－１", "緯度": 35.481033, "経度": 135.616403, "url": "https://www.iryou.teikyouseido.mhlw.go.jp/znk-web/juminkanja/S2430/initialize?prefCd=18&kikanCd=3180002480&kikanKbn=3", "url2": "https://www.horiguchi-dental.jp/", "内容": "医療法人　堀口会　堀口歯科医院【3:歯科】福井県大飯郡おおい町本郷１３４－１" }, "geometry": { "type": "Point", "coordinates": [ 135.616403, 35.481033 ] } },
{ "type": "Feature", "properties": { "ID": 1833180002490, "正式名称": "医療法人　歯科三宅医院", "機関区分": 3, "都道府県コード": 18, "市区町村コード": 483, "所在地": "福井県大飯郡おおい町本郷１３９－１２", "緯度": 35.481672, "経度": 135.617903, "url": "https://www.iryou.teikyouseido.mhlw.go.jp/znk-web/juminkanja/S2430/initialize?prefCd=18&kikanCd=3180002490&kikanKbn=3", "url2": null, "内容": "医療法人　歯科三宅医院【3:歯科】福井県大飯郡おおい町本郷１３９－１２" }, "geometry": { "type": "Point", "coordinates": [ 135.617903, 35.481672 ] } },
{ "type": "Feature", "properties": { "ID": 1833180002500, "正式名称": "藤田歯科医院", "機関区分": 3, "都道府県コード": 18, "市区町村コード": 204, "所在地": "福井県小浜市四谷町９－２６", "緯度": 35.496922, "経度": 135.747181, "url": "https://www.iryou.teikyouseido.mhlw.go.jp/znk-web/juminkanja/S2430/initialize?prefCd=18&kikanCd=3180002500&kikanKbn=3", "url2": null, "内容": "藤田歯科医院【3:歯科】福井県小浜市四谷町９－２６" }, "geometry": { "type": "Point", "coordinates": [ 135.747181, 35.496922 ] } },
{ "type": "Feature", "properties": { "ID": 1833180002510, "正式名称": "かみなか歯科医院", "機関区分": 3, "都道府県コード": 18, "市区町村コード": 501, "所在地": "福井県三方上中郡若狭町市場２１－８－７", "緯度": 35.463228, "経度": 135.857319, "url": "https://www.iryou.teikyouseido.mhlw.go.jp/znk-web/juminkanja/S2430/initialize?prefCd=18&kikanCd=3180002510&kikanKbn=3", "url2": null, "内容": "かみなか歯科医院【3:歯科】福井県三方上中郡若狭町市場２１－８－７" }, "geometry": { "type": "Point", "coordinates": [ 135.857319, 35.463228 ] } },
{ "type": "Feature", "properties": { "ID": 1833180002550, "正式名称": "工藤デンタルクリニック", "機関区分": 3, "都道府県コード": 18, "市区町村コード": 483, "所在地": "福井県大飯郡おおい町名田庄下６－１", "緯度": 35.40695, "経度": 135.643653, "url": "https://www.iryou.teikyouseido.mhlw.go.jp/znk-web/juminkanja/S2430/initialize?prefCd=18&kikanCd=3180002550&kikanKbn=3", "url2": null, "内容": "工藤デンタルクリニック【3:歯科】福井県大飯郡おおい町名田庄下６－１" }, "geometry": { "type": "Point", "coordinates": [ 135.643653, 35.40695 ] } },
{ "type": "Feature", "properties": { "ID": 1833180002560, "正式名称": "ふるもり歯科", "機関区分": 3, "都道府県コード": 18, "市区町村コード": 204, "所在地": "福井県小浜市遠敷９丁目３０４番地", "緯度": 35.4847, "経度": 135.773125, "url": "https://www.iryou.teikyouseido.mhlw.go.jp/znk-web/juminkanja/S2430/initialize?prefCd=18&kikanCd=3180002560&kikanKbn=3", "url2": "http://furumori-dental.com/", "内容": "ふるもり歯科【3:歯科】福井県小浜市遠敷９丁目３０４番地" }, "geometry": { "type": "Point", "coordinates": [ 135.773125, 35.4847 ] } },
{ "type": "Feature", "properties": { "ID": 1833180002580, "正式名称": "池田第二歯科", "機関区分": 3, "都道府県コード": 18, "市区町村コード": 481, "所在地": "福井県大飯郡高浜町宮崎６４－１０－２", "緯度": 35.487333, "経度": 135.551556, "url": "https://www.iryou.teikyouseido.mhlw.go.jp/znk-web/juminkanja/S2430/initialize?prefCd=18&kikanCd=3180002580&kikanKbn=3", "url2": null, "内容": "池田第二歯科【3:歯科】福井県大飯郡高浜町宮崎６４－１０－２" }, "geometry": { "type": "Point", "coordinates": [ 135.551556, 35.487333 ] } },
{ "type": "Feature", "properties": { "ID": 1833180002590, "正式名称": "石畝歯科医院", "機関区分": 3, "都道府県コード": 18, "市区町村コード": 206, "所在地": "福井県勝山市元町１－４－３０", "緯度": 36.062172, "経度": 136.499264, "url": "https://www.iryou.teikyouseido.mhlw.go.jp/znk-web/juminkanja/S2430/initialize?prefCd=18&kikanCd=3180002590&kikanKbn=3", "url2": null, "内容": "石畝歯科医院【3:歯科】福井県勝山市元町１－４－３０" }, "geometry": { "type": "Point", "coordinates": [ 136.499264, 36.062172 ] } },
{ "type": "Feature", "properties": { "ID": 1833180002630, "正式名称": "宮本歯科クリニック", "機関区分": 3, "都道府県コード": 18, "市区町村コード": 209, "所在地": "福井県越前市村国３－３４－１", "緯度": 35.912867, "経度": 136.178931, "url": "https://www.iryou.teikyouseido.mhlw.go.jp/znk-web/juminkanja/S2430/initialize?prefCd=18&kikanCd=3180002630&kikanKbn=3", "url2": null, "内容": "宮本歯科クリニック【3:歯科】福井県越前市村国３－３４－１" }, "geometry": { "type": "Point", "coordinates": [ 136.178931, 35.912867 ] } },
{ "type": "Feature", "properties": { "ID": 1833180002640, "正式名称": "遠矢歯科医院", "機関区分": 3, "都道府県コード": 18, "市区町村コード": 423, "所在地": "福井県丹生郡越前町内郡１９－２３－１", "緯度": 35.975561, "経度": 136.131597, "url": "https://www.iryou.teikyouseido.mhlw.go.jp/znk-web/juminkanja/S2430/initialize?prefCd=18&kikanCd=3180002640&kikanKbn=3", "url2": null, "内容": "遠矢歯科医院【3:歯科】福井県丹生郡越前町内郡１９－２３－１" }, "geometry": { "type": "Point", "coordinates": [ 136.131597, 35.975561 ] } },
{ "type": "Feature", "properties": { "ID": 1833180002650, "正式名称": "坂野歯科医院", "機関区分": 3, "都道府県コード": 18, "市区町村コード": 209, "所在地": "福井県越前市府中１－１２－２８", "緯度": 35.903867, "経度": 136.169875, "url": "https://www.iryou.teikyouseido.mhlw.go.jp/znk-web/juminkanja/S2430/initialize?prefCd=18&kikanCd=3180002650&kikanKbn=3", "url2": null, "内容": "坂野歯科医院【3:歯科】福井県越前市府中１－１２－２８" }, "geometry": { "type": "Point", "coordinates": [ 136.169875, 35.903867 ] } },
{ "type": "Feature", "properties": { "ID": 1833180002660, "正式名称": "東陽歯科クリニック", "機関区分": 3, "都道府県コード": 18, "市区町村コード": 207, "所在地": "福井県鯖江市中野町１２－１１", "緯度": 35.946561, "経度": 136.207236, "url": "https://www.iryou.teikyouseido.mhlw.go.jp/znk-web/juminkanja/S2430/initialize?prefCd=18&kikanCd=3180002660&kikanKbn=3", "url2": null, "内容": "東陽歯科クリニック【3:歯科】福井県鯖江市中野町１２－１１" }, "geometry": { "type": "Point", "coordinates": [ 136.207236, 35.946561 ] } },
{ "type": "Feature", "properties": { "ID": 1833180002670, "正式名称": "医療法人　秀友会　山本歯科医院", "機関区分": 3, "都道府県コード": 18, "市区町村コード": 209, "所在地": "福井県越前市元町１－１２", "緯度": 35.9012, "経度": 136.165764, "url": "https://www.iryou.teikyouseido.mhlw.go.jp/znk-web/juminkanja/S2430/initialize?prefCd=18&kikanCd=3180002670&kikanKbn=3", "url2": "https://shuyukai-yamamotoshika.com", "内容": "医療法人　秀友会　山本歯科医院【3:歯科】福井県越前市元町１－１２" }, "geometry": { "type": "Point", "coordinates": [ 136.165764, 35.9012 ] } },
{ "type": "Feature", "properties": { "ID": 1833180002690, "正式名称": "岸デンタルクリニック", "機関区分": 3, "都道府県コード": 18, "市区町村コード": 423, "所在地": "福井県丹生郡越前町厨７１－３２６－１", "緯度": 35.918978, "経度": 135.996708, "url": "https://www.iryou.teikyouseido.mhlw.go.jp/znk-web/juminkanja/S2430/initialize?prefCd=18&kikanCd=3180002690&kikanKbn=3", "url2": null, "内容": "岸デンタルクリニック【3:歯科】福井県丹生郡越前町厨７１－３２６－１" }, "geometry": { "type": "Point", "coordinates": [ 135.996708, 35.918978 ] } },
{ "type": "Feature", "properties": { "ID": 1833180002700, "正式名称": "越廼歯科医院", "機関区分": 3, "都道府県コード": 18, "市区町村コード": 201, "所在地": "福井県福井市茱崎町１－６８", "緯度": 36.039422, "経度": 136.012264, "url": "https://www.iryou.teikyouseido.mhlw.go.jp/znk-web/juminkanja/S2430/initialize?prefCd=18&kikanCd=3180002700&kikanKbn=3", "url2": null, "内容": "越廼歯科医院【3:歯科】福井県福井市茱崎町１－６８" }, "geometry": { "type": "Point", "coordinates": [ 136.012264, 36.039422 ] } },
{ "type": "Feature", "properties": { "ID": 1833180002720, "正式名称": "たけふ生協歯科診療所", "機関区分": 3, "都道府県コード": 18, "市区町村コード": 209, "所在地": "福井県越前市芝原５丁目８－１－１", "緯度": 35.922783, "経度": 136.159153, "url": "https://www.iryou.teikyouseido.mhlw.go.jp/znk-web/juminkanja/S2430/initialize?prefCd=18&kikanCd=3180002720&kikanKbn=3", "url2": "https://www.takefusika.com/", "内容": "たけふ生協歯科診療所【3:歯科】福井県越前市芝原５丁目８－１－１" }, "geometry": { "type": "Point", "coordinates": [ 136.159153, 35.922783 ] } },
{ "type": "Feature", "properties": { "ID": 1833180002730, "正式名称": "医療法人やまざき歯科", "機関区分": 3, "都道府県コード": 18, "市区町村コード": 382, "所在地": "福井県今立郡池田町稲荷３４－２４－１", "緯度": 35.889839, "経度": 136.343292, "url": "https://www.iryou.teikyouseido.mhlw.go.jp/znk-web/juminkanja/S2430/initialize?prefCd=18&kikanCd=3180002730&kikanKbn=3", "url2": null, "内容": "医療法人やまざき歯科【3:歯科】福井県今立郡池田町稲荷３４－２４－１" }, "geometry": { "type": "Point", "coordinates": [ 136.343292, 35.889839 ] } },
{ "type": "Feature", "properties": { "ID": 1833180002760, "正式名称": "服部歯科医院", "機関区分": 3, "都道府県コード": 18, "市区町村コード": 207, "所在地": "福井県鯖江市莇生田町１２－１－２", "緯度": 35.948728, "経度": 136.272181, "url": "https://www.iryou.teikyouseido.mhlw.go.jp/znk-web/juminkanja/S2430/initialize?prefCd=18&kikanCd=3180002760&kikanKbn=3", "url2": null, "内容": "服部歯科医院【3:歯科】福井県鯖江市莇生田町１２－１－２" }, "geometry": { "type": "Point", "coordinates": [ 136.272181, 35.948728 ] } },
{ "type": "Feature", "properties": { "ID": 1833180002770, "正式名称": "平井歯科医院", "機関区分": 3, "都道府県コード": 18, "市区町村コード": 209, "所在地": "福井県越前市京町２－４－５", "緯度": 35.902672, "経度": 136.161875, "url": "https://www.iryou.teikyouseido.mhlw.go.jp/znk-web/juminkanja/S2430/initialize?prefCd=18&kikanCd=3180002770&kikanKbn=3", "url2": null, "内容": "平井歯科医院【3:歯科】福井県越前市京町２－４－５" }, "geometry": { "type": "Point", "coordinates": [ 136.161875, 35.902672 ] } },
{ "type": "Feature", "properties": { "ID": 1833180002780, "正式名称": "森歯科医院", "機関区分": 3, "都道府県コード": 18, "市区町村コード": 207, "所在地": "福井県鯖江市水落町１丁目５－３２－１", "緯度": 35.96195, "経度": 136.181431, "url": "https://www.iryou.teikyouseido.mhlw.go.jp/znk-web/juminkanja/S2430/initialize?prefCd=18&kikanCd=3180002780&kikanKbn=3", "url2": "http://www.sabae1mori-shikaiin.com/", "内容": "森歯科医院【3:歯科】福井県鯖江市水落町１丁目５－３２－１" }, "geometry": { "type": "Point", "coordinates": [ 136.181431, 35.96195 ] } },
{ "type": "Feature", "properties": { "ID": 1833180002810, "正式名称": "山崎歯科医院", "機関区分": 3, "都道府県コード": 18, "市区町村コード": 201, "所在地": "福井県福井市町屋３－６－１３", "緯度": 36.077756, "経度": 136.225431, "url": "https://www.iryou.teikyouseido.mhlw.go.jp/znk-web/juminkanja/S2430/initialize?prefCd=18&kikanCd=3180002810&kikanKbn=3", "url2": null, "内容": "山崎歯科医院【3:歯科】福井県福井市町屋３－６－１３" }, "geometry": { "type": "Point", "coordinates": [ 136.225431, 36.077756 ] } },
{ "type": "Feature", "properties": { "ID": 1833180002830, "正式名称": "増永歯科医院", "機関区分": 3, "都道府県コード": 18, "市区町村コード": 209, "所在地": "福井県越前市庄町１－４", "緯度": 35.910728, "経度": 136.190986, "url": "https://www.iryou.teikyouseido.mhlw.go.jp/znk-web/juminkanja/S2430/initialize?prefCd=18&kikanCd=3180002830&kikanKbn=3", "url2": null, "内容": "増永歯科医院【3:歯科】福井県越前市庄町１－４" }, "geometry": { "type": "Point", "coordinates": [ 136.190986, 35.910728 ] } },
{ "type": "Feature", "properties": { "ID": 1833180002840, "正式名称": "ひの歯科クリニック", "機関区分": 3, "都道府県コード": 18, "市区町村コード": 209, "所在地": "福井県越前市岩内町２－１－２", "緯度": 35.891061, "経度": 136.192681, "url": "https://www.iryou.teikyouseido.mhlw.go.jp/znk-web/juminkanja/S2430/initialize?prefCd=18&kikanCd=3180002840&kikanKbn=3", "url2": "www.hinosika.net", "内容": "ひの歯科クリニック【3:歯科】福井県越前市岩内町２－１－２" }, "geometry": { "type": "Point", "coordinates": [ 136.192681, 35.891061 ] } },
{ "type": "Feature", "properties": { "ID": 1833180002860, "正式名称": "医療法人親徳会　山王歯科", "機関区分": 3, "都道府県コード": 18, "市区町村コード": 209, "所在地": "福井県越前市上太田町２３－３－１０", "緯度": 35.907311, "経度": 136.147847, "url": "https://www.iryou.teikyouseido.mhlw.go.jp/znk-web/juminkanja/S2430/initialize?prefCd=18&kikanCd=3180002860&kikanKbn=3", "url2": "sannou-dental.com", "内容": "医療法人親徳会　山王歯科【3:歯科】福井県越前市上太田町２３－３－１０" }, "geometry": { "type": "Point", "coordinates": [ 136.147847, 35.907311 ] } },
{ "type": "Feature", "properties": { "ID": 1833180002870, "正式名称": "さかい歯科", "機関区分": 3, "都道府県コード": 18, "市区町村コード": 207, "所在地": "福井県鯖江市東鯖江１丁目５－２１", "緯度": 35.944394, "経度": 136.196042, "url": "https://www.iryou.teikyouseido.mhlw.go.jp/znk-web/juminkanja/S2430/initialize?prefCd=18&kikanCd=3180002870&kikanKbn=3", "url2": "http://www.sakai-shika8580.com/", "内容": "さかい歯科【3:歯科】福井県鯖江市東鯖江１丁目５－２１" }, "geometry": { "type": "Point", "coordinates": [ 136.196042, 35.944394 ] } },
{ "type": "Feature", "properties": { "ID": 1833180500090, "正式名称": "さわやか矯正歯科クリニック", "機関区分": 3, "都道府県コード": 18, "市区町村コード": 201, "所在地": "福井県福井市新田塚町３０２番", "緯度": 36.094174, "経度": 136.215261, "url": "https://www.iryou.teikyouseido.mhlw.go.jp/znk-web/juminkanja/S2430/initialize?prefCd=18&kikanCd=3180500090&kikanKbn=3", "url2": "http://www.sawayaka-kyousei.jp/", "内容": "さわやか矯正歯科クリニック【3:歯科】福井県福井市新田塚町３０２番" }, "geometry": { "type": "Point", "coordinates": [ 136.215261, 36.094174 ] } },
{ "type": "Feature", "properties": { "ID": 1833180500100, "正式名称": "かおる矯正歯科クリニック", "機関区分": 3, "都道府県コード": 18, "市区町村コード": 201, "所在地": "福井県福井市二の宮３丁目６－８", "緯度": 36.08377, "経度": 136.216655, "url": "https://www.iryou.teikyouseido.mhlw.go.jp/znk-web/juminkanja/S2430/initialize?prefCd=18&kikanCd=3180500100&kikanKbn=3", "url2": "https://kaoru-ortho.com", "内容": "かおる矯正歯科クリニック【3:歯科】福井県福井市二の宮３丁目６－８" }, "geometry": { "type": "Point", "coordinates": [ 136.216655, 36.08377 ] } },
{ "type": "Feature", "properties": { "ID": 1833180500110, "正式名称": "みわ歯科クリニック", "機関区分": 3, "都道府県コード": 18, "市区町村コード": 201, "所在地": "福井県福井市志比口２丁目１１－１３", "緯度": 36.071332, "経度": 136.236861, "url": "https://www.iryou.teikyouseido.mhlw.go.jp/znk-web/juminkanja/S2430/initialize?prefCd=18&kikanCd=3180500110&kikanKbn=3", "url2": "http://www.miwa-dental.info", "内容": "みわ歯科クリニック【3:歯科】福井県福井市志比口２丁目１１－１３" }, "geometry": { "type": "Point", "coordinates": [ 136.236861, 36.071332 ] } },
{ "type": "Feature", "properties": { "ID": 1833180500140, "正式名称": "若泉歯科クリニック", "機関区分": 3, "都道府県コード": 18, "市区町村コード": 209, "所在地": "福井県越前市文京２－１２－３８", "緯度": 35.893381, "経度": 136.163456, "url": "https://www.iryou.teikyouseido.mhlw.go.jp/znk-web/juminkanja/S2430/initialize?prefCd=18&kikanCd=3180500140&kikanKbn=3", "url2": "http://www.wakaizumi-dental.com/", "内容": "若泉歯科クリニック【3:歯科】福井県越前市文京２－１２－３８" }, "geometry": { "type": "Point", "coordinates": [ 136.163456, 35.893381 ] } },
{ "type": "Feature", "properties": { "ID": 1833180500370, "正式名称": "きたお歯科", "機関区分": 3, "都道府県コード": 18, "市区町村コード": 207, "所在地": "福井県鯖江市水落町２丁目１６－１", "緯度": 35.9631, "経度": 136.182147, "url": "https://www.iryou.teikyouseido.mhlw.go.jp/znk-web/juminkanja/S2430/initialize?prefCd=18&kikanCd=3180500370&kikanKbn=3", "url2": "kitaoshika.com", "内容": "きたお歯科【3:歯科】福井県鯖江市水落町２丁目１６－１" }, "geometry": { "type": "Point", "coordinates": [ 136.182147, 35.9631 ] } },
{ "type": "Feature", "properties": { "ID": 1833180500390, "正式名称": "こいで歯科医院", "機関区分": 3, "都道府県コード": 18, "市区町村コード": 208, "所在地": "福井県あわら市舟津４８－１６－１", "緯度": 36.226228, "経度": 136.189048, "url": "https://www.iryou.teikyouseido.mhlw.go.jp/znk-web/juminkanja/S2430/initialize?prefCd=18&kikanCd=3180500390&kikanKbn=3", "url2": null, "内容": "こいで歯科医院【3:歯科】福井県あわら市舟津４８－１６－１" }, "geometry": { "type": "Point", "coordinates": [ 136.189048, 36.226228 ] } },
{ "type": "Feature", "properties": { "ID": 1833180500500, "正式名称": "なかひろ歯科クリニック", "機関区分": 3, "都道府県コード": 18, "市区町村コード": 201, "所在地": "福井県福井市高木中央３丁目８１６番地", "緯度": 36.089119, "経度": 136.238403, "url": "https://www.iryou.teikyouseido.mhlw.go.jp/znk-web/juminkanja/S2430/initialize?prefCd=18&kikanCd=3180500500&kikanKbn=3", "url2": "http://www.nakahiro-d.com", "内容": "なかひろ歯科クリニック【3:歯科】福井県福井市高木中央３丁目８１６番地" }, "geometry": { "type": "Point", "coordinates": [ 136.238403, 36.089119 ] } },
{ "type": "Feature", "properties": { "ID": 1833180500530, "正式名称": "Ａｉ　Ｄｅｎｔａｌ　Ｃｌｉｎｉｃ", "機関区分": 3, "都道府県コード": 18, "市区町村コード": 201, "所在地": "福井県福井市手寄１丁目４１３－１－１　アオッサ２Ｆ", "緯度": 36.060582, "経度": 136.223508, "url": "https://www.iryou.teikyouseido.mhlw.go.jp/znk-web/juminkanja/S2430/initialize?prefCd=18&kikanCd=3180500530&kikanKbn=3", "url2": "https://aidental-clinic.com", "内容": "Ａｉ　Ｄｅｎｔａｌ　Ｃｌｉｎｉｃ【3:歯科】福井県福井市手寄１丁目４１３－１－１　アオッサ２Ｆ" }, "geometry": { "type": "Point", "coordinates": [ 136.223508, 36.060582 ] } },
{ "type": "Feature", "properties": { "ID": 1833180500640, "正式名称": "いたつデンタルクリニック", "機関区分": 3, "都道府県コード": 18, "市区町村コード": 201, "所在地": "福井県福井市花堂中２丁目１－８", "緯度": 36.039028, "経度": 136.213828, "url": "https://www.iryou.teikyouseido.mhlw.go.jp/znk-web/juminkanja/S2430/initialize?prefCd=18&kikanCd=3180500640&kikanKbn=3", "url2": "itatsudental.minibird.jp", "内容": "いたつデンタルクリニック【3:歯科】福井県福井市花堂中２丁目１－８" }, "geometry": { "type": "Point", "coordinates": [ 136.213828, 36.039028 ] } },
{ "type": "Feature", "properties": { "ID": 1833180500650, "正式名称": "こいずみデンタルクリニック", "機関区分": 3, "都道府県コード": 18, "市区町村コード": 209, "所在地": "福井県越前市松森町", "緯度": 35.881183, "経度": 136.16192, "url": "https://www.iryou.teikyouseido.mhlw.go.jp/znk-web/juminkanja/S2430/initialize?prefCd=18&kikanCd=3180500650&kikanKbn=3", "url2": null, "内容": "こいずみデンタルクリニック【3:歯科】福井県越前市松森町" }, "geometry": { "type": "Point", "coordinates": [ 136.16192, 35.881183 ] } },
{ "type": "Feature", "properties": { "ID": 1833180500700, "正式名称": "小児歯科シャノワール", "機関区分": 3, "都道府県コード": 18, "市区町村コード": 201, "所在地": "福井県福井市二の宮３丁目１６－２８", "緯度": 36.084992, "経度": 136.219564, "url": "https://www.iryou.teikyouseido.mhlw.go.jp/znk-web/juminkanja/S2430/initialize?prefCd=18&kikanCd=3180500700&kikanKbn=3", "url2": "peddent-chatnoir.com", "内容": "小児歯科シャノワール【3:歯科】福井県福井市二の宮３丁目１６－２８" }, "geometry": { "type": "Point", "coordinates": [ 136.219564, 36.084992 ] } },
{ "type": "Feature", "properties": { "ID": 1833180500820, "正式名称": "スマイル歯科クリニック", "機関区分": 3, "都道府県コード": 18, "市区町村コード": 201, "所在地": "福井県福井市中央２丁目７－１５", "緯度": 36.058964, "経度": 136.219274, "url": "https://www.iryou.teikyouseido.mhlw.go.jp/znk-web/juminkanja/S2430/initialize?prefCd=18&kikanCd=3180500820&kikanKbn=3", "url2": "http://smile-sika-fukui.jp", "内容": "スマイル歯科クリニック【3:歯科】福井県福井市中央２丁目７－１５" }, "geometry": { "type": "Point", "coordinates": [ 136.219274, 36.058964 ] } },
{ "type": "Feature", "properties": { "ID": 1833180500880, "正式名称": "たまや矯正歯科", "機関区分": 3, "都道府県コード": 18, "市区町村コード": 201, "所在地": "福井県福井市米松１丁目１１－１", "緯度": 36.066012, "経度": 136.240531, "url": "https://www.iryou.teikyouseido.mhlw.go.jp/znk-web/juminkanja/S2430/initialize?prefCd=18&kikanCd=3180500880&kikanKbn=3", "url2": "https://tamaya-o.com/", "内容": "たまや矯正歯科【3:歯科】福井県福井市米松１丁目１１－１" }, "geometry": { "type": "Point", "coordinates": [ 136.240531, 36.066012 ] } },
{ "type": "Feature", "properties": { "ID": 1833180500960, "正式名称": "うちやま歯科クリニック", "機関区分": 3, "都道府県コード": 18, "市区町村コード": 201, "所在地": "福井県福井市円山１丁目１０６", "緯度": 36.071994, "経度": 136.24507, "url": "https://www.iryou.teikyouseido.mhlw.go.jp/znk-web/juminkanja/S2430/initialize?prefCd=18&kikanCd=3180500960&kikanKbn=3", "url2": "http://nttbj.itp.ne.jp/0776975011/index.html", "内容": "うちやま歯科クリニック【3:歯科】福井県福井市円山１丁目１０６" }, "geometry": { "type": "Point", "coordinates": [ 136.24507, 36.071994 ] } },
{ "type": "Feature", "properties": { "ID": 1833180501120, "正式名称": "医療法人　せいじ矯正歯科クリニック", "機関区分": 3, "都道府県コード": 18, "市区町村コード": 209, "所在地": "福井県越前市横市町１号５番地の７", "緯度": 35.917629, "経度": 136.192792, "url": "https://www.iryou.teikyouseido.mhlw.go.jp/znk-web/juminkanja/S2430/initialize?prefCd=18&kikanCd=3180501120&kikanKbn=3", "url2": "https://seiji-kyousei.com", "内容": "医療法人　せいじ矯正歯科クリニック【3:歯科】福井県越前市横市町１号５番地の７" }, "geometry": { "type": "Point", "coordinates": [ 136.192792, 35.917629 ] } },
{ "type": "Feature", "properties": { "ID": 1833180501950, "正式名称": "愛歯科", "機関区分": 3, "都道府県コード": 18, "市区町村コード": 201, "所在地": "福井県福井市石盛１丁目１６２５番地", "緯度": 36.116122, "経度": 136.229423, "url": "https://www.iryou.teikyouseido.mhlw.go.jp/znk-web/juminkanja/S2430/initialize?prefCd=18&kikanCd=3180501950&kikanKbn=3", "url2": null, "内容": "愛歯科【3:歯科】福井県福井市石盛１丁目１６２５番地" }, "geometry": { "type": "Point", "coordinates": [ 136.229423, 36.116122 ] } },
{ "type": "Feature", "properties": { "ID": 1833180502170, "正式名称": "いわた歯科クリニック", "機関区分": 3, "都道府県コード": 18, "市区町村コード": 201, "所在地": "福井県福井市東森田４−７２５", "緯度": 36.120858, "経度": 136.252644, "url": "https://www.iryou.teikyouseido.mhlw.go.jp/znk-web/juminkanja/S2430/initialize?prefCd=18&kikanCd=3180502170&kikanKbn=3", "url2": "http://iwata-dc.com/", "内容": "いわた歯科クリニック【3:歯科】福井県福井市東森田４−７２５" }, "geometry": { "type": "Point", "coordinates": [ 136.252644, 36.120858 ] } },
{ "type": "Feature", "properties": { "ID": 1833180502180, "正式名称": "みずたに歯科クリニック", "機関区分": 3, "都道府県コード": 18, "市区町村コード": 209, "所在地": "福井県越前市長土呂町７－２０－２", "緯度": 35.917078, "経度": 136.188037, "url": "https://www.iryou.teikyouseido.mhlw.go.jp/znk-web/juminkanja/S2430/initialize?prefCd=18&kikanCd=3180502180&kikanKbn=3", "url2": "http://www.mizutani-dc.com/", "内容": "みずたに歯科クリニック【3:歯科】福井県越前市長土呂町７－２０－２" }, "geometry": { "type": "Point", "coordinates": [ 136.188037, 35.917078 ] } },
{ "type": "Feature", "properties": { "ID": 1833180502340, "正式名称": "みなみがわ松木歯科医院", "機関区分": 3, "都道府県コード": 18, "市区町村コード": 204, "所在地": "福井県小浜市南川町１６ー１８", "緯度": 35.490704, "経度": 135.75414, "url": "https://www.iryou.teikyouseido.mhlw.go.jp/znk-web/juminkanja/S2430/initialize?prefCd=18&kikanCd=3180502340&kikanKbn=3", "url2": null, "内容": "みなみがわ松木歯科医院【3:歯科】福井県小浜市南川町１６ー１８" }, "geometry": { "type": "Point", "coordinates": [ 135.75414, 35.490704 ] } },
{ "type": "Feature", "properties": { "ID": 1833180502370, "正式名称": "歯科診療所ななクリニック", "機関区分": 3, "都道府県コード": 18, "市区町村コード": 202, "所在地": "福井県敦賀市開町３－３５", "緯度": 35.648137, "経度": 136.068412, "url": "https://www.iryou.teikyouseido.mhlw.go.jp/znk-web/juminkanja/S2430/initialize?prefCd=18&kikanCd=3180502370&kikanKbn=3", "url2": "https://kjinkai.jp/nanaclinic/", "内容": "歯科診療所ななクリニック【3:歯科】福井県敦賀市開町３－３５" }, "geometry": { "type": "Point", "coordinates": [ 136.068412, 35.648137 ] } },
{ "type": "Feature", "properties": { "ID": 1833180502400, "正式名称": "おひさま歯科クリニック", "機関区分": 3, "都道府県コード": 18, "市区町村コード": 201, "所在地": "福井県福井市高木町５６－１３－６", "緯度": 36.097708, "経度": 136.228957, "url": "https://www.iryou.teikyouseido.mhlw.go.jp/znk-web/juminkanja/S2430/initialize?prefCd=18&kikanCd=3180502400&kikanKbn=3", "url2": "http://ohisama.cihp2.jp/", "内容": "おひさま歯科クリニック【3:歯科】福井県福井市高木町５６－１３－６" }, "geometry": { "type": "Point", "coordinates": [ 136.228957, 36.097708 ] } },
{ "type": "Feature", "properties": { "ID": 1833180502530, "正式名称": "医療法人健明会　村上歯科医院", "機関区分": 3, "都道府県コード": 18, "市区町村コード": 201, "所在地": "福井県福井市文京６－２５－２５", "緯度": 36.076983, "経度": 136.200181, "url": "https://www.iryou.teikyouseido.mhlw.go.jp/znk-web/juminkanja/S2430/initialize?prefCd=18&kikanCd=3180502530&kikanKbn=3", "url2": "https://murakami-d-c.jp/", "内容": "医療法人健明会　村上歯科医院【3:歯科】福井県福井市文京６－２５－２５" }, "geometry": { "type": "Point", "coordinates": [ 136.200181, 36.076983 ] } },
{ "type": "Feature", "properties": { "ID": 1833180502570, "正式名称": "澤井　歯科医院", "機関区分": 3, "都道府県コード": 18, "市区町村コード": 208, "所在地": "福井県あわら市春宮２丁目５－３３", "緯度": 36.065178, "経度": 136.221527, "url": "https://www.iryou.teikyouseido.mhlw.go.jp/znk-web/juminkanja/S2430/initialize?prefCd=18&kikanCd=3180502570&kikanKbn=3", "url2": null, "内容": "澤井　歯科医院【3:歯科】福井県あわら市春宮２丁目５－３３" }, "geometry": { "type": "Point", "coordinates": [ 136.221527, 36.065178 ] } },
{ "type": "Feature", "properties": { "ID": 1833180502580, "正式名称": "はつせがわ歯科医院", "機関区分": 3, "都道府県コード": 18, "市区町村コード": 210, "所在地": "福井県坂井市春江町江留上中央１－３３", "緯度": 36.123929, "経度": 136.225828, "url": "https://www.iryou.teikyouseido.mhlw.go.jp/znk-web/juminkanja/S2430/initialize?prefCd=18&kikanCd=3180502580&kikanKbn=3", "url2": "www.hatsusegawa.info", "内容": "はつせがわ歯科医院【3:歯科】福井県坂井市春江町江留上中央１－３３" }, "geometry": { "type": "Point", "coordinates": [ 136.225828, 36.123929 ] } },
{ "type": "Feature", "properties": { "ID": 1833180502650, "正式名称": "すがや歯科クリニック", "機関区分": 3, "都道府県コード": 18, "市区町村コード": 201, "所在地": "福井県福井市菅谷町１０－２－２６", "緯度": 36.074833, "経度": 136.191209, "url": "https://www.iryou.teikyouseido.mhlw.go.jp/znk-web/juminkanja/S2430/initialize?prefCd=18&kikanCd=3180502650&kikanKbn=3", "url2": "http://sugayadental.jp/", "内容": "すがや歯科クリニック【3:歯科】福井県福井市菅谷町１０－２－２６" }, "geometry": { "type": "Point", "coordinates": [ 136.191209, 36.074833 ] } },
{ "type": "Feature", "properties": { "ID": 1833180502770, "正式名称": "医療法人いちかわ歯科クリニック", "機関区分": 3, "都道府県コード": 18, "市区町村コード": 210, "所在地": "福井県坂井市春江町江留上錦６０の２", "緯度": 36.122192, "経度": 136.21931, "url": "https://www.iryou.teikyouseido.mhlw.go.jp/znk-web/juminkanja/S2430/initialize?prefCd=18&kikanCd=3180502770&kikanKbn=3", "url2": null, "内容": "医療法人いちかわ歯科クリニック【3:歯科】福井県坂井市春江町江留上錦６０の２" }, "geometry": { "type": "Point", "coordinates": [ 136.21931, 36.122192 ] } },
{ "type": "Feature", "properties": { "ID": 1833180502940, "正式名称": "ひかり歯科", "機関区分": 3, "都道府県コード": 18, "市区町村コード": 204, "所在地": "福井県小浜市千種１丁目１１－１６", "緯度": 35.498841, "経度": 135.748042, "url": "https://www.iryou.teikyouseido.mhlw.go.jp/znk-web/juminkanja/S2430/initialize?prefCd=18&kikanCd=3180502940&kikanKbn=3", "url2": "https://www.hikaridentalobama.com/", "内容": "ひかり歯科【3:歯科】福井県小浜市千種１丁目１１－１６" }, "geometry": { "type": "Point", "coordinates": [ 135.748042, 35.498841 ] } },
{ "type": "Feature", "properties": { "ID": 1833180503040, "正式名称": "医療法人ゆう歯科クリニック", "機関区分": 3, "都道府県コード": 18, "市区町村コード": 207, "所在地": "福井県鯖江市水落町２丁目２９０６番地", "緯度": 35.964556, "経度": 136.185948, "url": "https://www.iryou.teikyouseido.mhlw.go.jp/znk-web/juminkanja/S2430/initialize?prefCd=18&kikanCd=3180503040&kikanKbn=3", "url2": null, "内容": "医療法人ゆう歯科クリニック【3:歯科】福井県鯖江市水落町２丁目２９０６番地" }, "geometry": { "type": "Point", "coordinates": [ 136.185948, 35.964556 ] } },
{ "type": "Feature", "properties": { "ID": 1833180503050, "正式名称": "医療法人　駅前野村歯科医院", "機関区分": 3, "都道府県コード": 18, "市区町村コード": 204, "所在地": "福井県小浜市駅前町２番２号", "緯度": 35.49223, "経度": 135.745158, "url": "https://www.iryou.teikyouseido.mhlw.go.jp/znk-web/juminkanja/S2430/initialize?prefCd=18&kikanCd=3180503050&kikanKbn=3", "url2": null, "内容": "医療法人　駅前野村歯科医院【3:歯科】福井県小浜市駅前町２番２号" }, "geometry": { "type": "Point", "coordinates": [ 135.745158, 35.49223 ] } },
{ "type": "Feature", "properties": { "ID": 1833180503160, "正式名称": "でぐち歯科クリニック", "機関区分": 3, "都道府県コード": 18, "市区町村コード": 207, "所在地": "福井県鯖江市神明町１－５０２－２", "緯度": 35.971747, "経度": 136.180978, "url": "https://www.iryou.teikyouseido.mhlw.go.jp/znk-web/juminkanja/S2430/initialize?prefCd=18&kikanCd=3180503160&kikanKbn=3", "url2": null, "内容": "でぐち歯科クリニック【3:歯科】福井県鯖江市神明町１－５０２－２" }, "geometry": { "type": "Point", "coordinates": [ 136.180978, 35.971747 ] } },
{ "type": "Feature", "properties": { "ID": 1833180503190, "正式名称": "めぐみ歯科クリニック", "機関区分": 3, "都道府県コード": 18, "市区町村コード": 209, "所在地": "福井県越前市本保町２４－２６－１", "緯度": 35.925102, "経度": 136.159898, "url": "https://www.iryou.teikyouseido.mhlw.go.jp/znk-web/juminkanja/S2430/initialize?prefCd=18&kikanCd=3180503190&kikanKbn=3", "url2": "https://www.megumi.page", "内容": "めぐみ歯科クリニック【3:歯科】福井県越前市本保町２４－２６－１" }, "geometry": { "type": "Point", "coordinates": [ 136.159898, 35.925102 ] } },
{ "type": "Feature", "properties": { "ID": 1833180503320, "正式名称": "ふじい歯科クリニック", "機関区分": 3, "都道府県コード": 18, "市区町村コード": 210, "所在地": "福井県坂井市丸岡町東陽２丁目４４－１", "緯度": 36.149869, "経度": 136.275464, "url": "https://www.iryou.teikyouseido.mhlw.go.jp/znk-web/juminkanja/S2430/initialize?prefCd=18&kikanCd=3180503320&kikanKbn=3", "url2": "https://fujii-d.com/", "内容": "ふじい歯科クリニック【3:歯科】福井県坂井市丸岡町東陽２丁目４４－１" }, "geometry": { "type": "Point", "coordinates": [ 136.275464, 36.149869 ] } },
{ "type": "Feature", "properties": { "ID": 1833180503480, "正式名称": "はるえ東ファミリー歯科", "機関区分": 3, "都道府県コード": 18, "市区町村コード": 210, "所在地": "福井県坂井市春江町中筋１００－４７－１", "緯度": 36.128463, "経度": 136.237202, "url": "https://www.iryou.teikyouseido.mhlw.go.jp/znk-web/juminkanja/S2430/initialize?prefCd=18&kikanCd=3180503480&kikanKbn=3", "url2": "https://www.harue-east-dc.com/", "内容": "はるえ東ファミリー歯科【3:歯科】福井県坂井市春江町中筋１００－４７－１" }, "geometry": { "type": "Point", "coordinates": [ 136.237202, 36.128463 ] } },
{ "type": "Feature", "properties": { "ID": 1833180503510, "正式名称": "髙垣歯科", "機関区分": 3, "都道府県コード": 18, "市区町村コード": 201, "所在地": "福井県福井市大宮３丁目３０－２７", "緯度": 36.082752, "経度": 136.213734, "url": "https://www.iryou.teikyouseido.mhlw.go.jp/znk-web/juminkanja/S2430/initialize?prefCd=18&kikanCd=3180503510&kikanKbn=3", "url2": "https://takagaki-shika.com/", "内容": "髙垣歯科【3:歯科】福井県福井市大宮３丁目３０－２７" }, "geometry": { "type": "Point", "coordinates": [ 136.213734, 36.082752 ] } },
{ "type": "Feature", "properties": { "ID": 1833180503550, "正式名称": "福田歯科", "機関区分": 3, "都道府県コード": 18, "市区町村コード": 207, "所在地": "福井県鯖江市本町４丁目２－５", "緯度": 35.949738, "経度": 136.185945, "url": "https://www.iryou.teikyouseido.mhlw.go.jp/znk-web/juminkanja/S2430/initialize?prefCd=18&kikanCd=3180503550&kikanKbn=3", "url2": null, "内容": "福田歯科【3:歯科】福井県鯖江市本町４丁目２－５" }, "geometry": { "type": "Point", "coordinates": [ 136.185945, 35.949738 ] } },
{ "type": "Feature", "properties": { "ID": 1833180503570, "正式名称": "医療法人　前川歯科医院", "機関区分": 3, "都道府県コード": 18, "市区町村コード": 201, "所在地": "福井県福井市城東４丁目３－１７", "緯度": 36.057644, "経度": 136.235235, "url": "https://www.iryou.teikyouseido.mhlw.go.jp/znk-web/juminkanja/S2430/initialize?prefCd=18&kikanCd=3180503570&kikanKbn=3", "url2": "mae-dc.com", "内容": "医療法人　前川歯科医院【3:歯科】福井県福井市城東４丁目３－１７" }, "geometry": { "type": "Point", "coordinates": [ 136.235235, 36.057644 ] } },
{ "type": "Feature", "properties": { "ID": 1833180503720, "正式名称": "清水歯科医院", "機関区分": 3, "都道府県コード": 18, "市区町村コード": 201, "所在地": "福井県福井市志比口３丁目１－５", "緯度": 36.071172, "経度": 136.233892, "url": "https://www.iryou.teikyouseido.mhlw.go.jp/znk-web/juminkanja/S2430/initialize?prefCd=18&kikanCd=3180503720&kikanKbn=3", "url2": null, "内容": "清水歯科医院【3:歯科】福井県福井市志比口３丁目１－５" }, "geometry": { "type": "Point", "coordinates": [ 136.233892, 36.071172 ] } },
{ "type": "Feature", "properties": { "ID": 1833180503790, "正式名称": "つじみちこ歯科", "機関区分": 3, "都道府県コード": 18, "市区町村コード": 210, "所在地": "福井県坂井市三国町中央２丁目１－４１", "緯度": 36.065178, "経度": 136.221527, "url": "https://www.iryou.teikyouseido.mhlw.go.jp/znk-web/juminkanja/S2430/initialize?prefCd=18&kikanCd=3180503790&kikanKbn=3", "url2": "https://www.tsujimichikodental.net", "内容": "つじみちこ歯科【3:歯科】福井県坂井市三国町中央２丁目１－４１" }, "geometry": { "type": "Point", "coordinates": [ 136.221527, 36.065178 ] } },
{ "type": "Feature", "properties": { "ID": 1833180503820, "正式名称": "野村歯科医院", "機関区分": 3, "都道府県コード": 18, "市区町村コード": 204, "所在地": "福井県小浜市大手町５－１３", "緯度": 35.495968, "経度": 135.744909, "url": "https://www.iryou.teikyouseido.mhlw.go.jp/znk-web/juminkanja/S2430/initialize?prefCd=18&kikanCd=3180503820&kikanKbn=3", "url2": null, "内容": "野村歯科医院【3:歯科】福井県小浜市大手町５－１３" }, "geometry": { "type": "Point", "coordinates": [ 135.744909, 35.495968 ] } },
{ "type": "Feature", "properties": { "ID": 183318050389, "正式名称": "かたぎり歯科クリニック", "機関区分": 3, "都道府県コード": 18, "市区町村コード": 207, "所在地": "福井県鯖江市舟津町４丁目１６ー２", "緯度": 35.932287, "経度": 136.180421, "url": "https://www.iryou.teikyouseido.mhlw.go.jp/znk-web/juminkanja/S2430/initialize?prefCd=18&kikanCd=318050389&kikanKbn=3", "url2": "https://sabae-dc.com", "内容": "かたぎり歯科クリニック【3:歯科】福井県鯖江市舟津町４丁目１６ー２" }, "geometry": { "type": "Point", "coordinates": [ 136.180421, 35.932287 ] } },
{ "type": "Feature", "properties": { "ID": 1833180503890, "正式名称": "川畑矯正歯科クリニック", "機関区分": 3, "都道府県コード": 18, "市区町村コード": 207, "所在地": "福井県鯖江市有定町３丁目１２９", "緯度": 35.947697, "経度": 136.177172, "url": "https://www.iryou.teikyouseido.mhlw.go.jp/znk-web/juminkanja/S2430/initialize?prefCd=18&kikanCd=3180503890&kikanKbn=3", "url2": null, "内容": "川畑矯正歯科クリニック【3:歯科】福井県鯖江市有定町３丁目１２９" }, "geometry": { "type": "Point", "coordinates": [ 136.177172, 35.947697 ] } },
{ "type": "Feature", "properties": { "ID": 1833180503900, "正式名称": "こべ歯科医院", "機関区分": 3, "都道府県コード": 18, "市区町村コード": 207, "所在地": "福井県鯖江市新横江町１丁目１－６", "緯度": 35.942752, "経度": 136.194474, "url": "https://www.iryou.teikyouseido.mhlw.go.jp/znk-web/juminkanja/S2430/initialize?prefCd=18&kikanCd=3180503900&kikanKbn=3", "url2": "https://www.kobeshika.jp", "内容": "こべ歯科医院【3:歯科】福井県鯖江市新横江町１丁目１－６" }, "geometry": { "type": "Point", "coordinates": [ 136.194474, 35.942752 ] } },
{ "type": "Feature", "properties": { "ID": 1833180503970, "正式名称": "ふくしま歯科医院", "機関区分": 3, "都道府県コード": 18, "市区町村コード": 207, "所在地": "福井県鯖江市下河端町３－６－１１", "緯度": 35.968375, "経度": 136.187622, "url": "https://www.iryou.teikyouseido.mhlw.go.jp/znk-web/juminkanja/S2430/initialize?prefCd=18&kikanCd=3180503970&kikanKbn=3", "url2": "https://www.fukushima-shikaiin.info", "内容": "ふくしま歯科医院【3:歯科】福井県鯖江市下河端町３－６－１１" }, "geometry": { "type": "Point", "coordinates": [ 136.187622, 35.968375 ] } },
{ "type": "Feature", "properties": { "ID": 1833180504040, "正式名称": "医療法人穂高会たかはし歯科クリニック", "機関区分": 3, "都道府県コード": 18, "市区町村コード": 201, "所在地": "福井県福井市経田２丁目２０１番地", "緯度": 36.08798, "経度": 136.219285, "url": "https://www.iryou.teikyouseido.mhlw.go.jp/znk-web/juminkanja/S2430/initialize?prefCd=18&kikanCd=3180504040&kikanKbn=3", "url2": "www.takahashi-dental.info", "内容": "医療法人穂高会たかはし歯科クリニック【3:歯科】福井県福井市経田２丁目２０１番地" }, "geometry": { "type": "Point", "coordinates": [ 136.219285, 36.08798 ] } },
{ "type": "Feature", "properties": { "ID": 1833180504200, "正式名称": "さかの歯科クリニック", "機関区分": 3, "都道府県コード": 18, "市区町村コード": 208, "所在地": "福井県あわら市大溝２－３４－７", "緯度": 36.209212, "経度": 136.221072, "url": "https://www.iryou.teikyouseido.mhlw.go.jp/znk-web/juminkanja/S2430/initialize?prefCd=18&kikanCd=3180504200&kikanKbn=3", "url2": "https://sakano-shika.com", "内容": "さかの歯科クリニック【3:歯科】福井県あわら市大溝２－３４－７" }, "geometry": { "type": "Point", "coordinates": [ 136.221072, 36.209212 ] } },
{ "type": "Feature", "properties": { "ID": 1833180504220, "正式名称": "大手グリーン歯科", "機関区分": 3, "都道府県コード": 18, "市区町村コード": 201, "所在地": "福井県福井市大手２丁目３番１号　三の丸ビル１階", "緯度": 36.064267, "経度": 136.22405, "url": "https://www.iryou.teikyouseido.mhlw.go.jp/znk-web/juminkanja/S2430/initialize?prefCd=18&kikanCd=3180504220&kikanKbn=3", "url2": null, "内容": "大手グリーン歯科【3:歯科】福井県福井市大手２丁目３番１号　三の丸ビル１階" }, "geometry": { "type": "Point", "coordinates": [ 136.22405, 36.064267 ] } },
{ "type": "Feature", "properties": { "ID": 1833180504230, "正式名称": "医療法人丈久会　大下歯科医院", "機関区分": 3, "都道府県コード": 18, "市区町村コード": 204, "所在地": "福井県小浜市大手町７番３号", "緯度": 35.496446, "経度": 135.746028, "url": "https://www.iryou.teikyouseido.mhlw.go.jp/znk-web/juminkanja/S2430/initialize?prefCd=18&kikanCd=3180504230&kikanKbn=3", "url2": "ohshitaiin.com", "内容": "医療法人丈久会　大下歯科医院【3:歯科】福井県小浜市大手町７番３号" }, "geometry": { "type": "Point", "coordinates": [ 135.746028, 35.496446 ] } },
{ "type": "Feature", "properties": { "ID": 1833180504440, "正式名称": "医療法人スワン会　リノデンタルオフィス福井", "機関区分": 3, "都道府県コード": 18, "市区町村コード": 201, "所在地": "福井県福井市大手３丁目５番１０号　福井県繊協ビル２階", "緯度": 36.0632833, "経度": 136.218781, "url": "https://www.iryou.teikyouseido.mhlw.go.jp/znk-web/juminkanja/S2430/initialize?prefCd=18&kikanCd=3180504440&kikanKbn=3", "url2": "https://www.linodental-fukui.com/", "内容": "医療法人スワン会　リノデンタルオフィス福井【3:歯科】福井県福井市大手３丁目５番１０号　福井県繊協ビル２階" }, "geometry": { "type": "Point", "coordinates": [ 136.218781, 36.063283299999988 ] } },
{ "type": "Feature", "properties": { "ID": 1833180504530, "正式名称": "Ｙａｍａｍｏｔｏ　Ｄｅｎｔａｌ　Ｓｔｕｄｉｏ", "機関区分": 3, "都道府県コード": 18, "市区町村コード": 201, "所在地": "福井県福井市照手１－１０－２０", "緯度": 36.067265, "経度": 136.211105, "url": "https://www.iryou.teikyouseido.mhlw.go.jp/znk-web/juminkanja/S2430/initialize?prefCd=18&kikanCd=3180504530&kikanKbn=3", "url2": null, "内容": "Ｙａｍａｍｏｔｏ　Ｄｅｎｔａｌ　Ｓｔｕｄｉｏ【3:歯科】福井県福井市照手１－１０－２０" }, "geometry": { "type": "Point", "coordinates": [ 136.211105, 36.067265 ] } },
{ "type": "Feature", "properties": { "ID": 1833180504590, "正式名称": "医療法人　すすき歯科クリニック", "機関区分": 3, "都道府県コード": 18, "市区町村コード": 201, "所在地": "福井県福井市西谷２－２１１０", "緯度": 36.039292, "経度": 136.203073, "url": "https://www.iryou.teikyouseido.mhlw.go.jp/znk-web/juminkanja/S2430/initialize?prefCd=18&kikanCd=3180504590&kikanKbn=3", "url2": "https://www.susuki-dental-clinic.com/", "内容": "医療法人　すすき歯科クリニック【3:歯科】福井県福井市西谷２－２１１０" }, "geometry": { "type": "Point", "coordinates": [ 136.203073, 36.039292 ] } },
{ "type": "Feature", "properties": { "ID": 1833180504600, "正式名称": "ゆき歯科クリニック", "機関区分": 3, "都道府県コード": 18, "市区町村コード": 201, "所在地": "福井県福井市羽水１丁目１０２", "緯度": 36.042679, "経度": 136.227091, "url": "https://www.iryou.teikyouseido.mhlw.go.jp/znk-web/juminkanja/S2430/initialize?prefCd=18&kikanCd=3180504600&kikanKbn=3", "url2": "https://www.yukidental.com/", "内容": "ゆき歯科クリニック【3:歯科】福井県福井市羽水１丁目１０２" }, "geometry": { "type": "Point", "coordinates": [ 136.227091, 36.042679 ] } },
{ "type": "Feature", "properties": { "ID": 1833180504610, "正式名称": "かが歯科クリニック", "機関区分": 3, "都道府県コード": 18, "市区町村コード": 201, "所在地": "福井県福井市毛矢３－７－６", "緯度": 36.057611, "経度": 136.212076, "url": "https://www.iryou.teikyouseido.mhlw.go.jp/znk-web/juminkanja/S2430/initialize?prefCd=18&kikanCd=3180504610&kikanKbn=3", "url2": null, "内容": "かが歯科クリニック【3:歯科】福井県福井市毛矢３－７－６" }, "geometry": { "type": "Point", "coordinates": [ 136.212076, 36.057611 ] } },
{ "type": "Feature", "properties": { "ID": 1833180504960, "正式名称": "あずま歯科医院", "機関区分": 3, "都道府県コード": 18, "市区町村コード": 322, "所在地": "福井県吉田郡永平寺町松岡御公領９０４", "緯度": 36.107573, "経度": 136.292868, "url": "https://www.iryou.teikyouseido.mhlw.go.jp/znk-web/juminkanja/S2430/initialize?prefCd=18&kikanCd=3180504960&kikanKbn=3", "url2": "http://www.azuma-shika.JP", "内容": "あずま歯科医院【3:歯科】福井県吉田郡永平寺町松岡御公領９０４" }, "geometry": { "type": "Point", "coordinates": [ 136.292868, 36.107573 ] } },
{ "type": "Feature", "properties": { "ID": 1833180505050, "正式名称": "ほそい歯科矯正クリニック", "機関区分": 3, "都道府県コード": 18, "市区町村コード": 207, "所在地": "福井県鯖江市旭町３ー６ー１６", "緯度": 35.947765, "経度": 136.186299, "url": "https://www.iryou.teikyouseido.mhlw.go.jp/znk-web/juminkanja/S2430/initialize?prefCd=18&kikanCd=3180505050&kikanKbn=3", "url2": "https://hosoi-kyousei.com/", "内容": "ほそい歯科矯正クリニック【3:歯科】福井県鯖江市旭町３ー６ー１６" }, "geometry": { "type": "Point", "coordinates": [ 136.186299, 35.947765 ] } },
{ "type": "Feature", "properties": { "ID": 1833180505200, "正式名称": "津谷歯科医院", "機関区分": 3, "都道府県コード": 18, "市区町村コード": 208, "所在地": "福井県あわら市市姫２－２７－２７", "緯度": 36.214283, "経度": 136.231039, "url": "https://www.iryou.teikyouseido.mhlw.go.jp/znk-web/juminkanja/S2430/initialize?prefCd=18&kikanCd=3180505200&kikanKbn=3", "url2": null, "内容": "津谷歯科医院【3:歯科】福井県あわら市市姫２－２７－２７" }, "geometry": { "type": "Point", "coordinates": [ 136.231039, 36.214283 ] } },
{ "type": "Feature", "properties": { "ID": 1833181000010, "正式名称": "ノムデンタルクリニック", "機関区分": 3, "都道府県コード": 18, "市区町村コード": 201, "所在地": "福井県福井市飯塚町３０－２３", "緯度": 36.064283, "経度": 136.184375, "url": "https://www.iryou.teikyouseido.mhlw.go.jp/znk-web/juminkanja/S2430/initialize?prefCd=18&kikanCd=3181000010&kikanKbn=3", "url2": null, "内容": "ノムデンタルクリニック【3:歯科】福井県福井市飯塚町３０－２３" }, "geometry": { "type": "Point", "coordinates": [ 136.184375, 36.064283 ] } },
{ "type": "Feature", "properties": { "ID": 1833181000020, "正式名称": "内山歯科医院", "機関区分": 3, "都道府県コード": 18, "市区町村コード": 322, "所在地": "福井県吉田郡永平寺町東古市１－２－１", "緯度": 36.0957, "経度": 136.326319, "url": "https://www.iryou.teikyouseido.mhlw.go.jp/znk-web/juminkanja/S2430/initialize?prefCd=18&kikanCd=3181000020&kikanKbn=3", "url2": null, "内容": "内山歯科医院【3:歯科】福井県吉田郡永平寺町東古市１－２－１" }, "geometry": { "type": "Point", "coordinates": [ 136.326319, 36.0957 ] } },
{ "type": "Feature", "properties": { "ID": 1833181000030, "正式名称": "よしだ歯科クリニック", "機関区分": 3, "都道府県コード": 18, "市区町村コード": 201, "所在地": "福井県福井市八ツ島町３１－４０６－４", "緯度": 36.082478, "経度": 136.201931, "url": "https://www.iryou.teikyouseido.mhlw.go.jp/znk-web/juminkanja/S2430/initialize?prefCd=18&kikanCd=3181000030&kikanKbn=3", "url2": null, "内容": "よしだ歯科クリニック【3:歯科】福井県福井市八ツ島町３１－４０６－４" }, "geometry": { "type": "Point", "coordinates": [ 136.201931, 36.082478 ] } },
{ "type": "Feature", "properties": { "ID": 1833181000040, "正式名称": "医療法人　はまだ歯科クリニック", "機関区分": 3, "都道府県コード": 18, "市区町村コード": 201, "所在地": "福井県福井市八重巻町２０７", "緯度": 36.115339, "経度": 136.222181, "url": "https://www.iryou.teikyouseido.mhlw.go.jp/znk-web/juminkanja/S2430/initialize?prefCd=18&kikanCd=3181000040&kikanKbn=3", "url2": null, "内容": "医療法人　はまだ歯科クリニック【3:歯科】福井県福井市八重巻町２０７" }, "geometry": { "type": "Point", "coordinates": [ 136.222181, 36.115339 ] } },
{ "type": "Feature", "properties": { "ID": 1833181000050, "正式名称": "オカダ歯科医院", "機関区分": 3, "都道府県コード": 18, "市区町村コード": 201, "所在地": "福井県福井市日之出５ー６－１", "緯度": 36.065506, "経度": 136.231458, "url": "https://www.iryou.teikyouseido.mhlw.go.jp/znk-web/juminkanja/S2430/initialize?prefCd=18&kikanCd=3181000050&kikanKbn=3", "url2": "http://www.okadasika.net", "内容": "オカダ歯科医院【3:歯科】福井県福井市日之出５ー６－１" }, "geometry": { "type": "Point", "coordinates": [ 136.231458, 36.065506 ] } },
{ "type": "Feature", "properties": { "ID": 1833181000060, "正式名称": "医療法人　そら歯科医院", "機関区分": 3, "都道府県コード": 18, "市区町村コード": 201, "所在地": "福井県福井市高柳３－３５０７", "緯度": 36.098617, "経度": 136.239958, "url": "https://www.iryou.teikyouseido.mhlw.go.jp/znk-web/juminkanja/S2430/initialize?prefCd=18&kikanCd=3181000060&kikanKbn=3", "url2": "http://www.sora-dc.com/", "内容": "医療法人　そら歯科医院【3:歯科】福井県福井市高柳３－３５０７" }, "geometry": { "type": "Point", "coordinates": [ 136.239958, 36.098617 ] } },
{ "type": "Feature", "properties": { "ID": 1833181000070, "正式名称": "あおば歯科", "機関区分": 3, "都道府県コード": 18, "市区町村コード": 201, "所在地": "福井県福井市みのり３－２－２１", "緯度": 36.052339, "経度": 136.209514, "url": "https://www.iryou.teikyouseido.mhlw.go.jp/znk-web/juminkanja/S2430/initialize?prefCd=18&kikanCd=3181000070&kikanKbn=3", "url2": "http://www.aoba-sika.com", "内容": "あおば歯科【3:歯科】福井県福井市みのり３－２－２１" }, "geometry": { "type": "Point", "coordinates": [ 136.209514, 36.052339 ] } },
{ "type": "Feature", "properties": { "ID": 1833181000080, "正式名称": "医療法人島矯正歯科", "機関区分": 3, "都道府県コード": 18, "市区町村コード": 201, "所在地": "福井県福井市中央１ー２１－２２", "緯度": 36.060311, "経度": 136.219125, "url": "https://www.iryou.teikyouseido.mhlw.go.jp/znk-web/juminkanja/S2430/initialize?prefCd=18&kikanCd=3181000080&kikanKbn=3", "url2": "http://shima-ortho.com", "内容": "医療法人島矯正歯科【3:歯科】福井県福井市中央１ー２１－２２" }, "geometry": { "type": "Point", "coordinates": [ 136.219125, 36.060311 ] } },
{ "type": "Feature", "properties": { "ID": 1833181000090, "正式名称": "ヒロ歯科クリニック", "機関区分": 3, "都道府県コード": 18, "市区町村コード": 201, "所在地": "福井県福井市文京２丁目１７－１", "緯度": 36.079783, "経度": 136.220986, "url": "https://www.iryou.teikyouseido.mhlw.go.jp/znk-web/juminkanja/S2430/initialize?prefCd=18&kikanCd=3181000090&kikanKbn=3", "url2": null, "内容": "ヒロ歯科クリニック【3:歯科】福井県福井市文京２丁目１７－１" }, "geometry": { "type": "Point", "coordinates": [ 136.220986, 36.079783 ] } },
{ "type": "Feature", "properties": { "ID": 1833181000100, "正式名称": "村井歯科", "機関区分": 3, "都道府県コード": 18, "市区町村コード": 201, "所在地": "福井県福井市蓑町１６字大道ノ上１２５番", "緯度": 36.127006, "経度": 136.062208, "url": "https://www.iryou.teikyouseido.mhlw.go.jp/znk-web/juminkanja/S2430/initialize?prefCd=18&kikanCd=3181000100&kikanKbn=3", "url2": null, "内容": "村井歯科【3:歯科】福井県福井市蓑町１６字大道ノ上１２５番" }, "geometry": { "type": "Point", "coordinates": [ 136.062208, 36.127006 ] } },
{ "type": "Feature", "properties": { "ID": 1833181000110, "正式名称": "畑歯科医院", "機関区分": 3, "都道府県コード": 18, "市区町村コード": 210, "所在地": "福井県坂井市三国町北本町四丁目１－１３", "緯度": 36.214756, "経度": 136.149125, "url": "https://www.iryou.teikyouseido.mhlw.go.jp/znk-web/juminkanja/S2430/initialize?prefCd=18&kikanCd=3181000110&kikanKbn=3", "url2": null, "内容": "畑歯科医院【3:歯科】福井県坂井市三国町北本町四丁目１－１３" }, "geometry": { "type": "Point", "coordinates": [ 136.149125, 36.214756 ] } },
{ "type": "Feature", "properties": { "ID": 1833181000120, "正式名称": "まめだ歯科医院", "機関区分": 3, "都道府県コード": 18, "市区町村コード": 210, "所在地": "福井県坂井市春江町為国２２－６－３８", "緯度": 36.13395, "経度": 136.226125, "url": "https://www.iryou.teikyouseido.mhlw.go.jp/znk-web/juminkanja/S2430/initialize?prefCd=18&kikanCd=3181000120&kikanKbn=3", "url2": null, "内容": "まめだ歯科医院【3:歯科】福井県坂井市春江町為国２２－６－３８" }, "geometry": { "type": "Point", "coordinates": [ 136.226125, 36.13395 ] } },
{ "type": "Feature", "properties": { "ID": 1833181000130, "正式名称": "吉政歯科・矯正歯科クリニック", "機関区分": 3, "都道府県コード": 18, "市区町村コード": 210, "所在地": "福井県坂井市丸岡町吉政８－８－３１", "緯度": 36.137311, "経度": 136.258819, "url": "https://www.iryou.teikyouseido.mhlw.go.jp/znk-web/juminkanja/S2430/initialize?prefCd=18&kikanCd=3181000130&kikanKbn=3", "url2": "http://www.yoshimasa-dc.com/", "内容": "吉政歯科・矯正歯科クリニック【3:歯科】福井県坂井市丸岡町吉政８－８－３１" }, "geometry": { "type": "Point", "coordinates": [ 136.258819, 36.137311 ] } },
{ "type": "Feature", "properties": { "ID": 1833181000140, "正式名称": "医療法人社団　本堂歯科", "機関区分": 3, "都道府県コード": 18, "市区町村コード": 210, "所在地": "福井県坂井市三国町三国東７丁目２－１４", "緯度": 36.213969, "経度": 136.158286, "url": "https://www.iryou.teikyouseido.mhlw.go.jp/znk-web/juminkanja/S2430/initialize?prefCd=18&kikanCd=3181000140&kikanKbn=3", "url2": "http://www.hondou-dental.jp", "内容": "医療法人社団　本堂歯科【3:歯科】福井県坂井市三国町三国東７丁目２－１４" }, "geometry": { "type": "Point", "coordinates": [ 136.158286, 36.213969 ] } },
{ "type": "Feature", "properties": { "ID": 1833181000150, "正式名称": "竹内歯科医院", "機関区分": 3, "都道府県コード": 18, "市区町村コード": 207, "所在地": "福井県鯖江市下野田町１５－５－１４", "緯度": 35.948283, "経度": 136.153181, "url": "https://www.iryou.teikyouseido.mhlw.go.jp/znk-web/juminkanja/S2430/initialize?prefCd=18&kikanCd=3181000150&kikanKbn=3", "url2": null, "内容": "竹内歯科医院【3:歯科】福井県鯖江市下野田町１５－５－１４" }, "geometry": { "type": "Point", "coordinates": [ 136.153181, 35.948283 ] } },
{ "type": "Feature", "properties": { "ID": 1833181000160, "正式名称": "ひまわり歯科クリニック", "機関区分": 3, "都道府県コード": 18, "市区町村コード": 207, "所在地": "福井県鯖江市小黒町２－１０－１", "緯度": 35.953089, "経度": 136.175125, "url": "https://www.iryou.teikyouseido.mhlw.go.jp/znk-web/juminkanja/S2430/initialize?prefCd=18&kikanCd=3181000160&kikanKbn=3", "url2": "https://himawari1181.com/", "内容": "ひまわり歯科クリニック【3:歯科】福井県鯖江市小黒町２－１０－１" }, "geometry": { "type": "Point", "coordinates": [ 136.175125, 35.953089 ] } },
{ "type": "Feature", "properties": { "ID": 1833181000170, "正式名称": "わきた歯科", "機関区分": 3, "都道府県コード": 18, "市区町村コード": 209, "所在地": "福井県越前市千福町１２７", "緯度": 35.892256, "経度": 136.155347, "url": "https://www.iryou.teikyouseido.mhlw.go.jp/znk-web/juminkanja/S2430/initialize?prefCd=18&kikanCd=3181000170&kikanKbn=3", "url2": null, "内容": "わきた歯科【3:歯科】福井県越前市千福町１２７" }, "geometry": { "type": "Point", "coordinates": [ 136.155347, 35.892256 ] } },
{ "type": "Feature", "properties": { "ID": 1833181000190, "正式名称": "けい歯科医院", "機関区分": 3, "都道府県コード": 18, "市区町村コード": 209, "所在地": "福井県越前市上太田町４９－７－２", "緯度": 35.901367, "経度": 136.148347, "url": "https://www.iryou.teikyouseido.mhlw.go.jp/znk-web/juminkanja/S2430/initialize?prefCd=18&kikanCd=3181000190&kikanKbn=3", "url2": "http://www.keishika.jp", "内容": "けい歯科医院【3:歯科】福井県越前市上太田町４９－７－２" }, "geometry": { "type": "Point", "coordinates": [ 136.148347, 35.901367 ] } },
{ "type": "Feature", "properties": { "ID": 1833181000200, "正式名称": "岩堀歯科クリニック", "機関区分": 3, "都道府県コード": 18, "市区町村コード": 209, "所在地": "福井県越前市平和町９－３", "緯度": 35.898339, "経度": 136.163653, "url": "https://www.iryou.teikyouseido.mhlw.go.jp/znk-web/juminkanja/S2430/initialize?prefCd=18&kikanCd=3181000200&kikanKbn=3", "url2": "http://ninjahp.com/hp/172_dental/index.html", "内容": "岩堀歯科クリニック【3:歯科】福井県越前市平和町９－３" }, "geometry": { "type": "Point", "coordinates": [ 136.163653, 35.898339 ] } },
{ "type": "Feature", "properties": { "ID": 1833181000210, "正式名称": "国立研究開発法人日本原子力研究開発機構　新型転換炉原型炉ふげん　歯科診療所", "機関区分": 3, "都道府県コード": 18, "市区町村コード": 202, "所在地": "福井県敦賀市明神町３番地", "緯度": 35.746839, "経度": 136.021542, "url": "https://www.iryou.teikyouseido.mhlw.go.jp/znk-web/juminkanja/S2430/initialize?prefCd=18&kikanCd=3181000210&kikanKbn=3", "url2": null, "内容": "国立研究開発法人日本原子力研究開発機構　新型転換炉原型炉ふげん　歯科診療所【3:歯科】福井県敦賀市明神町３番地" }, "geometry": { "type": "Point", "coordinates": [ 136.021542, 35.746839 ] } },
{ "type": "Feature", "properties": { "ID": 1833181000220, "正式名称": "こうじたに歯科", "機関区分": 3, "都道府県コード": 18, "市区町村コード": 202, "所在地": "福井県敦賀市古田刈６８－１３０７", "緯度": 35.628728, "経度": 136.063486, "url": "https://www.iryou.teikyouseido.mhlw.go.jp/znk-web/juminkanja/S2430/initialize?prefCd=18&kikanCd=3181000220&kikanKbn=3", "url2": null, "内容": "こうじたに歯科【3:歯科】福井県敦賀市古田刈６８－１３０７" }, "geometry": { "type": "Point", "coordinates": [ 136.063486, 35.628728 ] } },
{ "type": "Feature", "properties": { "ID": 1833181000230, "正式名称": "多田歯科クリニック", "機関区分": 3, "都道府県コード": 18, "市区町村コード": 202, "所在地": "福井県敦賀市公文名２５号１２番の２", "緯度": 35.621311, "経度": 136.050375, "url": "https://www.iryou.teikyouseido.mhlw.go.jp/znk-web/juminkanja/S2430/initialize?prefCd=18&kikanCd=3181000230&kikanKbn=3", "url2": "http://www.tada-dent.com", "内容": "多田歯科クリニック【3:歯科】福井県敦賀市公文名２５号１２番の２" }, "geometry": { "type": "Point", "coordinates": [ 136.050375, 35.621311 ] } },
{ "type": "Feature", "properties": { "ID": 1833181000260, "正式名称": "丸田歯科", "機関区分": 3, "都道府県コード": 18, "市区町村コード": 201, "所在地": "福井県福井市北四ツ居１丁目３４ー２１", "緯度": 36.065061, "経度": 136.248375, "url": "https://www.iryou.teikyouseido.mhlw.go.jp/znk-web/juminkanja/S2430/initialize?prefCd=18&kikanCd=3181000260&kikanKbn=3", "url2": null, "内容": "丸田歯科【3:歯科】福井県福井市北四ツ居１丁目３４ー２１" }, "geometry": { "type": "Point", "coordinates": [ 136.248375, 36.065061 ] } },
{ "type": "Feature", "properties": { "ID": 1833181000280, "正式名称": "かつら歯科クリニック", "機関区分": 3, "都道府県コード": 18, "市区町村コード": 208, "所在地": "福井県あわら市大溝１丁目５－１０", "緯度": 36.212756, "経度": 136.223236, "url": "https://www.iryou.teikyouseido.mhlw.go.jp/znk-web/juminkanja/S2430/initialize?prefCd=18&kikanCd=3181000280&kikanKbn=3", "url2": "www.katsura-dc.com/", "内容": "かつら歯科クリニック【3:歯科】福井県あわら市大溝１丁目５－１０" }, "geometry": { "type": "Point", "coordinates": [ 136.223236, 36.212756 ] } },
{ "type": "Feature", "properties": { "ID": 1833181000290, "正式名称": "平崎歯科", "機関区分": 3, "都道府県コード": 18, "市区町村コード": 201, "所在地": "福井県福井市大手３丁目１－１システム大手ビル２Ｆ", "緯度": 36.062741, "経度": 136.221157, "url": "https://www.iryou.teikyouseido.mhlw.go.jp/znk-web/juminkanja/S2430/initialize?prefCd=18&kikanCd=3181000290&kikanKbn=3", "url2": "http://www.hirasaki.jp", "内容": "平崎歯科【3:歯科】福井県福井市大手３丁目１－１システム大手ビル２Ｆ" }, "geometry": { "type": "Point", "coordinates": [ 136.221157, 36.062741 ] } },
{ "type": "Feature", "properties": { "ID": 1833181000300, "正式名称": "うさみ歯科医院", "機関区分": 3, "都道府県コード": 18, "市区町村コード": 201, "所在地": "福井県福井市新保北１丁目３０３番地ワイプラザグルメ館内１階", "緯度": 36.085816, "経度": 136.250817, "url": "https://www.iryou.teikyouseido.mhlw.go.jp/znk-web/juminkanja/S2430/initialize?prefCd=18&kikanCd=3181000300&kikanKbn=3", "url2": "http://usamisika.com/", "内容": "うさみ歯科医院【3:歯科】福井県福井市新保北１丁目３０３番地ワイプラザグルメ館内１階" }, "geometry": { "type": "Point", "coordinates": [ 136.250817, 36.085816 ] } },
{ "type": "Feature", "properties": { "ID": 1833181000310, "正式名称": "なかむら歯科クリニック", "機関区分": 3, "都道府県コード": 18, "市区町村コード": 201, "所在地": "福井県福井市和田東２丁目１５２８", "緯度": 36.051356, "経度": 136.250045, "url": "https://www.iryou.teikyouseido.mhlw.go.jp/znk-web/juminkanja/S2430/initialize?prefCd=18&kikanCd=3181000310&kikanKbn=3", "url2": null, "内容": "なかむら歯科クリニック【3:歯科】福井県福井市和田東２丁目１５２８" }, "geometry": { "type": "Point", "coordinates": [ 136.250045, 36.051356 ] } },
{ "type": "Feature", "properties": { "ID": 1833181000320, "正式名称": "学園デンタルオフィス", "機関区分": 3, "都道府県コード": 18, "市区町村コード": 201, "所在地": "福井県福井市学園１－１－２０", "緯度": 36.071033, "経度": 136.202375, "url": "https://www.iryou.teikyouseido.mhlw.go.jp/znk-web/juminkanja/S2430/initialize?prefCd=18&kikanCd=3181000320&kikanKbn=3", "url2": null, "内容": "学園デンタルオフィス【3:歯科】福井県福井市学園１－１－２０" }, "geometry": { "type": "Point", "coordinates": [ 136.202375, 36.071033 ] } },
{ "type": "Feature", "properties": { "ID": 1833181000330, "正式名称": "長内歯科クリニック", "機関区分": 3, "都道府県コード": 18, "市区町村コード": 201, "所在地": "福井県福井市高木北２丁目１１０５番地５", "緯度": 36.099283, "経度": 136.232739, "url": "https://www.iryou.teikyouseido.mhlw.go.jp/znk-web/juminkanja/S2430/initialize?prefCd=18&kikanCd=3181000330&kikanKbn=3", "url2": "www.osanai-dc.com", "内容": "長内歯科クリニック【3:歯科】福井県福井市高木北２丁目１１０５番地５" }, "geometry": { "type": "Point", "coordinates": [ 136.232739, 36.099283 ] } },
{ "type": "Feature", "properties": { "ID": 1833181000340, "正式名称": "医療法人たきなみ歯科クリニック", "機関区分": 3, "都道府県コード": 18, "市区町村コード": 201, "所在地": "福井県福井市城東４丁目１３－４１", "緯度": 36.058594, "経度": 136.236916, "url": "https://www.iryou.teikyouseido.mhlw.go.jp/znk-web/juminkanja/S2430/initialize?prefCd=18&kikanCd=3181000340&kikanKbn=3", "url2": "http://takinami-dc.com", "内容": "医療法人たきなみ歯科クリニック【3:歯科】福井県福井市城東４丁目１３－４１" }, "geometry": { "type": "Point", "coordinates": [ 136.236916, 36.058594 ] } },
{ "type": "Feature", "properties": { "ID": 1833181000350, "正式名称": "わかさ歯科医院", "機関区分": 3, "都道府県コード": 18, "市区町村コード": 481, "所在地": "福井県大飯郡高浜町東三松２１－１０", "緯度": 35.488978, "経度": 135.519431, "url": "https://www.iryou.teikyouseido.mhlw.go.jp/znk-web/juminkanja/S2430/initialize?prefCd=18&kikanCd=3181000350&kikanKbn=3", "url2": "http://www.wakasa-shika.com/", "内容": "わかさ歯科医院【3:歯科】福井県大飯郡高浜町東三松２１－１０" }, "geometry": { "type": "Point", "coordinates": [ 135.519431, 35.488978 ] } },
{ "type": "Feature", "properties": { "ID": 1833181000360, "正式名称": "さかい生協歯科診療所", "機関区分": 3, "都道府県コード": 18, "市区町村コード": 210, "所在地": "福井県坂井市丸岡町南横地４－４０", "緯度": 36.124533, "経度": 136.248653, "url": "https://www.iryou.teikyouseido.mhlw.go.jp/znk-web/juminkanja/S2430/initialize?prefCd=18&kikanCd=3181000360&kikanKbn=3", "url2": "http://www.fukui-min-iren.com/sakaisika/index.html", "内容": "さかい生協歯科診療所【3:歯科】福井県坂井市丸岡町南横地４－４０" }, "geometry": { "type": "Point", "coordinates": [ 136.248653, 36.124533 ] } },
{ "type": "Feature", "properties": { "ID": 1833181000370, "正式名称": "医療法人優和会たにはた歯科クリニック", "機関区分": 3, "都道府県コード": 18, "市区町村コード": 201, "所在地": "福井県福井市下馬２丁目２３１０", "緯度": 36.039318, "経度": 136.237693, "url": "https://www.iryou.teikyouseido.mhlw.go.jp/znk-web/juminkanja/S2430/initialize?prefCd=18&kikanCd=3181000370&kikanKbn=3", "url2": "http://tanihata.info/", "内容": "医療法人優和会たにはた歯科クリニック【3:歯科】福井県福井市下馬２丁目２３１０" }, "geometry": { "type": "Point", "coordinates": [ 136.237693, 36.039318 ] } },
{ "type": "Feature", "properties": { "ID": 1833181000380, "正式名称": "竹下歯科", "機関区分": 3, "都道府県コード": 18, "市区町村コード": 201, "所在地": "福井県福井市木田２丁目２１０４", "緯度": 36.046172, "経度": 136.226403, "url": "https://www.iryou.teikyouseido.mhlw.go.jp/znk-web/juminkanja/S2430/initialize?prefCd=18&kikanCd=3181000380&kikanKbn=3", "url2": "http://takesita-sika.com/", "内容": "竹下歯科【3:歯科】福井県福井市木田２丁目２１０４" }, "geometry": { "type": "Point", "coordinates": [ 136.226403, 36.046172 ] } },
{ "type": "Feature", "properties": { "ID": 1833181000390, "正式名称": "ふなばし歯科クリニック", "機関区分": 3, "都道府県コード": 18, "市区町村コード": 201, "所在地": "福井県福井市舟橋黒竜２丁目４２０番地", "緯度": 36.099439, "経度": 136.213036, "url": "https://www.iryou.teikyouseido.mhlw.go.jp/znk-web/juminkanja/S2430/initialize?prefCd=18&kikanCd=3181000390&kikanKbn=3", "url2": "http://www.funabashi-dental.com", "内容": "ふなばし歯科クリニック【3:歯科】福井県福井市舟橋黒竜２丁目４２０番地" }, "geometry": { "type": "Point", "coordinates": [ 136.213036, 36.099439 ] } },
{ "type": "Feature", "properties": { "ID": 1833181000400, "正式名称": "まつき歯科医院", "機関区分": 3, "都道府県コード": 18, "市区町村コード": 204, "所在地": "福井県小浜市和久里１９－１３－１", "緯度": 35.5086, "経度": 135.75205, "url": "https://www.iryou.teikyouseido.mhlw.go.jp/znk-web/juminkanja/S2430/initialize?prefCd=18&kikanCd=3181000400&kikanKbn=3", "url2": null, "内容": "まつき歯科医院【3:歯科】福井県小浜市和久里１９－１３－１" }, "geometry": { "type": "Point", "coordinates": [ 135.75205, 35.5086 ] } },
{ "type": "Feature", "properties": { "ID": 1833181024001, "正式名称": "青木歯科", "機関区分": 3, "都道府県コード": 18, "市区町村コード": 322, "所在地": "福井県吉田郡永平寺町東古市１０－２", "緯度": 36.096886, "経度": 136.328733, "url": "https://www.iryou.teikyouseido.mhlw.go.jp/znk-web/juminkanja/S2430/initialize?prefCd=18&kikanCd=3181024001&kikanKbn=3", "url2": null, "内容": "青木歯科【3:歯科】福井県吉田郡永平寺町東古市１０－２" }, "geometry": { "type": "Point", "coordinates": [ 136.328733, 36.096886 ] } },
{ "type": "Feature", "properties": { "ID": 1833184023007, "正式名称": "まえだ歯科", "機関区分": 3, "都道府県コード": 18, "市区町村コード": 207, "所在地": "福井県鯖江市東米岡２丁目１ー３", "緯度": 35.987817, "経度": 136.183183, "url": "https://www.iryou.teikyouseido.mhlw.go.jp/znk-web/juminkanja/S2430/initialize?prefCd=18&kikanCd=3184023007&kikanKbn=3", "url2": "https://www.maedashika-fukui.jp/", "内容": "まえだ歯科【3:歯科】福井県鯖江市東米岡２丁目１ー３" }, "geometry": { "type": "Point", "coordinates": [ 136.183183, 35.987817 ] } },
{ "type": "Feature", "properties": { "ID": 1833187023020, "正式名称": "医療法人くりもり大人こども歯科クリニック", "機関区分": 3, "都道府県コード": 18, "市区町村コード": 201, "所在地": "福井県福井市栗森一丁目３０５番地", "緯度": 36.117222, "経度": 136.242939, "url": "https://www.iryou.teikyouseido.mhlw.go.jp/znk-web/juminkanja/S2430/initialize?prefCd=18&kikanCd=3187023020&kikanKbn=3", "url2": "https://kurimori-dental.com/", "内容": "医療法人くりもり大人こども歯科クリニック【3:歯科】福井県福井市栗森一丁目３０５番地" }, "geometry": { "type": "Point", "coordinates": [ 136.242939, 36.117222 ] } },
{ "type": "Feature", "properties": { "ID": 1833187023030, "正式名称": "医療法人白聖会ひじりデンタルクリニック", "機関区分": 3, "都道府県コード": 18, "市区町村コード": 201, "所在地": "福井県福井市高木中央２丁目７０１", "緯度": 36.093258, "経度": 136.234165, "url": "https://www.iryou.teikyouseido.mhlw.go.jp/znk-web/juminkanja/S2430/initialize?prefCd=18&kikanCd=3187023030&kikanKbn=3", "url2": null, "内容": "医療法人白聖会ひじりデンタルクリニック【3:歯科】福井県福井市高木中央２丁目７０１" }, "geometry": { "type": "Point", "coordinates": [ 136.234165, 36.093258 ] } },
{ "type": "Feature", "properties": { "ID": 1833187025010, "正式名称": "まきの歯科クリニック", "機関区分": 3, "都道府県コード": 18, "市区町村コード": 201, "所在地": "福井県福井市天池町４２－２０－１", "緯度": 36.047036, "経度": 136.215367, "url": "https://www.iryou.teikyouseido.mhlw.go.jp/znk-web/juminkanja/S2430/initialize?prefCd=18&kikanCd=3187025010&kikanKbn=3", "url2": null, "内容": "まきの歯科クリニック【3:歯科】福井県福井市天池町４２－２０－１" }, "geometry": { "type": "Point", "coordinates": [ 136.215367, 36.047036 ] } }
]
}
