{
"type": "FeatureCollection",
"name": "geo_18_5",
"crs": { "type": "name", "properties": { "name": "urn:ogc:def:crs:OGC:1.3:CRS84" } },
"features": [
{ "type": "Feature", "properties": { "ID": 1857108050167, "正式名称": "ハマノ薬局　運動公園店", "機関区分": 5, "都道府県コード": 18, "市区町村コード": 201, "所在地": "福井県福井市運動公園４－１６１９", "緯度": 36.052714, "経度": 136.178831, "url": "https://www.iryou.teikyouseido.mhlw.go.jp/znk-web/juminkanja/S2430/initialize?prefCd=18&kikanCd=7108050167&kikanKbn=nan", "url2": "kusuriya.wixsite.com", "内容": "ハマノ薬局　運動公園店0福井県福井市運動公園４－１６１９" }, "geometry": { "type": "Point", "coordinates": [ 136.178831, 36.052714 ] } },
{ "type": "Feature", "properties": { "ID": 1857180024002, "正式名称": "アイン薬局越前高瀬店", "機関区分": 5, "都道府県コード": 18, "市区町村コード": 209, "所在地": "福井県越前市高瀬１丁目３１番１５号", "緯度": 35.893369, "経度": 136.157255, "url": "https://www.iryou.teikyouseido.mhlw.go.jp/znk-web/juminkanja/S2430/initialize?prefCd=18&kikanCd=7180024002&kikanKbn=nan", "url2": "https://www.ainj.co.jp", "内容": "アイン薬局越前高瀬店0福井県越前市高瀬１丁目３１番１５号" }, "geometry": { "type": "Point", "coordinates": [ 136.157255, 35.893369 ] } },
{ "type": "Feature", "properties": { "ID": 1857180500060, "正式名称": "ポプラ調剤薬局", "機関区分": 5, "都道府県コード": 18, "市区町村コード": 201, "所在地": "福井県福井市松本４丁目３－７", "緯度": 36.071106, "経度": 136.218986, "url": "https://www.iryou.teikyouseido.mhlw.go.jp/znk-web/juminkanja/S2430/initialize?prefCd=18&kikanCd=7180500060&kikanKbn=nan", "url2": null, "内容": "ポプラ調剤薬局0福井県福井市松本４丁目３－７" }, "geometry": { "type": "Point", "coordinates": [ 136.218986, 36.071106 ] } },
{ "type": "Feature", "properties": { "ID": 1857180500120, "正式名称": "株式会社　リフレ調剤薬局　栄店", "機関区分": 5, "都道府県コード": 18, "市区町村コード": 210, "所在地": "福井県坂井市丸岡町栄１丁目２０１", "緯度": 36.157152, "経度": 136.270541, "url": "https://www.iryou.teikyouseido.mhlw.go.jp/znk-web/juminkanja/S2430/initialize?prefCd=18&kikanCd=7180500120&kikanKbn=nan", "url2": "http://www.refre-pharmacy.jp/pc", "内容": "株式会社　リフレ調剤薬局　栄店0福井県坂井市丸岡町栄１丁目２０１" }, "geometry": { "type": "Point", "coordinates": [ 136.270541, 36.157152 ] } },
{ "type": "Feature", "properties": { "ID": 1857180500160, "正式名称": "クスリのアオキ神明薬局", "機関区分": 5, "都道府県コード": 18, "市区町村コード": 207, "所在地": "福井県鯖江市糺町第３０号５番地２", "緯度": 35.972137, "経度": 136.175063, "url": "https://www.iryou.teikyouseido.mhlw.go.jp/znk-web/juminkanja/S2430/initialize?prefCd=18&kikanCd=7180500160&kikanKbn=nan", "url2": "https://www.kusuri-aoki.co.jp/", "内容": "クスリのアオキ神明薬局0福井県鯖江市糺町第３０号５番地２" }, "geometry": { "type": "Point", "coordinates": [ 136.175063, 35.972137 ] } },
{ "type": "Feature", "properties": { "ID": 1857180500190, "正式名称": "セムイ調剤薬局神明店", "機関区分": 5, "都道府県コード": 18, "市区町村コード": 207, "所在地": "福井県鯖江市三六町２丁目４４３", "緯度": 35.972496, "経度": 136.17967, "url": "https://www.iryou.teikyouseido.mhlw.go.jp/znk-web/juminkanja/S2430/initialize?prefCd=18&kikanCd=7180500190&kikanKbn=nan", "url2": null, "内容": "セムイ調剤薬局神明店0福井県鯖江市三六町２丁目４４３" }, "geometry": { "type": "Point", "coordinates": [ 136.17967, 35.972496 ] } },
{ "type": "Feature", "properties": { "ID": 1857180500230, "正式名称": "そうごう薬局　越前店", "機関区分": 5, "都道府県コード": 18, "市区町村コード": 209, "所在地": "福井県越前市今宿町２丁目３番１１号", "緯度": 35.865006, "経度": 136.170795, "url": "https://www.iryou.teikyouseido.mhlw.go.jp/znk-web/juminkanja/S2430/initialize?prefCd=18&kikanCd=7180500230&kikanKbn=nan", "url2": "http://www.sogo-medical.co.jp/", "内容": "そうごう薬局　越前店0福井県越前市今宿町２丁目３番１１号" }, "geometry": { "type": "Point", "coordinates": [ 136.170795, 35.865006 ] } },
{ "type": "Feature", "properties": { "ID": 1857180500240, "正式名称": "ポプラ調剤薬局　美山店", "機関区分": 5, "都道府県コード": 18, "市区町村コード": 201, "所在地": "福井県福井市市波町２４－１３", "緯度": 36.017634, "経度": 136.328509, "url": "https://www.iryou.teikyouseido.mhlw.go.jp/znk-web/juminkanja/S2430/initialize?prefCd=18&kikanCd=7180500240&kikanKbn=nan", "url2": "n-pharma-marketing.com/product/poplar01/", "内容": "ポプラ調剤薬局　美山店0福井県福井市市波町２４－１３" }, "geometry": { "type": "Point", "coordinates": [ 136.328509, 36.017634 ] } },
{ "type": "Feature", "properties": { "ID": 1857180500250, "正式名称": "アルプ薬局桜町店", "機関区分": 5, "都道府県コード": 18, "市区町村コード": 201, "所在地": "福井県福井市下森田桜町６－１２", "緯度": 36.111315, "経度": 136.227795, "url": "https://www.iryou.teikyouseido.mhlw.go.jp/znk-web/juminkanja/S2430/initialize?prefCd=18&kikanCd=7180500250&kikanKbn=nan", "url2": "http://www.alp-grp.jp/", "内容": "アルプ薬局桜町店0福井県福井市下森田桜町６－１２" }, "geometry": { "type": "Point", "coordinates": [ 136.227795, 36.111315 ] } },
{ "type": "Feature", "properties": { "ID": 1857180500260, "正式名称": "すまいる調剤薬局　若杉店", "機関区分": 5, "都道府県コード": 18, "市区町村コード": 201, "所在地": "福井県福井市若杉４－６１０", "緯度": 36.057225, "経度": 136.185703, "url": "https://www.iryou.teikyouseido.mhlw.go.jp/znk-web/juminkanja/S2430/initialize?prefCd=18&kikanCd=7180500260&kikanKbn=nan", "url2": null, "内容": "すまいる調剤薬局　若杉店0福井県福井市若杉４－６１０" }, "geometry": { "type": "Point", "coordinates": [ 136.185703, 36.057225 ] } },
{ "type": "Feature", "properties": { "ID": 1857180500350, "正式名称": "石田らいふ薬局", "機関区分": 5, "都道府県コード": 18, "市区町村コード": 207, "所在地": "福井県鯖江市石田上町１３字神社前６－３", "緯度": 35.973891, "経度": 136.161318, "url": "https://www.iryou.teikyouseido.mhlw.go.jp/znk-web/juminkanja/S2430/initialize?prefCd=18&kikanCd=7180500350&kikanKbn=nan", "url2": "http://www.life-jp.com/", "内容": "石田らいふ薬局0福井県鯖江市石田上町１３字神社前６－３" }, "geometry": { "type": "Point", "coordinates": [ 136.161318, 35.973891 ] } },
{ "type": "Feature", "properties": { "ID": 1857180500400, "正式名称": "漢方の五葉館薬局", "機関区分": 5, "都道府県コード": 18, "市区町村コード": 204, "所在地": "福井県小浜市小浜塩竈４４－５", "緯度": 35.498167, "経度": 135.741882, "url": "https://www.iryou.teikyouseido.mhlw.go.jp/znk-web/juminkanja/S2430/initialize?prefCd=18&kikanCd=7180500400&kikanKbn=nan", "url2": "https://goyoukan.jp", "内容": "漢方の五葉館薬局0福井県小浜市小浜塩竈４４－５" }, "geometry": { "type": "Point", "coordinates": [ 135.741882, 35.498167 ] } },
{ "type": "Feature", "properties": { "ID": 1857180500410, "正式名称": "そうごう薬局福井社店", "機関区分": 5, "都道府県コード": 18, "市区町村コード": 201, "所在地": "福井県福井市加茂河原３丁目２番１６号", "緯度": 36.062445, "経度": 136.1924, "url": "https://www.iryou.teikyouseido.mhlw.go.jp/znk-web/juminkanja/S2430/initialize?prefCd=18&kikanCd=7180500410&kikanKbn=nan", "url2": "http://www.sogo-medical.co.jp/sogopharmacy/shop/view/435", "内容": "そうごう薬局福井社店0福井県福井市加茂河原３丁目２番１６号" }, "geometry": { "type": "Point", "coordinates": [ 136.1924, 36.062445 ] } },
{ "type": "Feature", "properties": { "ID": 1857180500430, "正式名称": "共創未来　織田薬局", "機関区分": 5, "都道府県コード": 18, "市区町村コード": 423, "所在地": "福井県丹生郡越前町織田１０２－４８", "緯度": 35.959772, "経度": 136.051984, "url": "https://www.iryou.teikyouseido.mhlw.go.jp/znk-web/juminkanja/S2430/initialize?prefCd=18&kikanCd=7180500430&kikanKbn=nan", "url2": "http://www.phmirai.co.jp/", "内容": "共創未来　織田薬局0福井県丹生郡越前町織田１０２－４８" }, "geometry": { "type": "Point", "coordinates": [ 136.051984, 35.959772 ] } },
{ "type": "Feature", "properties": { "ID": 1857180500450, "正式名称": "なの花薬局井ノ口店", "機関区分": 5, "都道府県コード": 18, "市区町村コード": 501, "所在地": "福井県三方上中郡若狭町井ノ口２９－３３", "緯度": 35.46364, "経度": 135.852134, "url": "https://www.iryou.teikyouseido.mhlw.go.jp/znk-web/juminkanja/S2430/initialize?prefCd=18&kikanCd=7180500450&kikanKbn=nan", "url2": "https://www.nanohana-ph.jp/shop/tokai-hokuriku/fukui/mikatakaminaka/inoguchi.php", "内容": "なの花薬局井ノ口店0福井県三方上中郡若狭町井ノ口２９－３３" }, "geometry": { "type": "Point", "coordinates": [ 135.852134, 35.46364 ] } },
{ "type": "Feature", "properties": { "ID": 1857180500460, "正式名称": "南山堂いそべ薬局", "機関区分": 5, "都道府県コード": 18, "市区町村コード": 210, "所在地": "福井県坂井市丸岡町南横地４－４７－１", "緯度": 36.124936, "経度": 136.248201, "url": "https://www.iryou.teikyouseido.mhlw.go.jp/znk-web/juminkanja/S2430/initialize?prefCd=18&kikanCd=7180500460&kikanKbn=nan", "url2": "https://www.nanzando.co.jp/isobe.html", "内容": "南山堂いそべ薬局0福井県坂井市丸岡町南横地４－４７－１" }, "geometry": { "type": "Point", "coordinates": [ 136.248201, 36.124936 ] } },
{ "type": "Feature", "properties": { "ID": 1857180500610, "正式名称": "エンゼル調剤薬局　鯖江店", "機関区分": 5, "都道府県コード": 18, "市区町村コード": 207, "所在地": "福井県鯖江市旭町１丁目９－１７－１", "緯度": 35.943695, "経度": 136.18688, "url": "https://www.iryou.teikyouseido.mhlw.go.jp/znk-web/juminkanja/S2430/initialize?prefCd=18&kikanCd=7180500610&kikanKbn=nan", "url2": "https://angel-pharma.jp/", "内容": "エンゼル調剤薬局　鯖江店0福井県鯖江市旭町１丁目９－１７－１" }, "geometry": { "type": "Point", "coordinates": [ 136.18688, 35.943695 ] } },
{ "type": "Feature", "properties": { "ID": 1857180500710, "正式名称": "アルプ薬局朝日町店", "機関区分": 5, "都道府県コード": 18, "市区町村コード": 423, "所在地": "福井県丹生郡越前町西田中第１６号１２番地２", "緯度": 35.975461, "経度": 136.130385, "url": "https://www.iryou.teikyouseido.mhlw.go.jp/znk-web/juminkanja/S2430/initialize?prefCd=18&kikanCd=7180500710&kikanKbn=nan", "url2": "http://www.alp-grp.jp/", "内容": "アルプ薬局朝日町店0福井県丹生郡越前町西田中第１６号１２番地２" }, "geometry": { "type": "Point", "coordinates": [ 136.130385, 35.975461 ] } },
{ "type": "Feature", "properties": { "ID": 1857180500720, "正式名称": "そうごう薬局武生南店", "機関区分": 5, "都道府県コード": 18, "市区町村コード": 209, "所在地": "福井県越前市常久町８－１－２", "緯度": 35.888397, "経度": 136.163434, "url": "https://www.iryou.teikyouseido.mhlw.go.jp/znk-web/juminkanja/S2430/initialize?prefCd=18&kikanCd=7180500720&kikanKbn=nan", "url2": "http://www.sogo-medical.co.jp/", "内容": "そうごう薬局武生南店0福井県越前市常久町８－１－２" }, "geometry": { "type": "Point", "coordinates": [ 136.163434, 35.888397 ] } },
{ "type": "Feature", "properties": { "ID": 1857180500780, "正式名称": "あそうづ薬局", "機関区分": 5, "都道府県コード": 18, "市区町村コード": 201, "所在地": "福井県福井市浅水町１２８－４５", "緯度": 36.004135, "経度": 136.198337, "url": "https://www.iryou.teikyouseido.mhlw.go.jp/znk-web/juminkanja/S2430/initialize?prefCd=18&kikanCd=7180500780&kikanKbn=nan", "url2": "https://katsuki-ph.jp/", "内容": "あそうづ薬局0福井県福井市浅水町１２８－４５" }, "geometry": { "type": "Point", "coordinates": [ 136.198337, 36.004135 ] } },
{ "type": "Feature", "properties": { "ID": 1857180500790, "正式名称": "クスリのアオキ　文京薬局", "機関区分": 5, "都道府県コード": 18, "市区町村コード": 201, "所在地": "福井県福井市文京６丁目３番３号", "緯度": 36.075207, "経度": 136.201607, "url": "https://www.iryou.teikyouseido.mhlw.go.jp/znk-web/juminkanja/S2430/initialize?prefCd=18&kikanCd=7180500790&kikanKbn=nan", "url2": "https://www.kusuri-aoki.co.jp/", "内容": "クスリのアオキ　文京薬局0福井県福井市文京６丁目３番３号" }, "geometry": { "type": "Point", "coordinates": [ 136.201607, 36.075207 ] } },
{ "type": "Feature", "properties": { "ID": 1857180500800, "正式名称": "クスリのアオキ森田薬局", "機関区分": 5, "都道府県コード": 18, "市区町村コード": 201, "所在地": "福井県福井市石盛１丁目１８０５番地", "緯度": 36.115597, "経度": 136.22953, "url": "https://www.iryou.teikyouseido.mhlw.go.jp/znk-web/juminkanja/S2430/initialize?prefCd=18&kikanCd=7180500800&kikanKbn=nan", "url2": "https://www.kusuri-aoki.co.jp/", "内容": "クスリのアオキ森田薬局0福井県福井市石盛１丁目１８０５番地" }, "geometry": { "type": "Point", "coordinates": [ 136.22953, 36.115597 ] } },
{ "type": "Feature", "properties": { "ID": 1857180500860, "正式名称": "なゆた薬局かすみ店", "機関区分": 5, "都道府県コード": 18, "市区町村コード": 210, "所在地": "福井県坂井市丸岡町霞町１丁目５０番地２", "緯度": 36.153029, "経度": 136.270093, "url": "https://www.iryou.teikyouseido.mhlw.go.jp/znk-web/juminkanja/S2430/initialize?prefCd=18&kikanCd=7180500860&kikanKbn=nan", "url2": null, "内容": "なゆた薬局かすみ店0福井県坂井市丸岡町霞町１丁目５０番地２" }, "geometry": { "type": "Point", "coordinates": [ 136.270093, 36.153029 ] } },
{ "type": "Feature", "properties": { "ID": 1857180500890, "正式名称": "エンゼル調剤薬局　武生西店", "機関区分": 5, "都道府県コード": 18, "市区町村コード": 209, "所在地": "福井県越前市上太田町４９－５－８", "緯度": 35.901251, "経度": 136.147985, "url": "https://www.iryou.teikyouseido.mhlw.go.jp/znk-web/juminkanja/S2430/initialize?prefCd=18&kikanCd=7180500890&kikanKbn=nan", "url2": "https://angel-pharma.jp", "内容": "エンゼル調剤薬局　武生西店0福井県越前市上太田町４９－５－８" }, "geometry": { "type": "Point", "coordinates": [ 136.147985, 35.901251 ] } },
{ "type": "Feature", "properties": { "ID": 1857180500950, "正式名称": "まりん調剤薬局　花堂店", "機関区分": 5, "都道府県コード": 18, "市区町村コード": 201, "所在地": "福井県福井市花堂中２丁目２７－２５", "緯度": 36.036585, "経度": 136.213318, "url": "https://www.iryou.teikyouseido.mhlw.go.jp/znk-web/juminkanja/S2430/initialize?prefCd=18&kikanCd=7180500950&kikanKbn=nan", "url2": "http://marine-hananndouphamacy", "内容": "まりん調剤薬局　花堂店0福井県福井市花堂中２丁目２７－２５" }, "geometry": { "type": "Point", "coordinates": [ 136.213318, 36.036585 ] } },
{ "type": "Feature", "properties": { "ID": 1857180501030, "正式名称": "共創未来　新田塚薬局", "機関区分": 5, "都道府県コード": 18, "市区町村コード": 201, "所在地": "福井県福井市新田塚町７２１", "緯度": 36.089317, "経度": 136.209237, "url": "https://www.iryou.teikyouseido.mhlw.go.jp/znk-web/juminkanja/S2430/initialize?prefCd=18&kikanCd=7180501030&kikanKbn=nan", "url2": "http://www.phmirai.co.jp", "内容": "共創未来　新田塚薬局0福井県福井市新田塚町７２１" }, "geometry": { "type": "Point", "coordinates": [ 136.209237, 36.089317 ] } },
{ "type": "Feature", "properties": { "ID": 1857180501040, "正式名称": "共創未来　二の宮薬局", "機関区分": 5, "都道府県コード": 18, "市区町村コード": 201, "所在地": "福井県福井市二の宮４丁目８－２４", "緯度": 36.083598, "経度": 136.211687, "url": "https://www.iryou.teikyouseido.mhlw.go.jp/znk-web/juminkanja/S2430/initialize?prefCd=18&kikanCd=7180501040&kikanKbn=nan", "url2": "https://www.phmirai.co.jp/shops/detail.php?id=94", "内容": "共創未来　二の宮薬局0福井県福井市二の宮４丁目８－２４" }, "geometry": { "type": "Point", "coordinates": [ 136.211687, 36.083598 ] } },
{ "type": "Feature", "properties": { "ID": 1857180501050, "正式名称": "なゆた薬局大願寺店", "機関区分": 5, "都道府県コード": 18, "市区町村コード": 201, "所在地": "福井県福井市大願寺３丁目９－２５", "緯度": 36.084593, "経度": 136.228543, "url": "https://www.iryou.teikyouseido.mhlw.go.jp/znk-web/juminkanja/S2430/initialize?prefCd=18&kikanCd=7180501050&kikanKbn=nan", "url2": null, "内容": "なゆた薬局大願寺店0福井県福井市大願寺３丁目９－２５" }, "geometry": { "type": "Point", "coordinates": [ 136.228543, 36.084593 ] } },
{ "type": "Feature", "properties": { "ID": 1857180501060, "正式名称": "エンゼル調剤薬局　日光店", "機関区分": 5, "都道府県コード": 18, "市区町村コード": 201, "所在地": "福井県福井市日光１丁目３－２", "緯度": 36.071763, "経度": 136.203546, "url": "https://www.iryou.teikyouseido.mhlw.go.jp/znk-web/juminkanja/S2430/initialize?prefCd=18&kikanCd=7180501060&kikanKbn=nan", "url2": "https://angel-pharma.jp", "内容": "エンゼル調剤薬局　日光店0福井県福井市日光１丁目３－２" }, "geometry": { "type": "Point", "coordinates": [ 136.203546, 36.071763 ] } },
{ "type": "Feature", "properties": { "ID": 1857180501100, "正式名称": "なゆた薬局水取店", "機関区分": 5, "都道府県コード": 18, "市区町村コード": 204, "所在地": "福井県小浜市水取１－６－１２", "緯度": 35.504628, "経度": 135.752543, "url": "https://www.iryou.teikyouseido.mhlw.go.jp/znk-web/juminkanja/S2430/initialize?prefCd=18&kikanCd=7180501100&kikanKbn=nan", "url2": null, "内容": "なゆた薬局水取店0福井県小浜市水取１－６－１２" }, "geometry": { "type": "Point", "coordinates": [ 135.752543, 35.504628 ] } },
{ "type": "Feature", "properties": { "ID": 1857180501160, "正式名称": "株式会社クララ調剤薬局中野店", "機関区分": 5, "都道府県コード": 18, "市区町村コード": 207, "所在地": "福井県鯖江市中野町４字４－１", "緯度": 35.944154, "経度": 136.206823, "url": "https://www.iryou.teikyouseido.mhlw.go.jp/znk-web/juminkanja/S2430/initialize?prefCd=18&kikanCd=7180501160&kikanKbn=nan", "url2": "https://www.e-classa.net/kurara-nakano", "内容": "株式会社クララ調剤薬局中野店0福井県鯖江市中野町４字４－１" }, "geometry": { "type": "Point", "coordinates": [ 136.206823, 35.944154 ] } },
{ "type": "Feature", "properties": { "ID": 1857180501170, "正式名称": "チューリップ神明薬局", "機関区分": 5, "都道府県コード": 18, "市区町村コード": 207, "所在地": "福井県鯖江市糺町３０字２－３", "緯度": 35.972791, "経度": 136.174722, "url": "https://www.iryou.teikyouseido.mhlw.go.jp/znk-web/juminkanja/S2430/initialize?prefCd=18&kikanCd=7180501170&kikanKbn=nan", "url2": "https://www.tulip-tz.co.jp/storeinfo/store_shinmei.html", "内容": "チューリップ神明薬局0福井県鯖江市糺町３０字２－３" }, "geometry": { "type": "Point", "coordinates": [ 136.174722, 35.972791 ] } },
{ "type": "Feature", "properties": { "ID": 1857180501180, "正式名称": "南山堂薬局さばえ旭店", "機関区分": 5, "都道府県コード": 18, "市区町村コード": 207, "所在地": "福井県鯖江市旭町３丁目６－１", "緯度": 35.946544, "経度": 136.186941, "url": "https://www.iryou.teikyouseido.mhlw.go.jp/znk-web/juminkanja/S2430/initialize?prefCd=18&kikanCd=7180501180&kikanKbn=nan", "url2": "http://www.nanzando.co.jp/index.html", "内容": "南山堂薬局さばえ旭店0福井県鯖江市旭町３丁目６－１" }, "geometry": { "type": "Point", "coordinates": [ 136.186941, 35.946544 ] } },
{ "type": "Feature", "properties": { "ID": 1857180501200, "正式名称": "スマイル薬局中央店", "機関区分": 5, "都道府県コード": 18, "市区町村コード": 202, "所在地": "福井県敦賀市中央町２丁目１６番３号", "緯度": 35.642648, "経度": 136.054004, "url": "https://www.iryou.teikyouseido.mhlw.go.jp/znk-web/juminkanja/S2430/initialize?prefCd=18&kikanCd=7180501200&kikanKbn=nan", "url2": "https://pharmalink.jp/", "内容": "スマイル薬局中央店0福井県敦賀市中央町２丁目１６番３号" }, "geometry": { "type": "Point", "coordinates": [ 136.054004, 35.642648 ] } },
{ "type": "Feature", "properties": { "ID": 1857180501210, "正式名称": "株式会社　ツルガ薬局　　松原店", "機関区分": 5, "都道府県コード": 18, "市区町村コード": 202, "所在地": "福井県敦賀市松島町２９－１６", "緯度": 35.652466, "経度": 136.055685, "url": "https://www.iryou.teikyouseido.mhlw.go.jp/znk-web/juminkanja/S2430/initialize?prefCd=18&kikanCd=7180501210&kikanKbn=nan", "url2": "https://tsurugayakkyoku.com/", "内容": "株式会社　ツルガ薬局　　松原店0福井県敦賀市松島町２９－１６" }, "geometry": { "type": "Point", "coordinates": [ 136.055685, 35.652466 ] } },
{ "type": "Feature", "properties": { "ID": 1857180501230, "正式名称": "クスリのアオキ横市薬局", "機関区分": 5, "都道府県コード": 18, "市区町村コード": 209, "所在地": "福井県越前市横市町２７字尾寺１－１", "緯度": 35.906586, "経度": 136.190782, "url": "https://www.iryou.teikyouseido.mhlw.go.jp/znk-web/juminkanja/S2430/initialize?prefCd=18&kikanCd=7180501230&kikanKbn=nan", "url2": "https://www.kusuri-aoki.co.jp/", "内容": "クスリのアオキ横市薬局0福井県越前市横市町２７字尾寺１－１" }, "geometry": { "type": "Point", "coordinates": [ 136.190782, 35.906586 ] } },
{ "type": "Feature", "properties": { "ID": 1857180501260, "正式名称": "日本調剤　越前薬局", "機関区分": 5, "都道府県コード": 18, "市区町村コード": 209, "所在地": "福井県越前市元町６－５", "緯度": 35.90047, "経度": 136.166204, "url": "https://www.iryou.teikyouseido.mhlw.go.jp/znk-web/juminkanja/S2430/initialize?prefCd=18&kikanCd=7180501260&kikanKbn=nan", "url2": "https://www.nicho.co.jp/tenpo/etizen/", "内容": "日本調剤　越前薬局0福井県越前市元町６－５" }, "geometry": { "type": "Point", "coordinates": [ 136.166204, 35.90047 ] } },
{ "type": "Feature", "properties": { "ID": 1857180501270, "正式名称": "南山堂薬局　天王町店", "機関区分": 5, "都道府県コード": 18, "市区町村コード": 209, "所在地": "福井県越前市元町６丁目６", "緯度": 35.900382, "経度": 136.166231, "url": "https://www.iryou.teikyouseido.mhlw.go.jp/znk-web/juminkanja/S2430/initialize?prefCd=18&kikanCd=7180501270&kikanKbn=nan", "url2": "https://www.nanzando.co.jp/tennou.html", "内容": "南山堂薬局　天王町店0福井県越前市元町６丁目６" }, "geometry": { "type": "Point", "coordinates": [ 136.166231, 35.900382 ] } },
{ "type": "Feature", "properties": { "ID": 1857180501310, "正式名称": "そうごう薬局　江守中店", "機関区分": 5, "都道府県コード": 18, "市区町村コード": 201, "所在地": "福井県福井市江守中１丁目１７１４－１", "緯度": 36.036345, "経度": 136.193447, "url": "https://www.iryou.teikyouseido.mhlw.go.jp/znk-web/juminkanja/S2430/initialize?prefCd=18&kikanCd=7180501310&kikanKbn=nan", "url2": "https://www.sogo-medical.co.jp/", "内容": "そうごう薬局　江守中店0福井県福井市江守中１丁目１７１４－１" }, "geometry": { "type": "Point", "coordinates": [ 136.193447, 36.036345 ] } },
{ "type": "Feature", "properties": { "ID": 1857180501380, "正式名称": "有限会社　安久薬局　大手店", "機関区分": 5, "都道府県コード": 18, "市区町村コード": 201, "所在地": "福井県福井市大手２丁目１５－１３　クリアビル大手１Ｆ", "緯度": 36.066578, "経度": 136.225275, "url": "https://www.iryou.teikyouseido.mhlw.go.jp/znk-web/juminkanja/S2430/initialize?prefCd=18&kikanCd=7180501380&kikanKbn=nan", "url2": "http://www.ankyu.com/index.html", "内容": "有限会社　安久薬局　大手店0福井県福井市大手２丁目１５－１３　クリアビル大手１Ｆ" }, "geometry": { "type": "Point", "coordinates": [ 136.225275, 36.066578 ] } },
{ "type": "Feature", "properties": { "ID": 1857180501390, "正式名称": "クスリのアオキ大野薬局", "機関区分": 5, "都道府県コード": 18, "市区町村コード": 205, "所在地": "福井県大野市月美町１００２番地", "緯度": 35.986802, "経度": 136.500534, "url": "https://www.iryou.teikyouseido.mhlw.go.jp/znk-web/juminkanja/S2430/initialize?prefCd=18&kikanCd=7180501390&kikanKbn=nan", "url2": "https://www.kusuri-aoki.co.jp/", "内容": "クスリのアオキ大野薬局0福井県大野市月美町１００２番地" }, "geometry": { "type": "Point", "coordinates": [ 136.500534, 35.986802 ] } },
{ "type": "Feature", "properties": { "ID": 1857180501420, "正式名称": "チェリー調剤薬局", "機関区分": 5, "都道府県コード": 18, "市区町村コード": 210, "所在地": "福井県坂井市三国町安島３０－１－２", "緯度": 36.248564, "経度": 136.125924, "url": "https://www.iryou.teikyouseido.mhlw.go.jp/znk-web/juminkanja/S2430/initialize?prefCd=18&kikanCd=7180501420&kikanKbn=nan", "url2": "http://www.trinitygroup.co.jp/", "内容": "チェリー調剤薬局0福井県坂井市三国町安島３０－１－２" }, "geometry": { "type": "Point", "coordinates": [ 136.125924, 36.248564 ] } },
{ "type": "Feature", "properties": { "ID": 1857180501460, "正式名称": "さくら薬局福井県立病院前店", "機関区分": 5, "都道府県コード": 18, "市区町村コード": 201, "所在地": "福井県福井市米松２－６－１１　金子ビル１階", "緯度": 36.065178, "経度": 136.221527, "url": "https://www.iryou.teikyouseido.mhlw.go.jp/znk-web/juminkanja/S2430/initialize?prefCd=18&kikanCd=7180501460&kikanKbn=nan", "url2": "http://www.kraft-net.co.jp/sakura/", "内容": "さくら薬局福井県立病院前店0福井県福井市米松２－６－１１　金子ビル１階" }, "geometry": { "type": "Point", "coordinates": [ 136.221527, 36.065178 ] } },
{ "type": "Feature", "properties": { "ID": 1857180501470, "正式名称": "リフレ調剤薬局　中番店", "機関区分": 5, "都道府県コード": 18, "市区町村コード": 208, "所在地": "福井県あわら市中番９－４", "緯度": 36.205433, "経度": 136.198034, "url": "https://www.iryou.teikyouseido.mhlw.go.jp/znk-web/juminkanja/S2430/initialize?prefCd=18&kikanCd=7180501470&kikanKbn=nan", "url2": null, "内容": "リフレ調剤薬局　中番店0福井県あわら市中番９－４" }, "geometry": { "type": "Point", "coordinates": [ 136.198034, 36.205433 ] } },
{ "type": "Feature", "properties": { "ID": 1857180501500, "正式名称": "クスリのアオキ舞屋薬局", "機関区分": 5, "都道府県コード": 18, "市区町村コード": 201, "所在地": "福井県福井市舞屋町６－５－２", "緯度": 36.034692, "経度": 136.20299, "url": "https://www.iryou.teikyouseido.mhlw.go.jp/znk-web/juminkanja/S2430/initialize?prefCd=18&kikanCd=7180501500&kikanKbn=nan", "url2": "https://www.kusuri-aoki.co.jp/", "内容": "クスリのアオキ舞屋薬局0福井県福井市舞屋町６－５－２" }, "geometry": { "type": "Point", "coordinates": [ 136.20299, 36.034692 ] } },
{ "type": "Feature", "properties": { "ID": 1857180501510, "正式名称": "アイン薬局福井みのり店", "機関区分": 5, "都道府県コード": 18, "市区町村コード": 201, "所在地": "福井県福井市月見３－２－４３", "緯度": 36.047935, "経度": 136.209237, "url": "https://www.iryou.teikyouseido.mhlw.go.jp/znk-web/juminkanja/S2430/initialize?prefCd=18&kikanCd=7180501510&kikanKbn=nan", "url2": "http://www.ainj.co.jp/", "内容": "アイン薬局福井みのり店0福井県福井市月見３－２－４３" }, "geometry": { "type": "Point", "coordinates": [ 136.209237, 36.047935 ] } },
{ "type": "Feature", "properties": { "ID": 1857180501550, "正式名称": "ポプラ調剤薬局　高木店", "機関区分": 5, "都道府県コード": 18, "市区町村コード": 201, "所在地": "福井県福井市高木北１丁目４１０", "緯度": 36.097862, "経度": 136.229754, "url": "https://www.iryou.teikyouseido.mhlw.go.jp/znk-web/juminkanja/S2430/initialize?prefCd=18&kikanCd=7180501550&kikanKbn=nan", "url2": null, "内容": "ポプラ調剤薬局　高木店0福井県福井市高木北１丁目４１０" }, "geometry": { "type": "Point", "coordinates": [ 136.229754, 36.097862 ] } },
{ "type": "Feature", "properties": { "ID": 1857180501630, "正式名称": "なつめ薬局", "機関区分": 5, "都道府県コード": 18, "市区町村コード": 201, "所在地": "福井県福井市開発１－２０３", "緯度": 36.076334, "経度": 136.23912, "url": "https://www.iryou.teikyouseido.mhlw.go.jp/znk-web/juminkanja/S2430/initialize?prefCd=18&kikanCd=7180501630&kikanKbn=nan", "url2": "https://natume-p.jp", "内容": "なつめ薬局0福井県福井市開発１－２０３" }, "geometry": { "type": "Point", "coordinates": [ 136.23912, 36.076334 ] } },
{ "type": "Feature", "properties": { "ID": 1857180501650, "正式名称": "おおみや薬局", "機関区分": 5, "都道府県コード": 18, "市区町村コード": 201, "所在地": "福井県福井市大宮２丁目２７－２３", "緯度": 36.082988, "経度": 136.217492, "url": "https://www.iryou.teikyouseido.mhlw.go.jp/znk-web/juminkanja/S2430/initialize?prefCd=18&kikanCd=7180501650&kikanKbn=nan", "url2": null, "内容": "おおみや薬局0福井県福井市大宮２丁目２７－２３" }, "geometry": { "type": "Point", "coordinates": [ 136.217492, 36.082988 ] } },
{ "type": "Feature", "properties": { "ID": 1857180501700, "正式名称": "みどり薬局", "機関区分": 5, "都道府県コード": 18, "市区町村コード": 201, "所在地": "福井県福井市光陽３丁目４－１２", "緯度": 36.066212, "経度": 136.195744, "url": "https://www.iryou.teikyouseido.mhlw.go.jp/znk-web/juminkanja/S2430/initialize?prefCd=18&kikanCd=7180501700&kikanKbn=nan", "url2": "http://www.midori-ph.com", "内容": "みどり薬局0福井県福井市光陽３丁目４－１２" }, "geometry": { "type": "Point", "coordinates": [ 136.195744, 36.066212 ] } },
{ "type": "Feature", "properties": { "ID": 1857180501710, "正式名称": "あわの薬局", "機関区分": 5, "都道府県コード": 18, "市区町村コード": 202, "所在地": "福井県敦賀市和久野１４－１３－５", "緯度": 35.625808, "経度": 136.05736, "url": "https://www.iryou.teikyouseido.mhlw.go.jp/znk-web/juminkanja/S2430/initialize?prefCd=18&kikanCd=7180501710&kikanKbn=nan", "url2": "http://www.midori-ph.com/shop/awano.php", "内容": "あわの薬局0福井県敦賀市和久野１４－１３－５" }, "geometry": { "type": "Point", "coordinates": [ 136.05736, 35.625808 ] } },
{ "type": "Feature", "properties": { "ID": 1857180501720, "正式名称": "クスリのアオキ　平出薬局", "機関区分": 5, "都道府県コード": 18, "市区町村コード": 209, "所在地": "福井県越前市平出一丁目９番２５号", "緯度": 35.908823, "経度": 136.162858, "url": "https://www.iryou.teikyouseido.mhlw.go.jp/znk-web/juminkanja/S2430/initialize?prefCd=18&kikanCd=7180501720&kikanKbn=nan", "url2": "https://www.kusuri-aoki.co.jp/", "内容": "クスリのアオキ　平出薬局0福井県越前市平出一丁目９番２５号" }, "geometry": { "type": "Point", "coordinates": [ 136.162858, 35.908823 ] } },
{ "type": "Feature", "properties": { "ID": 1857180501730, "正式名称": "奥田薬局", "機関区分": 5, "都道府県コード": 18, "市区町村コード": 201, "所在地": "福井県福井市みのり２丁目４－１０", "緯度": 36.048572, "経度": 136.21499, "url": "https://www.iryou.teikyouseido.mhlw.go.jp/znk-web/juminkanja/S2430/initialize?prefCd=18&kikanCd=7180501730&kikanKbn=nan", "url2": "https://okudap.jimdo.com/", "内容": "奥田薬局0福井県福井市みのり２丁目４－１０" }, "geometry": { "type": "Point", "coordinates": [ 136.21499, 36.048572 ] } },
{ "type": "Feature", "properties": { "ID": 1857180501740, "正式名称": "泉ヶ丘薬局駅前店", "機関区分": 5, "都道府県コード": 18, "市区町村コード": 202, "所在地": "福井県敦賀市鉄輪町１丁目３－２１", "緯度": 35.643754, "経度": 136.074258, "url": "https://www.iryou.teikyouseido.mhlw.go.jp/znk-web/juminkanja/S2430/initialize?prefCd=18&kikanCd=7180501740&kikanKbn=nan", "url2": "https://izumi-pharm.co.jp/", "内容": "泉ヶ丘薬局駅前店0福井県敦賀市鉄輪町１丁目３－２１" }, "geometry": { "type": "Point", "coordinates": [ 136.074258, 35.643754 ] } },
{ "type": "Feature", "properties": { "ID": 1857180501780, "正式名称": "アイリス薬局", "機関区分": 5, "都道府県コード": 18, "市区町村コード": 208, "所在地": "福井県あわら市春宮３－１－２５", "緯度": 36.216545, "経度": 136.229095, "url": "https://www.iryou.teikyouseido.mhlw.go.jp/znk-web/juminkanja/S2430/initialize?prefCd=18&kikanCd=7180501780&kikanKbn=nan", "url2": null, "内容": "アイリス薬局0福井県あわら市春宮３－１－２５" }, "geometry": { "type": "Point", "coordinates": [ 136.229095, 36.216545 ] } },
{ "type": "Feature", "properties": { "ID": 1857180501790, "正式名称": "調剤薬局　薬報堂　町屋店", "機関区分": 5, "都道府県コード": 18, "市区町村コード": 201, "所在地": "福井県福井市町屋２丁目５－１０", "緯度": 36.077653, "経度": 136.229292, "url": "https://www.iryou.teikyouseido.mhlw.go.jp/znk-web/juminkanja/S2430/initialize?prefCd=18&kikanCd=7180501790&kikanKbn=nan", "url2": "https://yakuhoudou.jp/", "内容": "調剤薬局　薬報堂　町屋店0福井県福井市町屋２丁目５－１０" }, "geometry": { "type": "Point", "coordinates": [ 136.229292, 36.077653 ] } },
{ "type": "Feature", "properties": { "ID": 1857180501870, "正式名称": "共創未来　小浜駅前薬局", "機関区分": 5, "都道府県コード": 18, "市区町村コード": 204, "所在地": "福井県小浜市駅前町６番３６号", "緯度": 35.493049, "経度": 135.745083, "url": "https://www.iryou.teikyouseido.mhlw.go.jp/znk-web/juminkanja/S2430/initialize?prefCd=18&kikanCd=7180501870&kikanKbn=nan", "url2": "http://www.phmirai.co.jp/shops/detail.php?id=405", "内容": "共創未来　小浜駅前薬局0福井県小浜市駅前町６番３６号" }, "geometry": { "type": "Point", "coordinates": [ 135.745083, 35.493049 ] } },
{ "type": "Feature", "properties": { "ID": 1857180501920, "正式名称": "ほほえみ薬局", "機関区分": 5, "都道府県コード": 18, "市区町村コード": 201, "所在地": "福井県福井市江守中１丁目１００１", "緯度": 36.036148, "経度": 136.196188, "url": "https://www.iryou.teikyouseido.mhlw.go.jp/znk-web/juminkanja/S2430/initialize?prefCd=18&kikanCd=7180501920&kikanKbn=nan", "url2": null, "内容": "ほほえみ薬局0福井県福井市江守中１丁目１００１" }, "geometry": { "type": "Point", "coordinates": [ 136.196188, 36.036148 ] } },
{ "type": "Feature", "properties": { "ID": 1857180501940, "正式名称": "クスリのアオキ木崎薬局", "機関区分": 5, "都道府県コード": 18, "市区町村コード": 202, "所在地": "福井県敦賀市木崎２４号１３番地１", "緯度": 36.065178, "経度": 136.221527, "url": "https://www.iryou.teikyouseido.mhlw.go.jp/znk-web/juminkanja/S2430/initialize?prefCd=18&kikanCd=7180501940&kikanKbn=nan", "url2": "https://www.kusuri-aoki.co.jp/", "内容": "クスリのアオキ木崎薬局0福井県敦賀市木崎２４号１３番地１" }, "geometry": { "type": "Point", "coordinates": [ 136.221527, 36.065178 ] } },
{ "type": "Feature", "properties": { "ID": 1857180501970, "正式名称": "あおば薬局　田原町店", "機関区分": 5, "都道府県コード": 18, "市区町村コード": 201, "所在地": "福井県福井市文京２丁目１－１０", "緯度": 36.075282, "経度": 136.217699, "url": "https://www.iryou.teikyouseido.mhlw.go.jp/znk-web/juminkanja/S2430/initialize?prefCd=18&kikanCd=7180501970&kikanKbn=nan", "url2": "http://www.add-vantage.jp/", "内容": "あおば薬局　田原町店0福井県福井市文京２丁目１－１０" }, "geometry": { "type": "Point", "coordinates": [ 136.217699, 36.075282 ] } },
{ "type": "Feature", "properties": { "ID": 1857180501990, "正式名称": "Ｖ・ｄｒｕｇ舟橋新町薬局", "機関区分": 5, "都道府県コード": 18, "市区町村コード": 201, "所在地": "福井県福井市舟橋新２丁目１２５", "緯度": 36.098149, "経度": 136.207563, "url": "https://www.iryou.teikyouseido.mhlw.go.jp/znk-web/juminkanja/S2430/initialize?prefCd=18&kikanCd=7180501990&kikanKbn=nan", "url2": "https://vdrug.co.jp/pharmacy/", "内容": "Ｖ・ｄｒｕｇ舟橋新町薬局0福井県福井市舟橋新２丁目１２５" }, "geometry": { "type": "Point", "coordinates": [ 136.207563, 36.098149 ] } },
{ "type": "Feature", "properties": { "ID": 1857180502150, "正式名称": "ぺんぎん調剤薬局", "機関区分": 5, "都道府県コード": 18, "市区町村コード": 207, "所在地": "福井県鯖江市五郎丸町２７２", "緯度": 35.935848, "経度": 136.19214, "url": "https://www.iryou.teikyouseido.mhlw.go.jp/znk-web/juminkanja/S2430/initialize?prefCd=18&kikanCd=7180502150&kikanKbn=nan", "url2": null, "内容": "ぺんぎん調剤薬局0福井県鯖江市五郎丸町２７２" }, "geometry": { "type": "Point", "coordinates": [ 136.19214, 35.935848 ] } },
{ "type": "Feature", "properties": { "ID": 1857180502160, "正式名称": "スギ薬局　敦賀櫛林店", "機関区分": 5, "都道府県コード": 18, "市区町村コード": 202, "所在地": "福井県敦賀市櫛林９号９番地の１", "緯度": 35.625448, "経度": 136.047434, "url": "https://www.iryou.teikyouseido.mhlw.go.jp/znk-web/juminkanja/S2430/initialize?prefCd=18&kikanCd=7180502160&kikanKbn=nan", "url2": "https://www.sugi-net.jp/stores/001189", "内容": "スギ薬局　敦賀櫛林店0福井県敦賀市櫛林９号９番地の１" }, "geometry": { "type": "Point", "coordinates": [ 136.047434, 35.625448 ] } },
{ "type": "Feature", "properties": { "ID": 1857180502190, "正式名称": "角神谷薬局", "機関区分": 5, "都道府県コード": 18, "市区町村コード": 201, "所在地": "福井県福井市松本２－２－１", "緯度": 36.071447, "経度": 136.228096, "url": "https://www.iryou.teikyouseido.mhlw.go.jp/znk-web/juminkanja/S2430/initialize?prefCd=18&kikanCd=7180502190&kikanKbn=nan", "url2": null, "内容": "角神谷薬局0福井県福井市松本２－２－１" }, "geometry": { "type": "Point", "coordinates": [ 136.228096, 36.071447 ] } },
{ "type": "Feature", "properties": { "ID": 1857180502270, "正式名称": "まりも調剤薬局丸岡北店", "機関区分": 5, "都道府県コード": 18, "市区町村コード": 210, "所在地": "福井県坂井市丸岡町西里丸岡２－５", "緯度": 36.153889, "経度": 136.268193, "url": "https://www.iryou.teikyouseido.mhlw.go.jp/znk-web/juminkanja/S2430/initialize?prefCd=18&kikanCd=7180502270&kikanKbn=nan", "url2": null, "内容": "まりも調剤薬局丸岡北店0福井県坂井市丸岡町西里丸岡２－５" }, "geometry": { "type": "Point", "coordinates": [ 136.268193, 36.153889 ] } },
{ "type": "Feature", "properties": { "ID": 1857180502280, "正式名称": "まりも調剤薬局丸岡中央店", "機関区分": 5, "都道府県コード": 18, "市区町村コード": 210, "所在地": "福井県坂井市丸岡町西瓜屋１６－１－３", "緯度": 36.150864, "経度": 136.268753, "url": "https://www.iryou.teikyouseido.mhlw.go.jp/znk-web/juminkanja/S2430/initialize?prefCd=18&kikanCd=7180502280&kikanKbn=nan", "url2": "https://n-pharma-marketing.com/", "内容": "まりも調剤薬局丸岡中央店0福井県坂井市丸岡町西瓜屋１６－１－３" }, "geometry": { "type": "Point", "coordinates": [ 136.268753, 36.150864 ] } },
{ "type": "Feature", "properties": { "ID": 1857180502450, "正式名称": "スギ薬局　福井田原町店", "機関区分": 5, "都道府県コード": 18, "市区町村コード": 201, "所在地": "福井県福井市文京２丁目２－３", "緯度": 36.075824, "経度": 136.217691, "url": "https://www.iryou.teikyouseido.mhlw.go.jp/znk-web/juminkanja/S2430/initialize?prefCd=18&kikanCd=7180502450&kikanKbn=nan", "url2": "https://www.drug-sugi.co.jp/", "内容": "スギ薬局　福井田原町店0福井県福井市文京２丁目２－３" }, "geometry": { "type": "Point", "coordinates": [ 136.217691, 36.075824 ] } },
{ "type": "Feature", "properties": { "ID": 1857180502480, "正式名称": "クスリのアオキ　小黒薬局", "機関区分": 5, "都道府県コード": 18, "市区町村コード": 207, "所在地": "福井県鯖江市小黒町１丁目６番１５号", "緯度": 35.951952, "経度": 136.17704, "url": "https://www.iryou.teikyouseido.mhlw.go.jp/znk-web/juminkanja/S2430/initialize?prefCd=18&kikanCd=7180502480&kikanKbn=nan", "url2": "https://www.kusuri-aoki.co.jp/", "内容": "クスリのアオキ　小黒薬局0福井県鯖江市小黒町１丁目６番１５号" }, "geometry": { "type": "Point", "coordinates": [ 136.17704, 35.951952 ] } },
{ "type": "Feature", "properties": { "ID": 1857180502490, "正式名称": "スギ薬局　武生南店", "機関区分": 5, "都道府県コード": 18, "市区町村コード": 209, "所在地": "福井県越前市妙法寺町４３４番地", "緯度": 35.882361, "経度": 136.16012, "url": "https://www.iryou.teikyouseido.mhlw.go.jp/znk-web/juminkanja/S2430/initialize?prefCd=18&kikanCd=7180502490&kikanKbn=nan", "url2": "https://www.drug-sugi.co.jp", "内容": "スギ薬局　武生南店0福井県越前市妙法寺町４３４番地" }, "geometry": { "type": "Point", "coordinates": [ 136.16012, 35.882361 ] } },
{ "type": "Feature", "properties": { "ID": 1857180502540, "正式名称": "せせらぎ薬局", "機関区分": 5, "都道府県コード": 18, "市区町村コード": 201, "所在地": "福井県福井市有楽町１８－１０", "緯度": 36.062208, "経度": 136.203803, "url": "https://www.iryou.teikyouseido.mhlw.go.jp/znk-web/juminkanja/S2430/initialize?prefCd=18&kikanCd=7180502540&kikanKbn=nan", "url2": null, "内容": "せせらぎ薬局0福井県福井市有楽町１８－１０" }, "geometry": { "type": "Point", "coordinates": [ 136.203803, 36.062208 ] } },
{ "type": "Feature", "properties": { "ID": 1857180502550, "正式名称": "クスリのアオキ　新田塚薬局", "機関区分": 5, "都道府県コード": 18, "市区町村コード": 201, "所在地": "福井県福井市新田塚２丁目３３番５号", "緯度": 36.089191, "経度": 136.203027, "url": "https://www.iryou.teikyouseido.mhlw.go.jp/znk-web/juminkanja/S2430/initialize?prefCd=18&kikanCd=7180502550&kikanKbn=nan", "url2": "https://www.kusuri-aoki.co.jp/", "内容": "クスリのアオキ　新田塚薬局0福井県福井市新田塚２丁目３３番５号" }, "geometry": { "type": "Point", "coordinates": [ 136.203027, 36.089191 ] } },
{ "type": "Feature", "properties": { "ID": 1857180502610, "正式名称": "グリーンぱる　福井センター薬局", "機関区分": 5, "都道府県コード": 18, "市区町村コード": 210, "所在地": "福井県坂井市春江町江留上本町４－１５", "緯度": 36.126194, "経度": 136.227094, "url": "https://www.iryou.teikyouseido.mhlw.go.jp/znk-web/juminkanja/S2430/initialize?prefCd=18&kikanCd=7180502610&kikanKbn=nan", "url2": "https://greenpalu.com", "内容": "グリーンぱる　福井センター薬局0福井県坂井市春江町江留上本町４－１５" }, "geometry": { "type": "Point", "coordinates": [ 136.227094, 36.126194 ] } },
{ "type": "Feature", "properties": { "ID": 1857180502620, "正式名称": "エンゼル調剤薬局　三の丸店", "機関区分": 5, "都道府県コード": 18, "市区町村コード": 201, "所在地": "福井県福井市大手２－３－１　三の丸ビル１階", "緯度": 36.064101, "経度": 136.223828, "url": "https://www.iryou.teikyouseido.mhlw.go.jp/znk-web/juminkanja/S2430/initialize?prefCd=18&kikanCd=7180502620&kikanKbn=nan", "url2": "https://angel-pharma.jp/", "内容": "エンゼル調剤薬局　三の丸店0福井県福井市大手２－３－１　三の丸ビル１階" }, "geometry": { "type": "Point", "coordinates": [ 136.223828, 36.064101 ] } },
{ "type": "Feature", "properties": { "ID": 1857180502680, "正式名称": "クオール薬局敦賀店", "機関区分": 5, "都道府県コード": 18, "市区町村コード": 202, "所在地": "福井県敦賀市御名５３－１４－８", "緯度": 35.61755, "経度": 136.049178, "url": "https://www.iryou.teikyouseido.mhlw.go.jp/znk-web/juminkanja/S2430/initialize?prefCd=18&kikanCd=7180502680&kikanKbn=nan", "url2": "http://www.qol-net.co.jp/pharmacy/map/detail.php?id=453", "内容": "クオール薬局敦賀店0福井県敦賀市御名５３－１４－８" }, "geometry": { "type": "Point", "coordinates": [ 136.049178, 35.61755 ] } },
{ "type": "Feature", "properties": { "ID": 1857180502690, "正式名称": "共創未来　越前町薬局", "機関区分": 5, "都道府県コード": 18, "市区町村コード": 423, "所在地": "福井県丹生郡越前町内郡１０－３４", "緯度": 35.974135, "経度": 136.127745, "url": "https://www.iryou.teikyouseido.mhlw.go.jp/znk-web/juminkanja/S2430/initialize?prefCd=18&kikanCd=7180502690&kikanKbn=nan", "url2": "https://www.phmirai.co.jp/", "内容": "共創未来　越前町薬局0福井県丹生郡越前町内郡１０－３４" }, "geometry": { "type": "Point", "coordinates": [ 136.127745, 35.974135 ] } },
{ "type": "Feature", "properties": { "ID": 1857180502720, "正式名称": "クオール薬局大東店", "機関区分": 5, "都道府県コード": 18, "市区町村コード": 201, "所在地": "福井県福井市大東１－５－１", "緯度": 36.063801, "経度": 136.24951, "url": "https://www.iryou.teikyouseido.mhlw.go.jp/znk-web/juminkanja/S2430/initialize?prefCd=18&kikanCd=7180502720&kikanKbn=nan", "url2": "https://www.qol-net.co.jp/pharmacy/map/detail.php?id=231", "内容": "クオール薬局大東店0福井県福井市大東１－５－１" }, "geometry": { "type": "Point", "coordinates": [ 136.24951, 36.063801 ] } },
{ "type": "Feature", "properties": { "ID": 1857180502810, "正式名称": "調剤薬局　薬報堂　城東店", "機関区分": 5, "都道府県コード": 18, "市区町村コード": 201, "所在地": "福井県福井市城東２－８－７", "緯度": 36.061186, "経度": 136.235231, "url": "https://www.iryou.teikyouseido.mhlw.go.jp/znk-web/juminkanja/S2430/initialize?prefCd=18&kikanCd=7180502810&kikanKbn=nan", "url2": "https://yakuhoudou.jp/", "内容": "調剤薬局　薬報堂　城東店0福井県福井市城東２－８－７" }, "geometry": { "type": "Point", "coordinates": [ 136.235231, 36.061186 ] } },
{ "type": "Feature", "properties": { "ID": 1857180502830, "正式名称": "クスリのアオキ　灯明寺薬局", "機関区分": 5, "都道府県コード": 18, "市区町村コード": 201, "所在地": "福井県福井市舟橋黒竜２丁目１１１番地", "緯度": 36.098832, "経度": 136.21394, "url": "https://www.iryou.teikyouseido.mhlw.go.jp/znk-web/juminkanja/S2430/initialize?prefCd=18&kikanCd=7180502830&kikanKbn=nan", "url2": "https://www.kusuri-aoki.co.jp/", "内容": "クスリのアオキ　灯明寺薬局0福井県福井市舟橋黒竜２丁目１１１番地" }, "geometry": { "type": "Point", "coordinates": [ 136.21394, 36.098832 ] } },
{ "type": "Feature", "properties": { "ID": 1857180502850, "正式名称": "あすなろ薬局", "機関区分": 5, "都道府県コード": 18, "市区町村コード": 207, "所在地": "福井県鯖江市旭町", "緯度": 35.947191, "経度": 136.186438, "url": "https://www.iryou.teikyouseido.mhlw.go.jp/znk-web/juminkanja/S2430/initialize?prefCd=18&kikanCd=7180502850&kikanKbn=nan", "url2": "https://www.marinegroup.jp/", "内容": "あすなろ薬局0福井県鯖江市旭町" }, "geometry": { "type": "Point", "coordinates": [ 136.186438, 35.947191 ] } },
{ "type": "Feature", "properties": { "ID": 1857180502860, "正式名称": "テラダ調剤薬局", "機関区分": 5, "都道府県コード": 18, "市区町村コード": 209, "所在地": "福井県越前市本多１丁目７－７", "緯度": 35.905499, "経度": 136.162952, "url": "https://www.iryou.teikyouseido.mhlw.go.jp/znk-web/juminkanja/S2430/initialize?prefCd=18&kikanCd=7180502860&kikanKbn=nan", "url2": null, "内容": "テラダ調剤薬局0福井県越前市本多１丁目７－７" }, "geometry": { "type": "Point", "coordinates": [ 136.162952, 35.905499 ] } },
{ "type": "Feature", "properties": { "ID": 1857180502880, "正式名称": "にしき調剤薬局", "機関区分": 5, "都道府県コード": 18, "市区町村コード": 210, "所在地": "福井県坂井市三国町錦４－１－１０", "緯度": 36.214231, "経度": 136.153825, "url": "https://www.iryou.teikyouseido.mhlw.go.jp/znk-web/juminkanja/S2430/initialize?prefCd=18&kikanCd=7180502880&kikanKbn=nan", "url2": "https://www.pharmarise.com/company/store/store.php?store_id=1312", "内容": "にしき調剤薬局0福井県坂井市三国町錦４－１－１０" }, "geometry": { "type": "Point", "coordinates": [ 136.153825, 36.214231 ] } },
{ "type": "Feature", "properties": { "ID": 1857180502890, "正式名称": "フォーユー調剤薬局　山岸店", "機関区分": 5, "都道府県コード": 18, "市区町村コード": 210, "所在地": "福井県坂井市三国町山岸６９－３６－５", "緯度": 36.194149, "経度": 136.14421, "url": "https://www.iryou.teikyouseido.mhlw.go.jp/znk-web/juminkanja/S2430/initialize?prefCd=18&kikanCd=7180502890&kikanKbn=nan", "url2": "https://www.pharmarise.com/company/store/store.php?store_id=1313", "内容": "フォーユー調剤薬局　山岸店0福井県坂井市三国町山岸６９－３６－５" }, "geometry": { "type": "Point", "coordinates": [ 136.14421, 36.194149 ] } },
{ "type": "Feature", "properties": { "ID": 1857180502900, "正式名称": "志比口調剤薬局", "機関区分": 5, "都道府県コード": 18, "市区町村コード": 201, "所在地": "福井県福井市志比口１丁目３－６", "緯度": 36.070821, "経度": 136.233692, "url": "https://www.iryou.teikyouseido.mhlw.go.jp/znk-web/juminkanja/S2430/initialize?prefCd=18&kikanCd=7180502900&kikanKbn=nan", "url2": "https://www.pharmarise.com/company/store/store.php?store_id=1315", "内容": "志比口調剤薬局0福井県福井市志比口１丁目３－６" }, "geometry": { "type": "Point", "coordinates": [ 136.233692, 36.070821 ] } },
{ "type": "Feature", "properties": { "ID": 1857180502910, "正式名称": "ほけん薬局", "機関区分": 5, "都道府県コード": 18, "市区町村コード": 201, "所在地": "福井県福井市順化２丁目２５－５", "緯度": 36.066915, "経度": 136.213963, "url": "https://www.iryou.teikyouseido.mhlw.go.jp/znk-web/juminkanja/S2430/initialize?prefCd=18&kikanCd=7180502910&kikanKbn=nan", "url2": "https://www.pharmarise.com/company/store/store.php?store_id=1314", "内容": "ほけん薬局0福井県福井市順化２丁目２５－５" }, "geometry": { "type": "Point", "coordinates": [ 136.213963, 36.066915 ] } },
{ "type": "Feature", "properties": { "ID": 1857180502920, "正式名称": "かみもりた調剤薬局", "機関区分": 5, "都道府県コード": 18, "市区町村コード": 201, "所在地": "福井県福井市上森田１丁目４０３－２", "緯度": 36.113159, "経度": 136.227072, "url": "https://www.iryou.teikyouseido.mhlw.go.jp/znk-web/juminkanja/S2430/initialize?prefCd=18&kikanCd=7180502920&kikanKbn=nan", "url2": "https://www.pharmarise.com/company/store/store.php?store_id=283", "内容": "かみもりた調剤薬局0福井県福井市上森田１丁目４０３－２" }, "geometry": { "type": "Point", "coordinates": [ 136.227072, 36.113159 ] } },
{ "type": "Feature", "properties": { "ID": 1857180502980, "正式名称": "アルプ薬局西谷店", "機関区分": 5, "都道府県コード": 18, "市区町村コード": 201, "所在地": "福井県福井市西谷２丁目２１１８番地", "緯度": 36.039349, "経度": 136.203149, "url": "https://www.iryou.teikyouseido.mhlw.go.jp/znk-web/juminkanja/S2430/initialize?prefCd=18&kikanCd=7180502980&kikanKbn=nan", "url2": "http://alp-grp.jp/", "内容": "アルプ薬局西谷店0福井県福井市西谷２丁目２１１８番地" }, "geometry": { "type": "Point", "coordinates": [ 136.203149, 36.039349 ] } },
{ "type": "Feature", "properties": { "ID": 1857180502990, "正式名称": "南山堂薬局吉河店", "機関区分": 5, "都道府県コード": 18, "市区町村コード": 202, "所在地": "福井県敦賀市吉河４１号向出１番地２２", "緯度": 35.636842, "経度": 136.085302, "url": "https://www.iryou.teikyouseido.mhlw.go.jp/znk-web/juminkanja/S2430/initialize?prefCd=18&kikanCd=7180502990&kikanKbn=nan", "url2": "https://sukunabi.com", "内容": "南山堂薬局吉河店0福井県敦賀市吉河４１号向出１番地２２" }, "geometry": { "type": "Point", "coordinates": [ 136.085302, 35.636842 ] } },
{ "type": "Feature", "properties": { "ID": 1857180503020, "正式名称": "リフレ調剤薬局　志比口店", "機関区分": 5, "都道府県コード": 18, "市区町村コード": 201, "所在地": "福井県福井市志比口１丁目１０‐２８", "緯度": 36.065178, "経度": 136.221527, "url": "https://www.iryou.teikyouseido.mhlw.go.jp/znk-web/juminkanja/S2430/initialize?prefCd=18&kikanCd=7180503020&kikanKbn=nan", "url2": "https://www.refre-pharmacy.jp/", "内容": "リフレ調剤薬局　志比口店0福井県福井市志比口１丁目１０‐２８" }, "geometry": { "type": "Point", "coordinates": [ 136.221527, 36.065178 ] } },
{ "type": "Feature", "properties": { "ID": 1857180503060, "正式名称": "クスリのアオキ　板垣薬局", "機関区分": 5, "都道府県コード": 18, "市区町村コード": 201, "所在地": "福井県福井市板垣５丁目１３０番地", "緯度": 36.044728, "経度": 136.228737, "url": "https://www.iryou.teikyouseido.mhlw.go.jp/znk-web/juminkanja/S2430/initialize?prefCd=18&kikanCd=7180503060&kikanKbn=nan", "url2": "http://www.kusuri-aoki.co.jp", "内容": "クスリのアオキ　板垣薬局0福井県福井市板垣５丁目１３０番地" }, "geometry": { "type": "Point", "coordinates": [ 136.228737, 36.044728 ] } },
{ "type": "Feature", "properties": { "ID": 1857180503070, "正式名称": "クスリのアオキ　小浜木崎薬局", "機関区分": 5, "都道府県コード": 18, "市区町村コード": 204, "所在地": "福井県小浜市木崎第３２号２７番地", "緯度": 35.485653, "経度": 135.766553, "url": "https://www.iryou.teikyouseido.mhlw.go.jp/znk-web/juminkanja/S2430/initialize?prefCd=18&kikanCd=7180503070&kikanKbn=nan", "url2": "https://www.kusuri-aoki.co.jp/", "内容": "クスリのアオキ　小浜木崎薬局0福井県小浜市木崎第３２号２７番地" }, "geometry": { "type": "Point", "coordinates": [ 135.766553, 35.485653 ] } },
{ "type": "Feature", "properties": { "ID": 1857180503120, "正式名称": "フラワー薬局たんぽぽ店", "機関区分": 5, "都道府県コード": 18, "市区町村コード": 210, "所在地": "福井県坂井市三国町北本町２－６３－１", "緯度": 36.216171, "経度": 136.149041, "url": "https://www.iryou.teikyouseido.mhlw.go.jp/znk-web/juminkanja/S2430/initialize?prefCd=18&kikanCd=7180503120&kikanKbn=nan", "url2": "https://www.m-ikkou.co.jp/", "内容": "フラワー薬局たんぽぽ店0福井県坂井市三国町北本町２－６３－１" }, "geometry": { "type": "Point", "coordinates": [ 136.149041, 36.216171 ] } },
{ "type": "Feature", "properties": { "ID": 1857180503130, "正式名称": "フラワー薬局三国店", "機関区分": 5, "都道府県コード": 18, "市区町村コード": 210, "所在地": "福井県坂井市三国町中央１丁目１－２０", "緯度": 36.216134, "経度": 136.158555, "url": "https://www.iryou.teikyouseido.mhlw.go.jp/znk-web/juminkanja/S2430/initialize?prefCd=18&kikanCd=7180503130&kikanKbn=nan", "url2": "https://www.m-ikkou.co.jp/", "内容": "フラワー薬局三国店0福井県坂井市三国町中央１丁目１－２０" }, "geometry": { "type": "Point", "coordinates": [ 136.158555, 36.216134 ] } },
{ "type": "Feature", "properties": { "ID": 1857180503170, "正式名称": "フラワー薬局小浜店", "機関区分": 5, "都道府県コード": 18, "市区町村コード": 204, "所在地": "福井県小浜市遠敷９丁目１０３－５", "緯度": 35.484865, "経度": 135.775111, "url": "https://www.iryou.teikyouseido.mhlw.go.jp/znk-web/juminkanja/S2430/initialize?prefCd=18&kikanCd=7180503170&kikanKbn=nan", "url2": "https://www.m-ikkou.co.jp/", "内容": "フラワー薬局小浜店0福井県小浜市遠敷９丁目１０３－５" }, "geometry": { "type": "Point", "coordinates": [ 135.775111, 35.484865 ] } },
{ "type": "Feature", "properties": { "ID": 1857180503180, "正式名称": "アルプ薬局かすみ店", "機関区分": 5, "都道府県コード": 18, "市区町村コード": 210, "所在地": "福井県坂井市丸岡町霞町２丁目１３－１", "緯度": 36.154926, "経度": 136.269981, "url": "https://www.iryou.teikyouseido.mhlw.go.jp/znk-web/juminkanja/S2430/initialize?prefCd=18&kikanCd=7180503180&kikanKbn=nan", "url2": "http://www.alp-grp.jp", "内容": "アルプ薬局かすみ店0福井県坂井市丸岡町霞町２丁目１３－１" }, "geometry": { "type": "Point", "coordinates": [ 136.269981, 36.154926 ] } },
{ "type": "Feature", "properties": { "ID": 1857180503280, "正式名称": "なのはな薬局", "機関区分": 5, "都道府県コード": 18, "市区町村コード": 209, "所在地": "福井県越前市塚町１２字１番１号", "緯度": 35.91607, "経度": 136.192779, "url": "https://www.iryou.teikyouseido.mhlw.go.jp/znk-web/juminkanja/S2430/initialize?prefCd=18&kikanCd=7180503280&kikanKbn=nan", "url2": "https://www.m-ikkou.co.jp/", "内容": "なのはな薬局0福井県越前市塚町１２字１番１号" }, "geometry": { "type": "Point", "coordinates": [ 136.192779, 35.91607 ] } },
{ "type": "Feature", "properties": { "ID": 1857180503290, "正式名称": "ソラシド薬局", "機関区分": 5, "都道府県コード": 18, "市区町村コード": 209, "所在地": "福井県越前市庄町１番２号", "緯度": 35.910311, "経度": 136.191243, "url": "https://www.iryou.teikyouseido.mhlw.go.jp/znk-web/juminkanja/S2430/initialize?prefCd=18&kikanCd=7180503290&kikanKbn=nan", "url2": "https://sorashido-pharmacy.jp/", "内容": "ソラシド薬局0福井県越前市庄町１番２号" }, "geometry": { "type": "Point", "coordinates": [ 136.191243, 35.910311 ] } },
{ "type": "Feature", "properties": { "ID": 1857180503300, "正式名称": "そうごう薬局　福井若杉浜店", "機関区分": 5, "都道府県コード": 18, "市区町村コード": 201, "所在地": "福井県福井市若杉浜一丁目７０６ー２", "緯度": 36.062635, "経度": 136.189503, "url": "https://www.iryou.teikyouseido.mhlw.go.jp/znk-web/juminkanja/S2430/initialize?prefCd=18&kikanCd=7180503300&kikanKbn=nan", "url2": "https://shop.sogo-pharmacy.jp/detail/798/", "内容": "そうごう薬局　福井若杉浜店0福井県福井市若杉浜一丁目７０６ー２" }, "geometry": { "type": "Point", "coordinates": [ 136.189503, 36.062635 ] } },
{ "type": "Feature", "properties": { "ID": 1857180503340, "正式名称": "カドノ薬局　中央店", "機関区分": 5, "都道府県コード": 18, "市区町村コード": 202, "所在地": "福井県敦賀市中央町１－１７－１", "緯度": 35.644142, "経度": 136.057354, "url": "https://www.iryou.teikyouseido.mhlw.go.jp/znk-web/juminkanja/S2430/initialize?prefCd=18&kikanCd=7180503340&kikanKbn=nan", "url2": "drug-kadono.com", "内容": "カドノ薬局　中央店0福井県敦賀市中央町１－１７－１" }, "geometry": { "type": "Point", "coordinates": [ 136.057354, 35.644142 ] } },
{ "type": "Feature", "properties": { "ID": 1857180503360, "正式名称": "みなみ薬局　櫛林店", "機関区分": 5, "都道府県コード": 18, "市区町村コード": 202, "所在地": "福井県敦賀市櫛林５－１－１２", "緯度": 35.623164, "経度": 136.048689, "url": "https://www.iryou.teikyouseido.mhlw.go.jp/znk-web/juminkanja/S2430/initialize?prefCd=18&kikanCd=7180503360&kikanKbn=nan", "url2": "https.//minami-pharmacy.com", "内容": "みなみ薬局　櫛林店0福井県敦賀市櫛林５－１－１２" }, "geometry": { "type": "Point", "coordinates": [ 136.048689, 35.623164 ] } },
{ "type": "Feature", "properties": { "ID": 1857180503370, "正式名称": "エンゼル調剤薬局　川西店", "機関区分": 5, "都道府県コード": 18, "市区町村コード": 201, "所在地": "福井県福井市江上町５８－１９－１", "緯度": 36.131917, "経度": 136.165734, "url": "https://www.iryou.teikyouseido.mhlw.go.jp/znk-web/juminkanja/S2430/initialize?prefCd=18&kikanCd=7180503370&kikanKbn=nan", "url2": "https://angel-pharma.jp/", "内容": "エンゼル調剤薬局　川西店0福井県福井市江上町５８－１９－１" }, "geometry": { "type": "Point", "coordinates": [ 136.165734, 36.131917 ] } },
{ "type": "Feature", "properties": { "ID": 1857180503380, "正式名称": "スギ薬局　西鯖江店", "機関区分": 5, "都道府県コード": 18, "市区町村コード": 207, "所在地": "福井県鯖江市桜町２丁目２番１５号", "緯度": 35.944458, "経度": 136.179649, "url": "https://www.iryou.teikyouseido.mhlw.go.jp/znk-web/juminkanja/S2430/initialize?prefCd=18&kikanCd=7180503380&kikanKbn=nan", "url2": "https://www.sugi-net.jp/", "内容": "スギ薬局　西鯖江店0福井県鯖江市桜町２丁目２番１５号" }, "geometry": { "type": "Point", "coordinates": [ 136.179649, 35.944458 ] } },
{ "type": "Feature", "properties": { "ID": 1857180503390, "正式名称": "薬報堂ふたみ調剤薬局", "機関区分": 5, "都道府県コード": 18, "市区町村コード": 201, "所在地": "福井県福井市文京６丁目２５－３２", "緯度": 36.077003, "経度": 136.200678, "url": "https://www.iryou.teikyouseido.mhlw.go.jp/znk-web/juminkanja/S2430/initialize?prefCd=18&kikanCd=7180503390&kikanKbn=nan", "url2": "http://yakuhoudou.jp", "内容": "薬報堂ふたみ調剤薬局0福井県福井市文京６丁目２５－３２" }, "geometry": { "type": "Point", "coordinates": [ 136.200678, 36.077003 ] } },
{ "type": "Feature", "properties": { "ID": 1857180503430, "正式名称": "ツルカメ調剤薬局", "機関区分": 5, "都道府県コード": 18, "市区町村コード": 209, "所在地": "福井県越前市府中１丁目７－１３", "緯度": 35.902274, "経度": 136.169905, "url": "https://www.iryou.teikyouseido.mhlw.go.jp/znk-web/juminkanja/S2430/initialize?prefCd=18&kikanCd=7180503430&kikanKbn=nan", "url2": "https://www.m-ikkou.co.jp/", "内容": "ツルカメ調剤薬局0福井県越前市府中１丁目７－１３" }, "geometry": { "type": "Point", "coordinates": [ 136.169905, 35.902274 ] } },
{ "type": "Feature", "properties": { "ID": 1857180503440, "正式名称": "たいよう薬局", "機関区分": 5, "都道府県コード": 18, "市区町村コード": 423, "所在地": "福井県丹生郡越前町新保１２－２５", "緯度": 36.065178, "経度": 136.221527, "url": "https://www.iryou.teikyouseido.mhlw.go.jp/znk-web/juminkanja/S2430/initialize?prefCd=18&kikanCd=7180503440&kikanKbn=nan", "url2": null, "内容": "たいよう薬局0福井県丹生郡越前町新保１２－２５" }, "geometry": { "type": "Point", "coordinates": [ 136.221527, 36.065178 ] } },
{ "type": "Feature", "properties": { "ID": 1857180503450, "正式名称": "リフレ調剤薬局　江留下高道店", "機関区分": 5, "都道府県コード": 18, "市区町村コード": 210, "所在地": "福井県坂井市春江町江留下高道１６１－８", "緯度": 36.129009, "経度": 136.218197, "url": "https://www.iryou.teikyouseido.mhlw.go.jp/znk-web/juminkanja/S2430/initialize?prefCd=18&kikanCd=7180503450&kikanKbn=nan", "url2": "https://www.refre-pharmacy.jp/page1", "内容": "リフレ調剤薬局　江留下高道店0福井県坂井市春江町江留下高道１６１－８" }, "geometry": { "type": "Point", "coordinates": [ 136.218197, 36.129009 ] } },
{ "type": "Feature", "properties": { "ID": 1857180503540, "正式名称": "スギ薬局　武生中央店", "機関区分": 5, "都道府県コード": 18, "市区町村コード": 209, "所在地": "福井県越前市中央二丁目７番５号", "緯度": 35.903167, "経度": 136.154869, "url": "https://www.iryou.teikyouseido.mhlw.go.jp/znk-web/juminkanja/S2430/initialize?prefCd=18&kikanCd=7180503540&kikanKbn=nan", "url2": "https://www.sugi-net.jp/tenpo/detail/1462.html", "内容": "スギ薬局　武生中央店0福井県越前市中央二丁目７番５号" }, "geometry": { "type": "Point", "coordinates": [ 136.154869, 35.903167 ] } },
{ "type": "Feature", "properties": { "ID": 1857180503600, "正式名称": "クスリのアオキ　下江守薬局", "機関区分": 5, "都道府県コード": 18, "市区町村コード": 201, "所在地": "福井県福井市下江守町２７－１２", "緯度": 36.044044, "経度": 136.181526, "url": "https://www.iryou.teikyouseido.mhlw.go.jp/znk-web/juminkanja/S2430/initialize?prefCd=18&kikanCd=7180503600&kikanKbn=nan", "url2": "https://www.kusuri-aoki.co.jp/", "内容": "クスリのアオキ　下江守薬局0福井県福井市下江守町２７－１２" }, "geometry": { "type": "Point", "coordinates": [ 136.181526, 36.044044 ] } },
{ "type": "Feature", "properties": { "ID": 1857180503650, "正式名称": "クスリのアオキ　東鯖江薬局", "機関区分": 5, "都道府県コード": 18, "市区町村コード": 207, "所在地": "福井県鯖江市五郎丸町７４番地", "緯度": 35.939212, "経度": 136.192944, "url": "https://www.iryou.teikyouseido.mhlw.go.jp/znk-web/juminkanja/S2430/initialize?prefCd=18&kikanCd=7180503650&kikanKbn=nan", "url2": "https://www.kusuri-aoki.co.jp/", "内容": "クスリのアオキ　東鯖江薬局0福井県鯖江市五郎丸町７４番地" }, "geometry": { "type": "Point", "coordinates": [ 136.192944, 35.939212 ] } },
{ "type": "Feature", "properties": { "ID": 1857180503690, "正式名称": "スギ薬局　敦賀病院前店", "機関区分": 5, "都道府県コード": 18, "市区町村コード": 202, "所在地": "福井県敦賀市結城町１７－１３", "緯度": 36.065178, "経度": 136.221527, "url": "https://www.iryou.teikyouseido.mhlw.go.jp/znk-web/juminkanja/S2430/initialize?prefCd=18&kikanCd=7180503690&kikanKbn=nan", "url2": "https://www.drug-sugi.co.jp", "内容": "スギ薬局　敦賀病院前店0福井県敦賀市結城町１７－１３" }, "geometry": { "type": "Point", "coordinates": [ 136.221527, 36.065178 ] } },
{ "type": "Feature", "properties": { "ID": 1857180503760, "正式名称": "ウエルシア薬局　福大病院前店", "機関区分": 5, "都道府県コード": 18, "市区町村コード": 322, "所在地": "福井県吉田郡永平寺町松岡下合月第２２号１３番地１", "緯度": 36.065178, "経度": 136.221527, "url": "https://www.iryou.teikyouseido.mhlw.go.jp/znk-web/juminkanja/S2430/initialize?prefCd=18&kikanCd=7180503760&kikanKbn=nan", "url2": "www.welcia-yakkyoku.co.jp", "内容": "ウエルシア薬局　福大病院前店0福井県吉田郡永平寺町松岡下合月第２２号１３番地１" }, "geometry": { "type": "Point", "coordinates": [ 136.221527, 36.065178 ] } },
{ "type": "Feature", "properties": { "ID": 1857180503770, "正式名称": "ウエルシア薬局鯖江鳥羽店", "機関区分": 5, "都道府県コード": 18, "市区町村コード": 207, "所在地": "福井県鯖江市鳥羽三丁目９０３番地", "緯度": 36.065178, "経度": 136.221527, "url": "https://www.iryou.teikyouseido.mhlw.go.jp/znk-web/juminkanja/S2430/initialize?prefCd=18&kikanCd=7180503770&kikanKbn=nan", "url2": "https://store.welcia.co.jp/welcia/spot/detail?code=8716D", "内容": "ウエルシア薬局鯖江鳥羽店0福井県鯖江市鳥羽三丁目９０３番地" }, "geometry": { "type": "Point", "coordinates": [ 136.221527, 36.065178 ] } },
{ "type": "Feature", "properties": { "ID": 1857180503830, "正式名称": "ポプラ調剤薬局　二の宮店", "機関区分": 5, "都道府県コード": 18, "市区町村コード": 201, "所在地": "福井県福井市二の宮２－２５－２０", "緯度": 36.087115, "経度": 136.223107, "url": "https://www.iryou.teikyouseido.mhlw.go.jp/znk-web/juminkanja/S2430/initialize?prefCd=18&kikanCd=7180503830&kikanKbn=nan", "url2": null, "内容": "ポプラ調剤薬局　二の宮店0福井県福井市二の宮２－２５－２０" }, "geometry": { "type": "Point", "coordinates": [ 136.223107, 36.087115 ] } },
{ "type": "Feature", "properties": { "ID": 1857180503850, "正式名称": "調剤薬局　薬報堂　新田塚店", "機関区分": 5, "都道府県コード": 18, "市区町村コード": 201, "所在地": "福井県福井市新田塚町１０８番", "緯度": 36.088017, "経度": 136.215183, "url": "https://www.iryou.teikyouseido.mhlw.go.jp/znk-web/juminkanja/S2430/initialize?prefCd=18&kikanCd=7180503850&kikanKbn=nan", "url2": "yakuhoudou.jp", "内容": "調剤薬局　薬報堂　新田塚店0福井県福井市新田塚町１０８番" }, "geometry": { "type": "Point", "coordinates": [ 136.215183, 36.088017 ] } },
{ "type": "Feature", "properties": { "ID": 1857180503880, "正式名称": "スギ薬局　敦賀南店", "機関区分": 5, "都道府県コード": 18, "市区町村コード": 202, "所在地": "福井県敦賀市古田刈６９－３０６", "緯度": 35.628968, "経度": 136.067871, "url": "https://www.iryou.teikyouseido.mhlw.go.jp/znk-web/juminkanja/S2430/initialize?prefCd=18&kikanCd=7180503880&kikanKbn=nan", "url2": "https://www.drug-sugi.co.jp", "内容": "スギ薬局　敦賀南店0福井県敦賀市古田刈６９－３０６" }, "geometry": { "type": "Point", "coordinates": [ 136.067871, 35.628968 ] } },
{ "type": "Feature", "properties": { "ID": 1857180503930, "正式名称": "クオール薬局新保店", "機関区分": 5, "都道府県コード": 18, "市区町村コード": 201, "所在地": "福井県福井市新保２－４０２", "緯度": 36.078825, "経度": 136.250938, "url": "https://www.iryou.teikyouseido.mhlw.go.jp/znk-web/juminkanja/S2430/initialize?prefCd=18&kikanCd=7180503930&kikanKbn=nan", "url2": "https://www.qol-net.co.jp/", "内容": "クオール薬局新保店0福井県福井市新保２－４０２" }, "geometry": { "type": "Point", "coordinates": [ 136.250938, 36.078825 ] } },
{ "type": "Feature", "properties": { "ID": 1857180503990, "正式名称": "大和田らいふ薬局", "機関区分": 5, "都道府県コード": 18, "市区町村コード": 201, "所在地": "福井県福井市大和田２丁目４２２番地", "緯度": 36.09475, "経度": 136.247822, "url": "https://www.iryou.teikyouseido.mhlw.go.jp/znk-web/juminkanja/S2430/initialize?prefCd=18&kikanCd=7180503990&kikanKbn=nan", "url2": "http://www.life-jp.com/", "内容": "大和田らいふ薬局0福井県福井市大和田２丁目４２２番地" }, "geometry": { "type": "Point", "coordinates": [ 136.247822, 36.09475 ] } },
{ "type": "Feature", "properties": { "ID": 1857180504000, "正式名称": "エーワン薬局　春日店", "機関区分": 5, "都道府県コード": 18, "市区町村コード": 201, "所在地": "福井県福井市春日町２３７－２", "緯度": 36.049804, "経度": 136.2204, "url": "https://www.iryou.teikyouseido.mhlw.go.jp/znk-web/juminkanja/S2430/initialize?prefCd=18&kikanCd=7180504000&kikanKbn=nan", "url2": null, "内容": "エーワン薬局　春日店0福井県福井市春日町２３７－２" }, "geometry": { "type": "Point", "coordinates": [ 136.2204, 36.049804 ] } },
{ "type": "Feature", "properties": { "ID": 1857180504010, "正式名称": "エンゼル調剤薬局　新田塚店", "機関区分": 5, "都道府県コード": 18, "市区町村コード": 201, "所在地": "福井県福井市新田塚１丁目３５－２６", "緯度": 36.09137, "経度": 136.205974, "url": "https://www.iryou.teikyouseido.mhlw.go.jp/znk-web/juminkanja/S2430/initialize?prefCd=18&kikanCd=7180504010&kikanKbn=nan", "url2": "https://angel-pharma.jp/", "内容": "エンゼル調剤薬局　新田塚店0福井県福井市新田塚１丁目３５－２６" }, "geometry": { "type": "Point", "coordinates": [ 136.205974, 36.09137 ] } },
{ "type": "Feature", "properties": { "ID": 1857180504070, "正式名称": "クスリのアオキ高浜薬局", "機関区分": 5, "都道府県コード": 18, "市区町村コード": 481, "所在地": "福井県大飯郡高浜町宮崎８７北潮入６番地７", "緯度": 36.065178, "経度": 136.221527, "url": "https://www.iryou.teikyouseido.mhlw.go.jp/znk-web/juminkanja/S2430/initialize?prefCd=18&kikanCd=7180504070&kikanKbn=nan", "url2": "https://www.kusuri-aoki.co.jp/", "内容": "クスリのアオキ高浜薬局0福井県大飯郡高浜町宮崎８７北潮入６番地７" }, "geometry": { "type": "Point", "coordinates": [ 136.221527, 36.065178 ] } },
{ "type": "Feature", "properties": { "ID": 1857180504100, "正式名称": "てあり薬局", "機関区分": 5, "都道府県コード": 18, "市区町村コード": 201, "所在地": "福井県福井市渕２丁目９０２番地", "緯度": 36.042053, "経度": 136.188348, "url": "https://www.iryou.teikyouseido.mhlw.go.jp/znk-web/juminkanja/S2430/initialize?prefCd=18&kikanCd=7180504100&kikanKbn=nan", "url2": null, "内容": "てあり薬局0福井県福井市渕２丁目９０２番地" }, "geometry": { "type": "Point", "coordinates": [ 136.188348, 36.042053 ] } },
{ "type": "Feature", "properties": { "ID": 1857180504140, "正式名称": "クスリのアオキ　鯖江丸山薬局", "機関区分": 5, "都道府県コード": 18, "市区町村コード": 207, "所在地": "福井県鯖江市丸山町４丁目１番４１号", "緯度": 35.982555, "経度": 136.180076, "url": "https://www.iryou.teikyouseido.mhlw.go.jp/znk-web/juminkanja/S2430/initialize?prefCd=18&kikanCd=7180504140&kikanKbn=nan", "url2": "https://www.kusuri-aoki.co.jp/", "内容": "クスリのアオキ　鯖江丸山薬局0福井県鯖江市丸山町４丁目１番４１号" }, "geometry": { "type": "Point", "coordinates": [ 136.180076, 35.982555 ] } },
{ "type": "Feature", "properties": { "ID": 1857180504150, "正式名称": "クスリのアオキ　舟津薬局", "機関区分": 5, "都道府県コード": 18, "市区町村コード": 207, "所在地": "福井県鯖江市舟津町四丁目１３番１７号", "緯度": 35.932637, "経度": 136.179919, "url": "https://www.iryou.teikyouseido.mhlw.go.jp/znk-web/juminkanja/S2430/initialize?prefCd=18&kikanCd=7180504150&kikanKbn=nan", "url2": "https://www.kusuri-aoki.co.jp/", "内容": "クスリのアオキ　舟津薬局0福井県鯖江市舟津町四丁目１３番１７号" }, "geometry": { "type": "Point", "coordinates": [ 136.179919, 35.932637 ] } },
{ "type": "Feature", "properties": { "ID": 1857180504240, "正式名称": "ホームセンターみつわ薬局武生店", "機関区分": 5, "都道府県コード": 18, "市区町村コード": 209, "所在地": "福井県越前市畑町５－１８", "緯度": 35.883844, "経度": 136.177828, "url": "https://www.iryou.teikyouseido.mhlw.go.jp/znk-web/juminkanja/S2430/initialize?prefCd=18&kikanCd=7180504240&kikanKbn=nan", "url2": "http://www.hc-mitsuwa.com", "内容": "ホームセンターみつわ薬局武生店0福井県越前市畑町５－１８" }, "geometry": { "type": "Point", "coordinates": [ 136.177828, 35.883844 ] } },
{ "type": "Feature", "properties": { "ID": 1857180504250, "正式名称": "クスリのアオキ江守中薬局", "機関区分": 5, "都道府県コード": 18, "市区町村コード": 201, "所在地": "福井県福井市江守中２丁目１５０７番地", "緯度": 36.037146, "経度": 136.195574, "url": "https://www.iryou.teikyouseido.mhlw.go.jp/znk-web/juminkanja/S2430/initialize?prefCd=18&kikanCd=7180504250&kikanKbn=nan", "url2": "https://www.kusuri-aoki.co.jp/", "内容": "クスリのアオキ江守中薬局0福井県福井市江守中２丁目１５０７番地" }, "geometry": { "type": "Point", "coordinates": [ 136.195574, 36.037146 ] } },
{ "type": "Feature", "properties": { "ID": 1857180504270, "正式名称": "ウエルシア薬局敦賀中央町店", "機関区分": 5, "都道府県コード": 18, "市区町村コード": 202, "所在地": "福井県敦賀市中央町２丁目４番", "緯度": 35.643354, "経度": 136.055576, "url": "https://www.iryou.teikyouseido.mhlw.go.jp/znk-web/juminkanja/S2430/initialize?prefCd=18&kikanCd=7180504270&kikanKbn=nan", "url2": "https://store.welcia.co.jp/welcia/spot/detail?code=8719D", "内容": "ウエルシア薬局敦賀中央町店0福井県敦賀市中央町２丁目４番" }, "geometry": { "type": "Point", "coordinates": [ 136.055576, 35.643354 ] } },
{ "type": "Feature", "properties": { "ID": 1857180504310, "正式名称": "クスリのアオキ　勝山旭薬局", "機関区分": 5, "都道府県コード": 18, "市区町村コード": 206, "所在地": "福井県勝山市旭町１丁目１３９番", "緯度": 36.065178, "経度": 136.221527, "url": "https://www.iryou.teikyouseido.mhlw.go.jp/znk-web/juminkanja/S2430/initialize?prefCd=18&kikanCd=7180504310&kikanKbn=nan", "url2": "https://www.kusuri-aoki.co.jp/", "内容": "クスリのアオキ　勝山旭薬局0福井県勝山市旭町１丁目１３９番" }, "geometry": { "type": "Point", "coordinates": [ 136.221527, 36.065178 ] } },
{ "type": "Feature", "properties": { "ID": 1857180504320, "正式名称": "スギ薬局勝山店", "機関区分": 5, "都道府県コード": 18, "市区町村コード": 206, "所在地": "福井県勝山市芳野町二丁目１番２９号", "緯度": 36.066551, "経度": 136.49836, "url": "https://www.iryou.teikyouseido.mhlw.go.jp/znk-web/juminkanja/S2430/initialize?prefCd=18&kikanCd=7180504320&kikanKbn=nan", "url2": "https://www.drug-sugi.co.jp/", "内容": "スギ薬局勝山店0福井県勝山市芳野町二丁目１番２９号" }, "geometry": { "type": "Point", "coordinates": [ 136.49836, 36.066551 ] } },
{ "type": "Feature", "properties": { "ID": 1857180504330, "正式名称": "アルプ薬局花月店", "機関区分": 5, "都道府県コード": 18, "市区町村コード": 201, "所在地": "福井県福井市花月２丁目９番１号", "緯度": 36.068194, "経度": 136.209036, "url": "https://www.iryou.teikyouseido.mhlw.go.jp/znk-web/juminkanja/S2430/initialize?prefCd=18&kikanCd=7180504330&kikanKbn=nan", "url2": "http://www.alp-grp.jp/", "内容": "アルプ薬局花月店0福井県福井市花月２丁目９番１号" }, "geometry": { "type": "Point", "coordinates": [ 136.209036, 36.068194 ] } },
{ "type": "Feature", "properties": { "ID": 1857180504340, "正式名称": "ウエルシア薬局福井北四ツ居店", "機関区分": 5, "都道府県コード": 18, "市区町村コード": 201, "所在地": "福井県福井市北四ツ居１－２５－１", "緯度": 36.063435, "経度": 136.246404, "url": "https://www.iryou.teikyouseido.mhlw.go.jp/znk-web/juminkanja/S2430/initialize?prefCd=18&kikanCd=7180504340&kikanKbn=nan", "url2": null, "内容": "ウエルシア薬局福井北四ツ居店0福井県福井市北四ツ居１－２５－１" }, "geometry": { "type": "Point", "coordinates": [ 136.246404, 36.063435 ] } },
{ "type": "Feature", "properties": { "ID": 1857180504350, "正式名称": "ウエルシア薬局鯖江上河端町店", "機関区分": 5, "都道府県コード": 18, "市区町村コード": 207, "所在地": "福井県鯖江市上河端町３－２５", "緯度": 36.065178, "経度": 136.221527, "url": "https://www.iryou.teikyouseido.mhlw.go.jp/znk-web/juminkanja/S2430/initialize?prefCd=18&kikanCd=7180504350&kikanKbn=nan", "url2": "https://store.welcia.co.jp/welcia/spot/detail?code=8718D", "内容": "ウエルシア薬局鯖江上河端町店0福井県鯖江市上河端町３－２５" }, "geometry": { "type": "Point", "coordinates": [ 136.221527, 36.065178 ] } },
{ "type": "Feature", "properties": { "ID": 1857180504360, "正式名称": "クスリのアオキ吉野薬局", "機関区分": 5, "都道府県コード": 18, "市区町村コード": 209, "所在地": "福井県越前市芝原三丁目４番２２号", "緯度": 35.91705, "経度": 136.157161, "url": "https://www.iryou.teikyouseido.mhlw.go.jp/znk-web/juminkanja/S2430/initialize?prefCd=18&kikanCd=7180504360&kikanKbn=nan", "url2": "https://www.kusuri-aoki.co.jp", "内容": "クスリのアオキ吉野薬局0福井県越前市芝原三丁目４番２２号" }, "geometry": { "type": "Point", "coordinates": [ 136.157161, 35.91705 ] } },
{ "type": "Feature", "properties": { "ID": 1857180504370, "正式名称": "Ｖ・ｄｒｕｇ鯖江河和田薬局", "機関区分": 5, "都道府県コード": 18, "市区町村コード": 207, "所在地": "福井県鯖江市河和田町１９－５－１", "緯度": 35.951077, "経度": 136.273383, "url": "https://www.iryou.teikyouseido.mhlw.go.jp/znk-web/juminkanja/S2430/initialize?prefCd=18&kikanCd=7180504370&kikanKbn=nan", "url2": "https://vdrug.co.jp/pharmacy/", "内容": "Ｖ・ｄｒｕｇ鯖江河和田薬局0福井県鯖江市河和田町１９－５－１" }, "geometry": { "type": "Point", "coordinates": [ 136.273383, 35.951077 ] } },
{ "type": "Feature", "properties": { "ID": 1857180504380, "正式名称": "ほほえみ薬局", "機関区分": 5, "都道府県コード": 18, "市区町村コード": 501, "所在地": "福井県三方上中郡若狭町北前川５１ー１９ー２", "緯度": 35.549069, "経度": 135.911643, "url": "https://www.iryou.teikyouseido.mhlw.go.jp/znk-web/juminkanja/S2430/initialize?prefCd=18&kikanCd=7180504380&kikanKbn=nan", "url2": null, "内容": "ほほえみ薬局0福井県三方上中郡若狭町北前川５１ー１９ー２" }, "geometry": { "type": "Point", "coordinates": [ 135.911643, 35.549069 ] } },
{ "type": "Feature", "properties": { "ID": 1857180504400, "正式名称": "ブイドラッグ福井空港前薬局", "機関区分": 5, "都道府県コード": 18, "市区町村コード": 210, "所在地": "福井県坂井市春江町藤鷲塚４０－２４", "緯度": 36.141794, "経度": 136.220225, "url": "https://www.iryou.teikyouseido.mhlw.go.jp/znk-web/juminkanja/S2430/initialize?prefCd=18&kikanCd=7180504400&kikanKbn=nan", "url2": "https://vdrug.co.jp/pharmacy/", "内容": "ブイドラッグ福井空港前薬局0福井県坂井市春江町藤鷲塚４０－２４" }, "geometry": { "type": "Point", "coordinates": [ 136.220225, 36.141794 ] } },
{ "type": "Feature", "properties": { "ID": 1857180504410, "正式名称": "ユニスマイル薬局　三六町店", "機関区分": 5, "都道府県コード": 18, "市区町村コード": 207, "所在地": "福井県鯖江市三六町１－１－２６", "緯度": 35.970002, "経度": 136.178862, "url": "https://www.iryou.teikyouseido.mhlw.go.jp/znk-web/juminkanja/S2430/initialize?prefCd=18&kikanCd=7180504410&kikanKbn=nan", "url2": "https://unismile.co.jp/", "内容": "ユニスマイル薬局　三六町店0福井県鯖江市三六町１－１－２６" }, "geometry": { "type": "Point", "coordinates": [ 136.178862, 35.970002 ] } },
{ "type": "Feature", "properties": { "ID": 1857180504430, "正式名称": "新松崎薬局", "機関区分": 5, "都道府県コード": 18, "市区町村コード": 201, "所在地": "福井県福井市照手１－１１－８", "緯度": 36.066696, "経度": 136.210595, "url": "https://www.iryou.teikyouseido.mhlw.go.jp/znk-web/juminkanja/S2430/initialize?prefCd=18&kikanCd=7180504430&kikanKbn=nan", "url2": null, "内容": "新松崎薬局0福井県福井市照手１－１１－８" }, "geometry": { "type": "Point", "coordinates": [ 136.210595, 36.066696 ] } },
{ "type": "Feature", "properties": { "ID": 1857180504450, "正式名称": "南山堂薬局米松店", "機関区分": 5, "都道府県コード": 18, "市区町村コード": 201, "所在地": "福井県福井市北四ツ居３－３－３", "緯度": 36.068395, "経度": 136.243475, "url": "https://www.iryou.teikyouseido.mhlw.go.jp/znk-web/juminkanja/S2430/initialize?prefCd=18&kikanCd=7180504450&kikanKbn=nan", "url2": "https://www.nanzando.co.jp/yonematsu.html", "内容": "南山堂薬局米松店0福井県福井市北四ツ居３－３－３" }, "geometry": { "type": "Point", "coordinates": [ 136.243475, 36.068395 ] } },
{ "type": "Feature", "properties": { "ID": 1857180504640, "正式名称": "アルプ薬局木田店", "機関区分": 5, "都道府県コード": 18, "市区町村コード": 201, "所在地": "福井県福井市木田２－１６０７", "緯度": 36.04591, "経度": 136.223649, "url": "https://www.iryou.teikyouseido.mhlw.go.jp/znk-web/juminkanja/S2430/initialize?prefCd=18&kikanCd=7180504640&kikanKbn=nan", "url2": "https://www.alp-grp.jp", "内容": "アルプ薬局木田店0福井県福井市木田２－１６０７" }, "geometry": { "type": "Point", "coordinates": [ 136.223649, 36.04591 ] } },
{ "type": "Feature", "properties": { "ID": 1857180504660, "正式名称": "クスリのアオキ美浜薬局", "機関区分": 5, "都道府県コード": 18, "市区町村コード": 442, "所在地": "福井県三方郡美浜町木野第２２号７番地の２", "緯度": 36.065178, "経度": 136.221527, "url": "https://www.iryou.teikyouseido.mhlw.go.jp/znk-web/juminkanja/S2430/initialize?prefCd=18&kikanCd=7180504660&kikanKbn=nan", "url2": "https://www.kusuri-aoki.co.jp/", "内容": "クスリのアオキ美浜薬局0福井県三方郡美浜町木野第２２号７番地の２" }, "geometry": { "type": "Point", "coordinates": [ 136.221527, 36.065178 ] } },
{ "type": "Feature", "properties": { "ID": 1857180504720, "正式名称": "さくら薬局　坂井丸岡店", "機関区分": 5, "都道府県コード": 18, "市区町村コード": 210, "所在地": "福井県坂井市丸岡町羽崎３２－７－４", "緯度": 36.115838, "経度": 136.262283, "url": "https://www.iryou.teikyouseido.mhlw.go.jp/znk-web/juminkanja/S2430/initialize?prefCd=18&kikanCd=7180504720&kikanKbn=nan", "url2": "http://www.kraft-net.co.jp/sakura/store/3759/", "内容": "さくら薬局　坂井丸岡店0福井県坂井市丸岡町羽崎３２－７－４" }, "geometry": { "type": "Point", "coordinates": [ 136.262283, 36.115838 ] } },
{ "type": "Feature", "properties": { "ID": 1857180504730, "正式名称": "アイン薬局福井県済生会病院店", "機関区分": 5, "都道府県コード": 18, "市区町村コード": 201, "所在地": "福井県福井市和田中町舟橋７－１", "緯度": 36.065178, "経度": 136.221527, "url": "https://www.iryou.teikyouseido.mhlw.go.jp/znk-web/juminkanja/S2430/initialize?prefCd=18&kikanCd=7180504730&kikanKbn=nan", "url2": "www.ainj.co.jp", "内容": "アイン薬局福井県済生会病院店0福井県福井市和田中町舟橋７－１" }, "geometry": { "type": "Point", "coordinates": [ 136.221527, 36.065178 ] } },
{ "type": "Feature", "properties": { "ID": 1857180504740, "正式名称": "クスリのアオキ新保薬局", "機関区分": 5, "都道府県コード": 18, "市区町村コード": 201, "所在地": "福井県福井市新保三丁目２２１５番地", "緯度": 36.080533, "経度": 136.253129, "url": "https://www.iryou.teikyouseido.mhlw.go.jp/znk-web/juminkanja/S2430/initialize?prefCd=18&kikanCd=7180504740&kikanKbn=nan", "url2": "https://www.kusuri-aoki.co.jp/", "内容": "クスリのアオキ新保薬局0福井県福井市新保三丁目２２１５番地" }, "geometry": { "type": "Point", "coordinates": [ 136.253129, 36.080533 ] } },
{ "type": "Feature", "properties": { "ID": 1857180504750, "正式名称": "スギ薬局　花堂店", "機関区分": 5, "都道府県コード": 18, "市区町村コード": 201, "所在地": "福井県福井市花堂中２－２６－６", "緯度": 36.036883, "経度": 136.213432, "url": "https://www.iryou.teikyouseido.mhlw.go.jp/znk-web/juminkanja/S2430/initialize?prefCd=18&kikanCd=7180504750&kikanKbn=nan", "url2": "https://www.sugi-net.jp/stores/001793", "内容": "スギ薬局　花堂店0福井県福井市花堂中２－２６－６" }, "geometry": { "type": "Point", "coordinates": [ 136.213432, 36.036883 ] } },
{ "type": "Feature", "properties": { "ID": 1857180504760, "正式名称": "調剤薬局　薬報堂ふじ", "機関区分": 5, "都道府県コード": 18, "市区町村コード": 201, "所在地": "福井県福井市文京５－２－１７", "緯度": 36.074908, "経度": 136.206608, "url": "https://www.iryou.teikyouseido.mhlw.go.jp/znk-web/juminkanja/S2430/initialize?prefCd=18&kikanCd=7180504760&kikanKbn=nan", "url2": "yakuhoudou.jp", "内容": "調剤薬局　薬報堂ふじ0福井県福井市文京５－２－１７" }, "geometry": { "type": "Point", "coordinates": [ 136.206608, 36.074908 ] } },
{ "type": "Feature", "properties": { "ID": 1857180504780, "正式名称": "森田らいふ薬局", "機関区分": 5, "都道府県コード": 18, "市区町村コード": 201, "所在地": "福井県福井市石盛町１－１８１２－１", "緯度": 36.115702, "経度": 136.230185, "url": "https://www.iryou.teikyouseido.mhlw.go.jp/znk-web/juminkanja/S2430/initialize?prefCd=18&kikanCd=7180504780&kikanKbn=nan", "url2": "http://www.life-jp.com/", "内容": "森田らいふ薬局0福井県福井市石盛町１－１８１２－１" }, "geometry": { "type": "Point", "coordinates": [ 136.230185, 36.115702 ] } },
{ "type": "Feature", "properties": { "ID": 1857180504810, "正式名称": "スギ薬局灯明寺店", "機関区分": 5, "都道府県コード": 18, "市区町村コード": 201, "所在地": "福井県福井市灯明寺４丁目１０４番地", "緯度": 36.094756, "経度": 136.210374, "url": "https://www.iryou.teikyouseido.mhlw.go.jp/znk-web/juminkanja/S2430/initialize?prefCd=18&kikanCd=7180504810&kikanKbn=nan", "url2": "http://www.drug-sugi.co.jp/", "内容": "スギ薬局灯明寺店0福井県福井市灯明寺４丁目１０４番地" }, "geometry": { "type": "Point", "coordinates": [ 136.210374, 36.094756 ] } },
{ "type": "Feature", "properties": { "ID": 1857180504840, "正式名称": "カドノ薬局　津内店", "機関区分": 5, "都道府県コード": 18, "市区町村コード": 202, "所在地": "福井県敦賀市津内町３丁目７－８", "緯度": 36.065178, "経度": 136.221527, "url": "https://www.iryou.teikyouseido.mhlw.go.jp/znk-web/juminkanja/S2430/initialize?prefCd=18&kikanCd=7180504840&kikanKbn=nan", "url2": null, "内容": "カドノ薬局　津内店0福井県敦賀市津内町３丁目７－８" }, "geometry": { "type": "Point", "coordinates": [ 136.221527, 36.065178 ] } },
{ "type": "Feature", "properties": { "ID": 1857180504870, "正式名称": "まるちゃん薬局　敦賀店", "機関区分": 5, "都道府県コード": 18, "市区町村コード": 202, "所在地": "福井県敦賀市清水町１－２４－１０", "緯度": 35.649154, "経度": 136.075947, "url": "https://www.iryou.teikyouseido.mhlw.go.jp/znk-web/juminkanja/S2430/initialize?prefCd=18&kikanCd=7180504870&kikanKbn=nan", "url2": "taiga-emg.com", "内容": "まるちゃん薬局　敦賀店0福井県敦賀市清水町１－２４－１０" }, "geometry": { "type": "Point", "coordinates": [ 136.075947, 35.649154 ] } },
{ "type": "Feature", "properties": { "ID": 1857180504890, "正式名称": "クスリのアオキ志比口薬局", "機関区分": 5, "都道府県コード": 18, "市区町村コード": 201, "所在地": "福井県福井市志比口３丁目１番７号", "緯度": 36.071847, "経度": 136.233818, "url": "https://www.iryou.teikyouseido.mhlw.go.jp/znk-web/juminkanja/S2430/initialize?prefCd=18&kikanCd=7180504890&kikanKbn=nan", "url2": "https://www.kusuri-aoki.co.jp/", "内容": "クスリのアオキ志比口薬局0福井県福井市志比口３丁目１番７号" }, "geometry": { "type": "Point", "coordinates": [ 136.233818, 36.071847 ] } },
{ "type": "Feature", "properties": { "ID": 1857180504900, "正式名称": "くじら薬局", "機関区分": 5, "都道府県コード": 18, "市区町村コード": 209, "所在地": "福井県越前市瓜生町２９字治郎丸４－１", "緯度": 35.925587, "経度": 136.179949, "url": "https://www.iryou.teikyouseido.mhlw.go.jp/znk-web/juminkanja/S2430/initialize?prefCd=18&kikanCd=7180504900&kikanKbn=nan", "url2": null, "内容": "くじら薬局0福井県越前市瓜生町２９字治郎丸４－１" }, "geometry": { "type": "Point", "coordinates": [ 136.179949, 35.925587 ] } },
{ "type": "Feature", "properties": { "ID": 1857180504910, "正式名称": "クスリのアオキ上太田薬局", "機関区分": 5, "都道府県コード": 18, "市区町村コード": 209, "所在地": "福井県越前市上太田町第５０号３番地１", "緯度": 35.902035, "経度": 136.146259, "url": "https://www.iryou.teikyouseido.mhlw.go.jp/znk-web/juminkanja/S2430/initialize?prefCd=18&kikanCd=7180504910&kikanKbn=nan", "url2": "https://www.kusuri-aoki.co.jp/", "内容": "クスリのアオキ上太田薬局0福井県越前市上太田町第５０号３番地１" }, "geometry": { "type": "Point", "coordinates": [ 136.146259, 35.902035 ] } },
{ "type": "Feature", "properties": { "ID": 1857180504920, "正式名称": "クスリのアオキ今宿薬局", "機関区分": 5, "都道府県コード": 18, "市区町村コード": 209, "所在地": "福井県越前市今宿町", "緯度": 35.861997, "経度": 136.167659, "url": "https://www.iryou.teikyouseido.mhlw.go.jp/znk-web/juminkanja/S2430/initialize?prefCd=18&kikanCd=7180504920&kikanKbn=nan", "url2": "https://www.kusuri-aoki.co.jp/", "内容": "クスリのアオキ今宿薬局0福井県越前市今宿町" }, "geometry": { "type": "Point", "coordinates": [ 136.167659, 35.861997 ] } },
{ "type": "Feature", "properties": { "ID": 1857180504940, "正式名称": "クスリのアオキ新敦賀薬局", "機関区分": 5, "都道府県コード": 18, "市区町村コード": 202, "所在地": "福井県敦賀市呉竹町２丁目５番６号", "緯度": 35.646287, "経度": 136.058593, "url": "https://www.iryou.teikyouseido.mhlw.go.jp/znk-web/juminkanja/S2430/initialize?prefCd=18&kikanCd=7180504940&kikanKbn=nan", "url2": "https://www.kusuri-aoki.co.jp/", "内容": "クスリのアオキ新敦賀薬局0福井県敦賀市呉竹町２丁目５番６号" }, "geometry": { "type": "Point", "coordinates": [ 136.058593, 35.646287 ] } },
{ "type": "Feature", "properties": { "ID": 1857180504970, "正式名称": "ひまわり薬局", "機関区分": 5, "都道府県コード": 18, "市区町村コード": 481, "所在地": "福井県大飯郡高浜町青戸３－１－３１", "緯度": 35.488903, "経度": 135.58797, "url": "https://www.iryou.teikyouseido.mhlw.go.jp/znk-web/juminkanja/S2430/initialize?prefCd=18&kikanCd=7180504970&kikanKbn=nan", "url2": null, "内容": "ひまわり薬局0福井県大飯郡高浜町青戸３－１－３１" }, "geometry": { "type": "Point", "coordinates": [ 135.58797, 35.488903 ] } },
{ "type": "Feature", "properties": { "ID": 1857180504980, "正式名称": "日之出らいふ薬局", "機関区分": 5, "都道府県コード": 18, "市区町村コード": 201, "所在地": "福井県福井市日之出４－１１－１９", "緯度": 36.064111, "経度": 136.23381, "url": "https://www.iryou.teikyouseido.mhlw.go.jp/znk-web/juminkanja/S2430/initialize?prefCd=18&kikanCd=7180504980&kikanKbn=nan", "url2": "https://www.qol-net.co.jp/pharmacy/map/detail.php?id=1156", "内容": "日之出らいふ薬局0福井県福井市日之出４－１１－１９" }, "geometry": { "type": "Point", "coordinates": [ 136.23381, 36.064111 ] } },
{ "type": "Feature", "properties": { "ID": 1857180505010, "正式名称": "正通薬局府中店", "機関区分": 5, "都道府県コード": 18, "市区町村コード": 209, "所在地": "福井県越前市府中２丁目３－２３武生ハイツビル１Ｆ", "緯度": 35.90505, "経度": 136.169151, "url": "https://www.iryou.teikyouseido.mhlw.go.jp/znk-web/juminkanja/S2430/initialize?prefCd=18&kikanCd=7180505010&kikanKbn=nan", "url2": null, "内容": "正通薬局府中店0福井県越前市府中２丁目３－２３武生ハイツビル１Ｆ" }, "geometry": { "type": "Point", "coordinates": [ 136.169151, 35.90505 ] } },
{ "type": "Feature", "properties": { "ID": 1857180505100, "正式名称": "ウエルシア薬局福井文京店", "機関区分": 5, "都道府県コード": 18, "市区町村コード": 201, "所在地": "福井県福井市文京６丁目８番１３号", "緯度": 36.07411, "経度": 136.197533, "url": "https://www.iryou.teikyouseido.mhlw.go.jp/znk-web/juminkanja/S2430/initialize?prefCd=18&kikanCd=7180505100&kikanKbn=nan", "url2": "https://store.welcia.co.jp/welcia/spot/detail?code=8730D", "内容": "ウエルシア薬局福井文京店0福井県福井市文京６丁目８番１３号" }, "geometry": { "type": "Point", "coordinates": [ 136.197533, 36.07411 ] } },
{ "type": "Feature", "properties": { "ID": 1857180505110, "正式名称": "ドレミらいふ薬局", "機関区分": 5, "都道府県コード": 18, "市区町村コード": 209, "所在地": "福井県越前市帆山町９－２２－４", "緯度": 35.895679, "経度": 136.176512, "url": "https://www.iryou.teikyouseido.mhlw.go.jp/znk-web/juminkanja/S2430/initialize?prefCd=18&kikanCd=7180505110&kikanKbn=nan", "url2": "https://www.qol-net.co.jp/pharmacy/map/detail.php?id=1167", "内容": "ドレミらいふ薬局0福井県越前市帆山町９－２２－４" }, "geometry": { "type": "Point", "coordinates": [ 136.176512, 35.895679 ] } },
{ "type": "Feature", "properties": { "ID": 1857180505150, "正式名称": "株式会社　リフレ調剤薬局　大味店", "機関区分": 5, "都道府県コード": 18, "市区町村コード": 210, "所在地": "福井県坂井市坂井町大味２９－１", "緯度": 36.210975, "経度": 136.230383, "url": "https://www.iryou.teikyouseido.mhlw.go.jp/znk-web/juminkanja/S2430/initialize?prefCd=18&kikanCd=7180505150&kikanKbn=nan", "url2": "https://www.refre-pharmacy.jp/company", "内容": "株式会社　リフレ調剤薬局　大味店0福井県坂井市坂井町大味２９－１" }, "geometry": { "type": "Point", "coordinates": [ 136.230383, 36.210975 ] } },
{ "type": "Feature", "properties": { "ID": 1857180505170, "正式名称": "スギ薬局　やしろ店", "機関区分": 5, "都道府県コード": 18, "市区町村コード": 201, "所在地": "福井県福井市渕二丁目１００６番地", "緯度": 36.042376, "経度": 136.187949, "url": "https://www.iryou.teikyouseido.mhlw.go.jp/znk-web/juminkanja/S2430/initialize?prefCd=18&kikanCd=7180505170&kikanKbn=nan", "url2": "https://www.drug-sugi.co.jp/", "内容": "スギ薬局　やしろ店0福井県福井市渕二丁目１００６番地" }, "geometry": { "type": "Point", "coordinates": [ 136.187949, 36.042376 ] } },
{ "type": "Feature", "properties": { "ID": 1857180505180, "正式名称": "クスリのアオキ月見薬局", "機関区分": 5, "都道府県コード": 18, "市区町村コード": 201, "所在地": "福井県福井市月見４丁目２番２８号", "緯度": 36.047853, "経度": 136.204354, "url": "https://www.iryou.teikyouseido.mhlw.go.jp/znk-web/juminkanja/S2430/initialize?prefCd=18&kikanCd=7180505180&kikanKbn=nan", "url2": "https://www.kusuri-aoki.co.jp/", "内容": "クスリのアオキ月見薬局0福井県福井市月見４丁目２番２８号" }, "geometry": { "type": "Point", "coordinates": [ 136.204354, 36.047853 ] } },
{ "type": "Feature", "properties": { "ID": 1857182025001, "正式名称": "リフレ調剤薬局　江留下宇和江店", "機関区分": 5, "都道府県コード": 18, "市区町村コード": 210, "所在地": "福井県坂井市春江町江留下宇和江４０－２", "緯度": 36.126833, "経度": 136.220495, "url": "https://www.iryou.teikyouseido.mhlw.go.jp/znk-web/juminkanja/S2430/initialize?prefCd=18&kikanCd=7182025001&kikanKbn=nan", "url2": "https://www.refre-pharmacy.jp/", "内容": "リフレ調剤薬局　江留下宇和江店0福井県坂井市春江町江留下宇和江４０－２" }, "geometry": { "type": "Point", "coordinates": [ 136.220495, 36.126833 ] } },
{ "type": "Feature", "properties": { "ID": 1857182025002, "正式名称": "丸岡らいふ薬局", "機関区分": 5, "都道府県コード": 18, "市区町村コード": 210, "所在地": "福井県坂井市丸岡町猪爪２丁目２０８", "緯度": 36.141728, "経度": 136.274819, "url": "https://www.iryou.teikyouseido.mhlw.go.jp/znk-web/juminkanja/S2430/initialize?prefCd=18&kikanCd=7182025002&kikanKbn=nan", "url2": "https://hokuriku-qol.jp/", "内容": "丸岡らいふ薬局0福井県坂井市丸岡町猪爪２丁目２０８" }, "geometry": { "type": "Point", "coordinates": [ 136.274819, 36.141728 ] } },
{ "type": "Feature", "properties": { "ID": 1857183024001, "正式名称": "五番イマムラ薬局", "機関区分": 5, "都道府県コード": 18, "市区町村コード": 205, "所在地": "福井県大野市明倫町１１－５", "緯度": 35.982972, "経度": 136.490534, "url": "https://www.iryou.teikyouseido.mhlw.go.jp/znk-web/juminkanja/S2430/initialize?prefCd=18&kikanCd=7183024001&kikanKbn=nan", "url2": null, "内容": "五番イマムラ薬局0福井県大野市明倫町１１－５" }, "geometry": { "type": "Point", "coordinates": [ 136.490534, 35.982972 ] } },
{ "type": "Feature", "properties": { "ID": 1857184024001, "正式名称": "Ｖ・ｄｒｕｇ　鯖江長泉寺薬局", "機関区分": 5, "都道府県コード": 18, "市区町村コード": 207, "所在地": "福井県鯖江市長泉寺町４－１０－１１", "緯度": 35.954919, "経度": 136.191697, "url": "https://www.iryou.teikyouseido.mhlw.go.jp/znk-web/juminkanja/S2430/initialize?prefCd=18&kikanCd=7184024001&kikanKbn=nan", "url2": "https://vdrug.co.jp/pharmacy/", "内容": "Ｖ・ｄｒｕｇ　鯖江長泉寺薬局0福井県鯖江市長泉寺町４－１０－１１" }, "geometry": { "type": "Point", "coordinates": [ 136.191697, 35.954919 ] } },
{ "type": "Feature", "properties": { "ID": 1857187233005, "正式名称": "調剤薬局薬報堂開発店", "機関区分": 5, "都道府県コード": 18, "市区町村コード": 201, "所在地": "福井県福井市開発４－４０１－１", "緯度": 36.084669, "経度": 136.238486, "url": "https://www.iryou.teikyouseido.mhlw.go.jp/znk-web/juminkanja/S2430/initialize?prefCd=18&kikanCd=7187233005&kikanKbn=nan", "url2": "https://yakuhoudou.jp/kaihotsu/", "内容": "調剤薬局薬報堂開発店0福井県福井市開発４－４０１－１" }, "geometry": { "type": "Point", "coordinates": [ 136.238486, 36.084669 ] } },
{ "type": "Feature", "properties": { "ID": 1857187243003, "正式名称": "Ｖ・ｄｒｕｇ　福井松本薬局", "機関区分": 5, "都道府県コード": 18, "市区町村コード": 201, "所在地": "福井県福井市松本２丁目３－１２", "緯度": 36.071138, "経度": 136.226258, "url": "https://www.iryou.teikyouseido.mhlw.go.jp/znk-web/juminkanja/S2430/initialize?prefCd=18&kikanCd=7187243003&kikanKbn=nan", "url2": "https://vdrug.co.jp/pharmacy/", "内容": "Ｖ・ｄｒｕｇ　福井松本薬局0福井県福井市松本２丁目３－１２" }, "geometry": { "type": "Point", "coordinates": [ 136.226258, 36.071138 ] } },
{ "type": "Feature", "properties": { "ID": 1857187243005, "正式名称": "イオン薬局福井開発店", "機関区分": 5, "都道府県コード": 18, "市区町村コード": 201, "所在地": "福井県福井市西開発３丁目２０５番　イオンスタイル福井開発２階", "緯度": 36.082883, "経度": 136.235782, "url": "https://www.iryou.teikyouseido.mhlw.go.jp/znk-web/juminkanja/S2430/initialize?prefCd=18&kikanCd=7187243005&kikanKbn=nan", "url2": "https://www.aeonretail.jp/syohousen/index.html", "内容": "イオン薬局福井開発店0福井県福井市西開発３丁目２０５番　イオンスタイル福井開発２階" }, "geometry": { "type": "Point", "coordinates": [ 136.235782, 36.082883 ] } },
{ "type": "Feature", "properties": { "ID": 1857187243006, "正式名称": "クスリのアオキ福井高柳薬局", "機関区分": 5, "都道府県コード": 18, "市区町村コード": 201, "所在地": "福井県福井市高柳３丁目２２０１番地", "緯度": 36.093202, "経度": 136.241071, "url": "https://www.iryou.teikyouseido.mhlw.go.jp/znk-web/juminkanja/S2430/initialize?prefCd=18&kikanCd=7187243006&kikanKbn=nan", "url2": "https://www.kusuri-aoki.co.jp/", "内容": "クスリのアオキ福井高柳薬局0福井県福井市高柳３丁目２２０１番地" }, "geometry": { "type": "Point", "coordinates": [ 136.241071, 36.093202 ] } },
{ "type": "Feature", "properties": { "ID": 1857187243007, "正式名称": "日本調剤　月見薬局", "機関区分": 5, "都道府県コード": 18, "市区町村コード": 201, "所在地": "福井県福井市月見２丁目３－１１", "緯度": 36.046959, "経度": 136.214699, "url": "https://www.iryou.teikyouseido.mhlw.go.jp/znk-web/juminkanja/S2430/initialize?prefCd=18&kikanCd=7187243007&kikanKbn=nan", "url2": "https://www.nicho.co.jp/tenpo/tsukimi/", "内容": "日本調剤　月見薬局0福井県福井市月見２丁目３－１１" }, "geometry": { "type": "Point", "coordinates": [ 136.214699, 36.046959 ] } },
{ "type": "Feature", "properties": { "ID": 1857187243008, "正式名称": "福井日赤前薬局", "機関区分": 5, "都道府県コード": 18, "市区町村コード": 201, "所在地": "福井県福井市月見２丁目５番２８号", "緯度": 36.04681, "経度": 136.214684, "url": "https://www.iryou.teikyouseido.mhlw.go.jp/znk-web/juminkanja/S2430/initialize?prefCd=18&kikanCd=7187243008&kikanKbn=nan", "url2": null, "内容": "福井日赤前薬局0福井県福井市月見２丁目５番２８号" }, "geometry": { "type": "Point", "coordinates": [ 136.214684, 36.04681 ] } },
{ "type": "Feature", "properties": { "ID": 1857187243009, "正式名称": "たんぽぽ薬局福井日赤店", "機関区分": 5, "都道府県コード": 18, "市区町村コード": 201, "所在地": "福井県福井市月見２丁目３番３号", "緯度": 36.047145, "経度": 136.214353, "url": "https://www.iryou.teikyouseido.mhlw.go.jp/znk-web/juminkanja/S2430/initialize?prefCd=18&kikanCd=7187243009&kikanKbn=nan", "url2": "https://www.tanpopo-ph.co.jp/store/fukuiniseki/", "内容": "たんぽぽ薬局福井日赤店0福井県福井市月見２丁目３番３号" }, "geometry": { "type": "Point", "coordinates": [ 136.214353, 36.047145 ] } },
{ "type": "Feature", "properties": { "ID": 1857187243010, "正式名称": "日本調剤　みのり薬局", "機関区分": 5, "都道府県コード": 18, "市区町村コード": 201, "所在地": "福井県福井市みのり３丁目１０番２号", "緯度": 36.048235, "経度": 136.213866, "url": "https://www.iryou.teikyouseido.mhlw.go.jp/znk-web/juminkanja/S2430/initialize?prefCd=18&kikanCd=7187243010&kikanKbn=nan", "url2": "https://www.nicho.co.jp/tenpo/minori/", "内容": "日本調剤　みのり薬局0福井県福井市みのり３丁目１０番２号" }, "geometry": { "type": "Point", "coordinates": [ 136.213866, 36.048235 ] } },
{ "type": "Feature", "properties": { "ID": 1857187243011, "正式名称": "エンゼル調剤薬局　月見店", "機関区分": 5, "都道府県コード": 18, "市区町村コード": 201, "所在地": "福井県福井市月見２丁目２－８", "緯度": 36.047845, "経度": 136.214406, "url": "https://www.iryou.teikyouseido.mhlw.go.jp/znk-web/juminkanja/S2430/initialize?prefCd=18&kikanCd=7187243011&kikanKbn=nan", "url2": "https://angel-pharma.jp/", "内容": "エンゼル調剤薬局　月見店0福井県福井市月見２丁目２－８" }, "geometry": { "type": "Point", "coordinates": [ 136.214406, 36.047845 ] } },
{ "type": "Feature", "properties": { "ID": 1857187243012, "正式名称": "有限会社　安久薬局　藤島店", "機関区分": 5, "都道府県コード": 18, "市区町村コード": 201, "所在地": "福井県福井市二の宮４丁目９－８", "緯度": 36.083518, "経度": 136.213053, "url": "https://www.iryou.teikyouseido.mhlw.go.jp/znk-web/juminkanja/S2430/initialize?prefCd=18&kikanCd=7187243012&kikanKbn=nan", "url2": "https://anq-pharmacy.co.jp", "内容": "有限会社　安久薬局　藤島店0福井県福井市二の宮４丁目９－８" }, "geometry": { "type": "Point", "coordinates": [ 136.213053, 36.083518 ] } },
{ "type": "Feature", "properties": { "ID": 1857187243013, "正式名称": "クララ調剤薬局月見店", "機関区分": 5, "都道府県コード": 18, "市区町村コード": 201, "所在地": "福井県福井市月見３丁目１－２", "緯度": 36.047934, "経度": 136.211891, "url": "https://www.iryou.teikyouseido.mhlw.go.jp/znk-web/juminkanja/S2430/initialize?prefCd=18&kikanCd=7187243013&kikanKbn=nan", "url2": null, "内容": "クララ調剤薬局月見店0福井県福井市月見３丁目１－２" }, "geometry": { "type": "Point", "coordinates": [ 136.211891, 36.047934 ] } },
{ "type": "Feature", "properties": { "ID": 1857187243014, "正式名称": "ウエルシア薬局福井東森田店", "機関区分": 5, "都道府県コード": 18, "市区町村コード": 201, "所在地": "福井県福井市東森田３－２１５", "緯度": 36.120501, "経度": 136.253427, "url": "https://www.iryou.teikyouseido.mhlw.go.jp/znk-web/juminkanja/S2430/initialize?prefCd=18&kikanCd=7187243014&kikanKbn=nan", "url2": "https://store.welcia.co.jp/welcia/spot/detail?code=8725D", "内容": "ウエルシア薬局福井東森田店0福井県福井市東森田３－２１５" }, "geometry": { "type": "Point", "coordinates": [ 136.253427, 36.120501 ] } },
{ "type": "Feature", "properties": { "ID": 1857187243016, "正式名称": "スギ薬局　福井インター店", "機関区分": 5, "都道府県コード": 18, "市区町村コード": 201, "所在地": "福井県福井市和田中３丁目１２２番地", "緯度": 36.046401, "経度": 136.250889, "url": "https://www.iryou.teikyouseido.mhlw.go.jp/znk-web/juminkanja/S2430/initialize?prefCd=18&kikanCd=7187243016&kikanKbn=nan", "url2": "https://www.drug-sugi.co.jp/", "内容": "スギ薬局　福井インター店0福井県福井市和田中３丁目１２２番地" }, "geometry": { "type": "Point", "coordinates": [ 136.250889, 36.046401 ] } },
{ "type": "Feature", "properties": { "ID": 1857187243017, "正式名称": "アルプ薬局社北店", "機関区分": 5, "都道府県コード": 18, "市区町村コード": 201, "所在地": "福井県福井市若杉４丁目６１２番", "緯度": 36.05719, "経度": 136.185139, "url": "https://www.iryou.teikyouseido.mhlw.go.jp/znk-web/juminkanja/S2430/initialize?prefCd=18&kikanCd=7187243017&kikanKbn=nan", "url2": "https://www.alp-grp.jp/", "内容": "アルプ薬局社北店0福井県福井市若杉４丁目６１２番" }, "geometry": { "type": "Point", "coordinates": [ 136.185139, 36.05719 ] } },
{ "type": "Feature", "properties": { "ID": 1857187253001, "正式名称": "とうごう薬局", "機関区分": 5, "都道府県コード": 18, "市区町村コード": 201, "所在地": "福井県福井市上毘沙門町１－５２－１", "緯度": 36.017034, "経度": 136.275632, "url": "https://www.iryou.teikyouseido.mhlw.go.jp/znk-web/juminkanja/S2430/initialize?prefCd=18&kikanCd=7187253001&kikanKbn=nan", "url2": null, "内容": "とうごう薬局0福井県福井市上毘沙門町１－５２－１" }, "geometry": { "type": "Point", "coordinates": [ 136.275632, 36.017034 ] } },
{ "type": "Feature", "properties": { "ID": 1857187253002, "正式名称": "Ｖ・ｄｒｕｇ　福井文京六丁目薬局", "機関区分": 5, "都道府県コード": 18, "市区町村コード": 201, "所在地": "福井県福井市文京六丁目３４番８号", "緯度": 36.078549, "経度": 136.197846, "url": "https://www.iryou.teikyouseido.mhlw.go.jp/znk-web/juminkanja/S2430/initialize?prefCd=18&kikanCd=7187253002&kikanKbn=nan", "url2": "https://store.vdrug.co.jp/detail/30232/", "内容": "Ｖ・ｄｒｕｇ　福井文京六丁目薬局0福井県福井市文京六丁目３４番８号" }, "geometry": { "type": "Point", "coordinates": [ 136.197846, 36.078549 ] } },
{ "type": "Feature", "properties": { "ID": 1857187253003, "正式名称": "文京らいふ薬局", "機関区分": 5, "都道府県コード": 18, "市区町村コード": 201, "所在地": "福井県福井市文京７丁目１０－５", "緯度": 36.076049, "経度": 136.194599, "url": "https://www.iryou.teikyouseido.mhlw.go.jp/znk-web/juminkanja/S2430/initialize?prefCd=18&kikanCd=7187253003&kikanKbn=nan", "url2": "https://hokuriku-qol.jp/", "内容": "文京らいふ薬局0福井県福井市文京７丁目１０－５" }, "geometry": { "type": "Point", "coordinates": [ 136.194599, 36.076049 ] } },
{ "type": "Feature", "properties": { "ID": 1857187253006, "正式名称": "エンゼル調剤薬局　大宮店", "機関区分": 5, "都道府県コード": 18, "市区町村コード": 201, "所在地": "福井県福井市大宮２丁目３－２８－１", "緯度": 36.081149, "経度": 136.221032, "url": "https://www.iryou.teikyouseido.mhlw.go.jp/znk-web/juminkanja/S2430/initialize?prefCd=18&kikanCd=7187253006&kikanKbn=nan", "url2": "https://angel-pharma.jp/", "内容": "エンゼル調剤薬局　大宮店0福井県福井市大宮２丁目３－２８－１" }, "geometry": { "type": "Point", "coordinates": [ 136.221032, 36.081149 ] } },
{ "type": "Feature", "properties": { "ID": 1857189000030, "正式名称": "オーオカ薬局駅前本店", "機関区分": 5, "都道府県コード": 18, "市区町村コード": 201, "所在地": "福井県福井市中央１－９－３０", "緯度": 36.061756, "経度": 136.220403, "url": "https://www.iryou.teikyouseido.mhlw.go.jp/znk-web/juminkanja/S2430/initialize?prefCd=18&kikanCd=7189000030&kikanKbn=nan", "url2": null, "内容": "オーオカ薬局駅前本店0福井県福井市中央１－９－３０" }, "geometry": { "type": "Point", "coordinates": [ 136.220403, 36.061756 ] } },
{ "type": "Feature", "properties": { "ID": 1857189000060, "正式名称": "株式会社　オカダ薬局", "機関区分": 5, "都道府県コード": 18, "市区町村コード": 201, "所在地": "福井県福井市豊島２－８－３", "緯度": 36.057756, "経度": 136.225097, "url": "https://www.iryou.teikyouseido.mhlw.go.jp/znk-web/juminkanja/S2430/initialize?prefCd=18&kikanCd=7189000060&kikanKbn=nan", "url2": "https://www.okadapharmacy.com", "内容": "株式会社　オカダ薬局0福井県福井市豊島２－８－３" }, "geometry": { "type": "Point", "coordinates": [ 136.225097, 36.057756 ] } },
{ "type": "Feature", "properties": { "ID": 1857189000110, "正式名称": "マドコロ薬局", "機関区分": 5, "都道府県コード": 18, "市区町村コード": 201, "所在地": "福井県福井市西木田３－８－７", "緯度": 36.054617, "経度": 136.211653, "url": "https://www.iryou.teikyouseido.mhlw.go.jp/znk-web/juminkanja/S2430/initialize?prefCd=18&kikanCd=7189000110&kikanKbn=nan", "url2": null, "内容": "マドコロ薬局0福井県福井市西木田３－８－７" }, "geometry": { "type": "Point", "coordinates": [ 136.211653, 36.054617 ] } },
{ "type": "Feature", "properties": { "ID": 1857189000120, "正式名称": "福大前　桐山薬局", "機関区分": 5, "都道府県コード": 18, "市区町村コード": 201, "所在地": "福井県福井市文京４－４－２０", "緯度": 36.0752, "経度": 136.211097, "url": "https://www.iryou.teikyouseido.mhlw.go.jp/znk-web/juminkanja/S2430/initialize?prefCd=18&kikanCd=7189000120&kikanKbn=nan", "url2": null, "内容": "福大前　桐山薬局0福井県福井市文京４－４－２０" }, "geometry": { "type": "Point", "coordinates": [ 136.211097, 36.0752 ] } },
{ "type": "Feature", "properties": { "ID": 1857189000150, "正式名称": "ともやま薬局", "機関区分": 5, "都道府県コード": 18, "市区町村コード": 201, "所在地": "福井県福井市高木２丁目７０１－２０", "緯度": 36.094672, "経度": 136.229986, "url": "https://www.iryou.teikyouseido.mhlw.go.jp/znk-web/juminkanja/S2430/initialize?prefCd=18&kikanCd=7189000150&kikanKbn=nan", "url2": "http://homepage2.nifty.com/kanpoh", "内容": "ともやま薬局0福井県福井市高木２丁目７０１－２０" }, "geometry": { "type": "Point", "coordinates": [ 136.229986, 36.094672 ] } },
{ "type": "Feature", "properties": { "ID": 1857189000180, "正式名称": "有限会社　十字堂薬局", "機関区分": 5, "都道府県コード": 18, "市区町村コード": 201, "所在地": "福井県福井市町屋２－９－１８－１Ｆ", "緯度": 36.079024, "経度": 136.228795, "url": "https://www.iryou.teikyouseido.mhlw.go.jp/znk-web/juminkanja/S2430/initialize?prefCd=18&kikanCd=7189000180&kikanKbn=nan", "url2": "https://jujidou-ph.storeinfo.jp/", "内容": "有限会社　十字堂薬局0福井県福井市町屋２－９－１８－１Ｆ" }, "geometry": { "type": "Point", "coordinates": [ 136.228795, 36.079024 ] } },
{ "type": "Feature", "properties": { "ID": 1857189000280, "正式名称": "ひさの薬局", "機関区分": 5, "都道府県コード": 18, "市区町村コード": 201, "所在地": "福井県福井市文京５－１５－５", "緯度": 36.076381, "経度": 136.203969, "url": "https://www.iryou.teikyouseido.mhlw.go.jp/znk-web/juminkanja/S2430/initialize?prefCd=18&kikanCd=7189000280&kikanKbn=nan", "url2": null, "内容": "ひさの薬局0福井県福井市文京５－１５－５" }, "geometry": { "type": "Point", "coordinates": [ 136.203969, 36.076381 ] } },
{ "type": "Feature", "properties": { "ID": 1857189000320, "正式名称": "一般社団法人福井県薬剤師会水仙薬局", "機関区分": 5, "都道府県コード": 18, "市区町村コード": 322, "所在地": "福井県吉田郡永平寺町松岡御公領９０６", "緯度": 36.107589, "経度": 136.293125, "url": "https://www.iryou.teikyouseido.mhlw.go.jp/znk-web/juminkanja/S2430/initialize?prefCd=18&kikanCd=7189000320&kikanKbn=nan", "url2": "https://www.fukuyaku.or.jp/activity/activity.php?GoBack=S_4_4911_", "内容": "一般社団法人福井県薬剤師会水仙薬局0福井県吉田郡永平寺町松岡御公領９０６" }, "geometry": { "type": "Point", "coordinates": [ 136.293125, 36.107589 ] } },
{ "type": "Feature", "properties": { "ID": 1857189000330, "正式名称": "塚本薬局", "機関区分": 5, "都道府県コード": 18, "市区町村コード": 201, "所在地": "福井県福井市月見２－１－３６", "緯度": 36.048117, "経度": 136.214792, "url": "https://www.iryou.teikyouseido.mhlw.go.jp/znk-web/juminkanja/S2430/initialize?prefCd=18&kikanCd=7189000330&kikanKbn=nan", "url2": null, "内容": "塚本薬局0福井県福井市月見２－１－３６" }, "geometry": { "type": "Point", "coordinates": [ 136.214792, 36.048117 ] } },
{ "type": "Feature", "properties": { "ID": 1857189000350, "正式名称": "有限会社　安久薬局　二の宮店", "機関区分": 5, "都道府県コード": 18, "市区町村コード": 201, "所在地": "福井県福井市二の宮２－３０－１４", "緯度": 36.087394, "経度": 136.225903, "url": "https://www.iryou.teikyouseido.mhlw.go.jp/znk-web/juminkanja/S2430/initialize?prefCd=18&kikanCd=7189000350&kikanKbn=nan", "url2": "https://anq-pharmacy.co.jp/", "内容": "有限会社　安久薬局　二の宮店0福井県福井市二の宮２－３０－１４" }, "geometry": { "type": "Point", "coordinates": [ 136.225903, 36.087394 ] } },
{ "type": "Feature", "properties": { "ID": 1857189000440, "正式名称": "小泉薬局", "機関区分": 5, "都道府県コード": 18, "市区町村コード": 201, "所在地": "福井県福井市照手２－８－１", "緯度": 36.066589, "経度": 136.208986, "url": "https://www.iryou.teikyouseido.mhlw.go.jp/znk-web/juminkanja/S2430/initialize?prefCd=18&kikanCd=7189000440&kikanKbn=nan", "url2": null, "内容": "小泉薬局0福井県福井市照手２－８－１" }, "geometry": { "type": "Point", "coordinates": [ 136.208986, 36.066589 ] } },
{ "type": "Feature", "properties": { "ID": 1857189000470, "正式名称": "越島漢方薬局", "機関区分": 5, "都道府県コード": 18, "市区町村コード": 201, "所在地": "福井県福井市毛矢２－７－６", "緯度": 36.057283, "経度": 136.214569, "url": "https://www.iryou.teikyouseido.mhlw.go.jp/znk-web/juminkanja/S2430/initialize?prefCd=18&kikanCd=7189000470&kikanKbn=nan", "url2": "http://www.koshijima.co.jp/", "内容": "越島漢方薬局0福井県福井市毛矢２－７－６" }, "geometry": { "type": "Point", "coordinates": [ 136.214569, 36.057283 ] } },
{ "type": "Feature", "properties": { "ID": 1857189000480, "正式名称": "ひまわり調剤薬局", "機関区分": 5, "都道府県コード": 18, "市区町村コード": 201, "所在地": "福井県福井市下六条町２１５", "緯度": 36.036411, "経度": 136.232607, "url": "https://www.iryou.teikyouseido.mhlw.go.jp/znk-web/juminkanja/S2430/initialize?prefCd=18&kikanCd=7189000480&kikanKbn=nan", "url2": "http://www.e-classa.net/fukuihimawari/", "内容": "ひまわり調剤薬局0福井県福井市下六条町２１５" }, "geometry": { "type": "Point", "coordinates": [ 136.232607, 36.036411 ] } },
{ "type": "Feature", "properties": { "ID": 1857189000500, "正式名称": "木村薬局", "機関区分": 5, "都道府県コード": 18, "市区町村コード": 322, "所在地": "福井県吉田郡永平寺町東古市１６－５６", "緯度": 36.098783, "経度": 136.325014, "url": "https://www.iryou.teikyouseido.mhlw.go.jp/znk-web/juminkanja/S2430/initialize?prefCd=18&kikanCd=7189000500&kikanKbn=nan", "url2": "https://dotai0922.wixsite.com/kimura-pharmacy", "内容": "木村薬局0福井県吉田郡永平寺町東古市１６－５６" }, "geometry": { "type": "Point", "coordinates": [ 136.325014, 36.098783 ] } },
{ "type": "Feature", "properties": { "ID": 1857189000520, "正式名称": "広部薬局", "機関区分": 5, "都道府県コード": 18, "市区町村コード": 201, "所在地": "福井県福井市松本３－５－７", "緯度": 36.071144, "経度": 136.221319, "url": "https://www.iryou.teikyouseido.mhlw.go.jp/znk-web/juminkanja/S2430/initialize?prefCd=18&kikanCd=7189000520&kikanKbn=nan", "url2": null, "内容": "広部薬局0福井県福井市松本３－５－７" }, "geometry": { "type": "Point", "coordinates": [ 136.221319, 36.071144 ] } },
{ "type": "Feature", "properties": { "ID": 1857189000530, "正式名称": "みゆき薬局", "機関区分": 5, "都道府県コード": 18, "市区町村コード": 201, "所在地": "福井県福井市勝見３－２０－６", "緯度": 36.054314, "経度": 136.233997, "url": "https://www.iryou.teikyouseido.mhlw.go.jp/znk-web/juminkanja/S2430/initialize?prefCd=18&kikanCd=7189000530&kikanKbn=nan", "url2": "https://www.miyukiyakkyoku.com/", "内容": "みゆき薬局0福井県福井市勝見３－２０－６" }, "geometry": { "type": "Point", "coordinates": [ 136.233997, 36.054314 ] } },
{ "type": "Feature", "properties": { "ID": 1857189000550, "正式名称": "愛育堂薬局", "機関区分": 5, "都道府県コード": 18, "市区町村コード": 201, "所在地": "福井県福井市毛矢１－１－２３", "緯度": 36.059533, "経度": 136.215708, "url": "https://www.iryou.teikyouseido.mhlw.go.jp/znk-web/juminkanja/S2430/initialize?prefCd=18&kikanCd=7189000550&kikanKbn=nan", "url2": null, "内容": "愛育堂薬局0福井県福井市毛矢１－１－２３" }, "geometry": { "type": "Point", "coordinates": [ 136.215708, 36.059533 ] } },
{ "type": "Feature", "properties": { "ID": 1857189000560, "正式名称": "福井総合調剤センター薬局", "機関区分": 5, "都道府県コード": 18, "市区町村コード": 201, "所在地": "福井県福井市新田塚１－３５－９", "緯度": 36.091256, "経度": 136.206431, "url": "https://www.iryou.teikyouseido.mhlw.go.jp/znk-web/juminkanja/S2430/initialize?prefCd=18&kikanCd=7189000560&kikanKbn=nan", "url2": "http://aifar.jp/", "内容": "福井総合調剤センター薬局0福井県福井市新田塚１－３５－９" }, "geometry": { "type": "Point", "coordinates": [ 136.206431, 36.091256 ] } },
{ "type": "Feature", "properties": { "ID": 1857189000580, "正式名称": "有限会社　安久薬局　駅前店", "機関区分": 5, "都道府県コード": 18, "市区町村コード": 201, "所在地": "福井県福井市大手２－４－２６　シラサワビル１階", "緯度": 36.063728, "経度": 136.223403, "url": "https://www.iryou.teikyouseido.mhlw.go.jp/znk-web/juminkanja/S2430/initialize?prefCd=18&kikanCd=7189000580&kikanKbn=nan", "url2": "https://anq-pharmacy.co.jp", "内容": "有限会社　安久薬局　駅前店0福井県福井市大手２－４－２６　シラサワビル１階" }, "geometry": { "type": "Point", "coordinates": [ 136.223403, 36.063728 ] } },
{ "type": "Feature", "properties": { "ID": 1857189000630, "正式名称": "クスリのアオキ　日之出薬局", "機関区分": 5, "都道府県コード": 18, "市区町村コード": 201, "所在地": "福井県福井市志比口１丁目１１番３０号", "緯度": 36.065178, "経度": 136.221527, "url": "https://www.iryou.teikyouseido.mhlw.go.jp/znk-web/juminkanja/S2430/initialize?prefCd=18&kikanCd=7189000630&kikanKbn=nan", "url2": "http://www.kusuri-aoki.co.jp/", "内容": "クスリのアオキ　日之出薬局0福井県福井市志比口１丁目１１番３０号" }, "geometry": { "type": "Point", "coordinates": [ 136.221527, 36.065178 ] } },
{ "type": "Feature", "properties": { "ID": 1857189000640, "正式名称": "株式会社　クララ調剤薬局　米松店", "機関区分": 5, "都道府県コード": 18, "市区町村コード": 201, "所在地": "福井県福井市米松２－６－６", "緯度": 36.069117, "経度": 136.240292, "url": "https://www.iryou.teikyouseido.mhlw.go.jp/znk-web/juminkanja/S2430/initialize?prefCd=18&kikanCd=7189000640&kikanKbn=nan", "url2": "https://www.e-classa.net/kurara-yonematsu/index.html", "内容": "株式会社　クララ調剤薬局　米松店0福井県福井市米松２－６－６" }, "geometry": { "type": "Point", "coordinates": [ 136.240292, 36.069117 ] } },
{ "type": "Feature", "properties": { "ID": 1857189000660, "正式名称": "のぞみ薬局　福井県立病院前店", "機関区分": 5, "都道府県コード": 18, "市区町村コード": 201, "所在地": "福井県福井市志比口２－２４－２０", "緯度": 36.070589, "経度": 136.240264, "url": "https://www.iryou.teikyouseido.mhlw.go.jp/znk-web/juminkanja/S2430/initialize?prefCd=18&kikanCd=7189000660&kikanKbn=nan", "url2": "http://www.nozomi-p.com/", "内容": "のぞみ薬局　福井県立病院前店0福井県福井市志比口２－２４－２０" }, "geometry": { "type": "Point", "coordinates": [ 136.240264, 36.070589 ] } },
{ "type": "Feature", "properties": { "ID": 1857189000680, "正式名称": "福井調剤薬局", "機関区分": 5, "都道府県コード": 18, "市区町村コード": 201, "所在地": "福井県福井市米松２－６－１", "緯度": 36.068695, "経度": 136.240277, "url": "https://www.iryou.teikyouseido.mhlw.go.jp/znk-web/juminkanja/S2430/initialize?prefCd=18&kikanCd=7189000680&kikanKbn=nan", "url2": "https://www.fukuyaku.or.jp", "内容": "福井調剤薬局0福井県福井市米松２－６－１" }, "geometry": { "type": "Point", "coordinates": [ 136.240277, 36.068695 ] } },
{ "type": "Feature", "properties": { "ID": 1857189000690, "正式名称": "かつき薬局", "機関区分": 5, "都道府県コード": 18, "市区町村コード": 201, "所在地": "福井県福井市浅水町１０３－３６－１", "緯度": 36.005812, "経度": 136.199689, "url": "https://www.iryou.teikyouseido.mhlw.go.jp/znk-web/juminkanja/S2430/initialize?prefCd=18&kikanCd=7189000690&kikanKbn=nan", "url2": "https://katsuki-ph.jp/", "内容": "かつき薬局0福井県福井市浅水町１０３－３６－１" }, "geometry": { "type": "Point", "coordinates": [ 136.199689, 36.005812 ] } },
{ "type": "Feature", "properties": { "ID": 1857189000710, "正式名称": "アルプ薬局ふなばし店", "機関区分": 5, "都道府県コード": 18, "市区町村コード": 201, "所在地": "福井県福井市舟橋１丁目３０３", "緯度": 36.098573, "経度": 136.225789, "url": "https://www.iryou.teikyouseido.mhlw.go.jp/znk-web/juminkanja/S2430/initialize?prefCd=18&kikanCd=7189000710&kikanKbn=nan", "url2": "http://www.alp-grp.jp/", "内容": "アルプ薬局ふなばし店0福井県福井市舟橋１丁目３０３" }, "geometry": { "type": "Point", "coordinates": [ 136.225789, 36.098573 ] } },
{ "type": "Feature", "properties": { "ID": 1857189000720, "正式名称": "大和田ファーマライズ薬局", "機関区分": 5, "都道府県コード": 18, "市区町村コード": 201, "所在地": "福井県福井市高柳２丁目１３０１　レインボービル１階", "緯度": 36.097694, "経度": 136.24667, "url": "https://www.iryou.teikyouseido.mhlw.go.jp/znk-web/juminkanja/S2430/initialize?prefCd=18&kikanCd=7189000720&kikanKbn=nan", "url2": "http://www.pharmarise.com/", "内容": "大和田ファーマライズ薬局0福井県福井市高柳２丁目１３０１　レインボービル１階" }, "geometry": { "type": "Point", "coordinates": [ 136.24667, 36.097694 ] } },
{ "type": "Feature", "properties": { "ID": 1857189000730, "正式名称": "根来薬局", "機関区分": 5, "都道府県コード": 18, "市区町村コード": 322, "所在地": "福井県吉田郡永平寺町松岡葵２－１０６", "緯度": 36.091561, "経度": 136.296597, "url": "https://www.iryou.teikyouseido.mhlw.go.jp/znk-web/juminkanja/S2430/initialize?prefCd=18&kikanCd=7189000730&kikanKbn=nan", "url2": null, "内容": "根来薬局0福井県吉田郡永平寺町松岡葵２－１０６" }, "geometry": { "type": "Point", "coordinates": [ 136.296597, 36.091561 ] } },
{ "type": "Feature", "properties": { "ID": 1857189000750, "正式名称": "さくら薬局　福井大学前店", "機関区分": 5, "都道府県コード": 18, "市区町村コード": 322, "所在地": "福井県吉田郡永平寺町松岡下合月２４－９", "緯度": 36.107533, "経度": 136.293597, "url": "https://www.iryou.teikyouseido.mhlw.go.jp/znk-web/juminkanja/S2430/initialize?prefCd=18&kikanCd=7189000750&kikanKbn=nan", "url2": "http://www.kraft-net.co.jp/sakura/", "内容": "さくら薬局　福井大学前店0福井県吉田郡永平寺町松岡下合月２４－９" }, "geometry": { "type": "Point", "coordinates": [ 136.293597, 36.107533 ] } },
{ "type": "Feature", "properties": { "ID": 1857189000760, "正式名称": "共創未来　下六条薬局", "機関区分": 5, "都道府県コード": 18, "市区町村コード": 201, "所在地": "福井県福井市下六条町２１４", "緯度": 36.036617, "経度": 136.232597, "url": "https://www.iryou.teikyouseido.mhlw.go.jp/znk-web/juminkanja/S2430/initialize?prefCd=18&kikanCd=7189000760&kikanKbn=nan", "url2": "http://www.phmirai.co.jp/", "内容": "共創未来　下六条薬局0福井県福井市下六条町２１４" }, "geometry": { "type": "Point", "coordinates": [ 136.232597, 36.036617 ] } },
{ "type": "Feature", "properties": { "ID": 1857189000770, "正式名称": "アルプ薬局森田店", "機関区分": 5, "都道府県コード": 18, "市区町村コード": 201, "所在地": "福井県福井市下森田新町４１３", "緯度": 36.109589, "経度": 136.230681, "url": "https://www.iryou.teikyouseido.mhlw.go.jp/znk-web/juminkanja/S2430/initialize?prefCd=18&kikanCd=7189000770&kikanKbn=nan", "url2": "http://www.alp-grp.jp/", "内容": "アルプ薬局森田店0福井県福井市下森田新町４１３" }, "geometry": { "type": "Point", "coordinates": [ 136.230681, 36.109589 ] } },
{ "type": "Feature", "properties": { "ID": 1857189000780, "正式名称": "クスリのアオキ　花堂薬局", "機関区分": 5, "都道府県コード": 18, "市区町村コード": 201, "所在地": "福井県福井市花堂東１丁目１７番３号", "緯度": 36.0407, "経度": 136.220764, "url": "https://www.iryou.teikyouseido.mhlw.go.jp/znk-web/juminkanja/S2430/initialize?prefCd=18&kikanCd=7189000780&kikanKbn=nan", "url2": "http://www.kusuri-aoki.co.jp/", "内容": "クスリのアオキ　花堂薬局0福井県福井市花堂東１丁目１７番３号" }, "geometry": { "type": "Point", "coordinates": [ 136.220764, 36.0407 ] } },
{ "type": "Feature", "properties": { "ID": 1857189000810, "正式名称": "南山堂薬局　福井本店", "機関区分": 5, "都道府県コード": 18, "市区町村コード": 201, "所在地": "福井県福井市和田中３－１０７", "緯度": 36.046561, "経度": 136.251319, "url": "https://www.iryou.teikyouseido.mhlw.go.jp/znk-web/juminkanja/S2430/initialize?prefCd=18&kikanCd=7189000810&kikanKbn=nan", "url2": "https://www.nanzando.co.jp/fukui.html", "内容": "南山堂薬局　福井本店0福井県福井市和田中３－１０７" }, "geometry": { "type": "Point", "coordinates": [ 136.251319, 36.046561 ] } },
{ "type": "Feature", "properties": { "ID": 1857189000820, "正式名称": "なごみ薬局和田店", "機関区分": 5, "都道府県コード": 18, "市区町村コード": 201, "所在地": "福井県福井市和田東２－２２１７", "緯度": 36.046894, "経度": 136.251125, "url": "https://www.iryou.teikyouseido.mhlw.go.jp/znk-web/juminkanja/S2430/initialize?prefCd=18&kikanCd=7189000820&kikanKbn=nan", "url2": "http://nagomi-fukui.com/", "内容": "なごみ薬局和田店0福井県福井市和田東２－２２１７" }, "geometry": { "type": "Point", "coordinates": [ 136.251125, 36.046894 ] } },
{ "type": "Feature", "properties": { "ID": 1857189000850, "正式名称": "ヤナギヤ薬局", "機関区分": 5, "都道府県コード": 18, "市区町村コード": 201, "所在地": "福井県福井市豊島２－１－１　エル・ブラン１Ｆ", "緯度": 36.05845, "経度": 136.222792, "url": "https://www.iryou.teikyouseido.mhlw.go.jp/znk-web/juminkanja/S2430/initialize?prefCd=18&kikanCd=7189000850&kikanKbn=nan", "url2": "https://aifar.jp/#yanagiya", "内容": "ヤナギヤ薬局0福井県福井市豊島２－１－１　エル・ブラン１Ｆ" }, "geometry": { "type": "Point", "coordinates": [ 136.222792, 36.05845 ] } },
{ "type": "Feature", "properties": { "ID": 1857189000860, "正式名称": "エンゼル調剤薬局　本店", "機関区分": 5, "都道府県コード": 18, "市区町村コード": 201, "所在地": "福井県福井市和田中３－１１１", "緯度": 36.046507, "経度": 136.251845, "url": "https://www.iryou.teikyouseido.mhlw.go.jp/znk-web/juminkanja/S2430/initialize?prefCd=18&kikanCd=7189000860&kikanKbn=nan", "url2": "https://angel-pharma.jp/", "内容": "エンゼル調剤薬局　本店0福井県福井市和田中３－１１１" }, "geometry": { "type": "Point", "coordinates": [ 136.251845, 36.046507 ] } },
{ "type": "Feature", "properties": { "ID": 1857189000870, "正式名称": "ヨシエ調剤薬局", "機関区分": 5, "都道府県コード": 18, "市区町村コード": 201, "所在地": "福井県福井市四ツ井２－１１－５", "緯度": 36.068172, "経度": 136.238681, "url": "https://www.iryou.teikyouseido.mhlw.go.jp/znk-web/juminkanja/S2430/initialize?prefCd=18&kikanCd=7189000870&kikanKbn=nan", "url2": null, "内容": "ヨシエ調剤薬局0福井県福井市四ツ井２－１１－５" }, "geometry": { "type": "Point", "coordinates": [ 136.238681, 36.068172 ] } },
{ "type": "Feature", "properties": { "ID": 1857189000880, "正式名称": "エンゼル調剤薬局　大学前店", "機関区分": 5, "都道府県コード": 18, "市区町村コード": 322, "所在地": "福井県吉田郡永平寺町松岡御公領９０２", "緯度": 36.107756, "経度": 136.292264, "url": "https://www.iryou.teikyouseido.mhlw.go.jp/znk-web/juminkanja/S2430/initialize?prefCd=18&kikanCd=7189000880&kikanKbn=nan", "url2": "https://angel-pharma.jp/", "内容": "エンゼル調剤薬局　大学前店0福井県吉田郡永平寺町松岡御公領９０２" }, "geometry": { "type": "Point", "coordinates": [ 136.292264, 36.107756 ] } },
{ "type": "Feature", "properties": { "ID": 1857189000890, "正式名称": "クスリのアオキ　松岡薬局", "機関区分": 5, "都道府県コード": 18, "市区町村コード": 322, "所在地": "福井県吉田郡永平寺町松岡芝原２－８６", "緯度": 36.090358, "経度": 136.290639, "url": "https://www.iryou.teikyouseido.mhlw.go.jp/znk-web/juminkanja/S2430/initialize?prefCd=18&kikanCd=7189000890&kikanKbn=nan", "url2": "http://www.kusuri-aoki.co.jp/", "内容": "クスリのアオキ　松岡薬局0福井県吉田郡永平寺町松岡芝原２－８６" }, "geometry": { "type": "Point", "coordinates": [ 136.290639, 36.090358 ] } },
{ "type": "Feature", "properties": { "ID": 1857189000910, "正式名称": "エンゼル調剤薬局　宝永店", "機関区分": 5, "都道府県コード": 18, "市区町村コード": 201, "所在地": "福井県福井市宝永４－１３－１２", "緯度": 36.069211, "経度": 136.220721, "url": "https://www.iryou.teikyouseido.mhlw.go.jp/znk-web/juminkanja/S2430/initialize?prefCd=18&kikanCd=7189000910&kikanKbn=nan", "url2": "https://angel-pharma.jp/", "内容": "エンゼル調剤薬局　宝永店0福井県福井市宝永４－１３－１２" }, "geometry": { "type": "Point", "coordinates": [ 136.220721, 36.069211 ] } },
{ "type": "Feature", "properties": { "ID": 1857189000920, "正式名称": "木田らいふ薬局", "機関区分": 5, "都道府県コード": 18, "市区町村コード": 201, "所在地": "福井県福井市木田３－２４０２", "緯度": 36.04445, "経度": 136.226458, "url": "https://www.iryou.teikyouseido.mhlw.go.jp/znk-web/juminkanja/S2430/initialize?prefCd=18&kikanCd=7189000920&kikanKbn=nan", "url2": "http://www.life-jp.com/", "内容": "木田らいふ薬局0福井県福井市木田３－２４０２" }, "geometry": { "type": "Point", "coordinates": [ 136.226458, 36.04445 ] } },
{ "type": "Feature", "properties": { "ID": 1857189000950, "正式名称": "Ｖ・ｄｒｕｇ　大島薬局", "機関区分": 5, "都道府県コード": 18, "市区町村コード": 201, "所在地": "福井県福井市大島町柳１０１－４", "緯度": 36.034624, "経度": 136.207324, "url": "https://www.iryou.teikyouseido.mhlw.go.jp/znk-web/juminkanja/S2430/initialize?prefCd=18&kikanCd=7189000950&kikanKbn=nan", "url2": "https://vdrug.co.jp/pharmacy/", "内容": "Ｖ・ｄｒｕｇ　大島薬局0福井県福井市大島町柳１０１－４" }, "geometry": { "type": "Point", "coordinates": [ 136.207324, 36.034624 ] } },
{ "type": "Feature", "properties": { "ID": 1857189000970, "正式名称": "有限会社　林厚生堂薬局", "機関区分": 5, "都道府県コード": 18, "市区町村コード": 208, "所在地": "福井県あわら市春宮二丁目３－８", "緯度": 36.216339, "経度": 136.229486, "url": "https://www.iryou.teikyouseido.mhlw.go.jp/znk-web/juminkanja/S2430/initialize?prefCd=18&kikanCd=7189000970&kikanKbn=nan", "url2": null, "内容": "有限会社　林厚生堂薬局0福井県あわら市春宮二丁目３－８" }, "geometry": { "type": "Point", "coordinates": [ 136.229486, 36.216339 ] } },
{ "type": "Feature", "properties": { "ID": 1857189000980, "正式名称": "兵庫屋薬局", "機関区分": 5, "都道府県コード": 18, "市区町村コード": 210, "所在地": "福井県坂井市坂井町新庄３－１０２", "緯度": 36.161589, "経度": 136.235792, "url": "https://www.iryou.teikyouseido.mhlw.go.jp/znk-web/juminkanja/S2430/initialize?prefCd=18&kikanCd=7189000980&kikanKbn=nan", "url2": null, "内容": "兵庫屋薬局0福井県坂井市坂井町新庄３－１０２" }, "geometry": { "type": "Point", "coordinates": [ 136.235792, 36.161589 ] } },
{ "type": "Feature", "properties": { "ID": 1857189001000, "正式名称": "有限会社　阪田薬局", "機関区分": 5, "都道府県コード": 18, "市区町村コード": 208, "所在地": "福井県あわら市温泉１－５０６", "緯度": 36.224394, "経度": 136.193903, "url": "https://www.iryou.teikyouseido.mhlw.go.jp/znk-web/juminkanja/S2430/initialize?prefCd=18&kikanCd=7189001000&kikanKbn=nan", "url2": "https://r.goope.jp/sr-18-182081s0898", "内容": "有限会社　阪田薬局0福井県あわら市温泉１－５０６" }, "geometry": { "type": "Point", "coordinates": [ 136.193903, 36.224394 ] } },
{ "type": "Feature", "properties": { "ID": 1857189001050, "正式名称": "有限会社　アイコー春江薬局", "機関区分": 5, "都道府県コード": 18, "市区町村コード": 210, "所在地": "福井県坂井市春江町江留下相田３２－２", "緯度": 36.127589, "経度": 136.219597, "url": "https://www.iryou.teikyouseido.mhlw.go.jp/znk-web/juminkanja/S2430/initialize?prefCd=18&kikanCd=7189001050&kikanKbn=nan", "url2": null, "内容": "有限会社　アイコー春江薬局0福井県坂井市春江町江留下相田３２－２" }, "geometry": { "type": "Point", "coordinates": [ 136.219597, 36.127589 ] } },
{ "type": "Feature", "properties": { "ID": 1857189001090, "正式名称": "丸岡調剤センター薬局", "機関区分": 5, "都道府県コード": 18, "市区町村コード": 210, "所在地": "福井県坂井市丸岡町一本田２５字２３－３", "緯度": 36.156994, "経度": 136.267231, "url": "https://www.iryou.teikyouseido.mhlw.go.jp/znk-web/juminkanja/S2430/initialize?prefCd=18&kikanCd=7189001090&kikanKbn=nan", "url2": "http://aifar.jp", "内容": "丸岡調剤センター薬局0福井県坂井市丸岡町一本田２５字２３－３" }, "geometry": { "type": "Point", "coordinates": [ 136.267231, 36.156994 ] } },
{ "type": "Feature", "properties": { "ID": 1857189001120, "正式名称": "橋本薬局", "機関区分": 5, "都道府県コード": 18, "市区町村コード": 210, "所在地": "福井県坂井市丸岡町谷町２－１１", "緯度": 36.149061, "経度": 136.270069, "url": "https://www.iryou.teikyouseido.mhlw.go.jp/znk-web/juminkanja/S2430/initialize?prefCd=18&kikanCd=7189001120&kikanKbn=nan", "url2": "https://660039.com", "内容": "橋本薬局0福井県坂井市丸岡町谷町２－１１" }, "geometry": { "type": "Point", "coordinates": [ 136.270069, 36.149061 ] } },
{ "type": "Feature", "properties": { "ID": 1857189001130, "正式名称": "アルプ薬局坂井店", "機関区分": 5, "都道府県コード": 18, "市区町村コード": 210, "所在地": "福井県坂井市坂井町下兵庫５６－７－１", "緯度": 36.172886, "経度": 136.197805, "url": "https://www.iryou.teikyouseido.mhlw.go.jp/znk-web/juminkanja/S2430/initialize?prefCd=18&kikanCd=7189001130&kikanKbn=nan", "url2": "http://www.alp-grp.jp/", "内容": "アルプ薬局坂井店0福井県坂井市坂井町下兵庫５６－７－１" }, "geometry": { "type": "Point", "coordinates": [ 136.197805, 36.172886 ] } },
{ "type": "Feature", "properties": { "ID": 1857189001160, "正式名称": "かもめ薬局", "機関区分": 5, "都道府県コード": 18, "市区町村コード": 210, "所在地": "福井県坂井市三国町錦４－３－６１", "緯度": 36.215061, "経度": 136.152042, "url": "https://www.iryou.teikyouseido.mhlw.go.jp/znk-web/juminkanja/S2430/initialize?prefCd=18&kikanCd=7189001160&kikanKbn=nan", "url2": "http://www.comnet-co.jp", "内容": "かもめ薬局0福井県坂井市三国町錦４－３－６１" }, "geometry": { "type": "Point", "coordinates": [ 136.152042, 36.215061 ] } },
{ "type": "Feature", "properties": { "ID": 1857189001170, "正式名称": "アルプ薬局丸岡店", "機関区分": 5, "都道府県コード": 18, "市区町村コード": 210, "所在地": "福井県坂井市丸岡町里丸岡３丁目１番地１", "緯度": 36.144367, "経度": 136.276458, "url": "https://www.iryou.teikyouseido.mhlw.go.jp/znk-web/juminkanja/S2430/initialize?prefCd=18&kikanCd=7189001170&kikanKbn=nan", "url2": "http://www.alp-grp.jp/", "内容": "アルプ薬局丸岡店0福井県坂井市丸岡町里丸岡３丁目１番地１" }, "geometry": { "type": "Point", "coordinates": [ 136.276458, 36.144367 ] } },
{ "type": "Feature", "properties": { "ID": 1857189001180, "正式名称": "共創未来東十郷薬局", "機関区分": 5, "都道府県コード": 18, "市区町村コード": 210, "所在地": "福井県坂井市坂井町長畑２５字３－１", "緯度": 36.164644, "経度": 136.236289, "url": "https://www.iryou.teikyouseido.mhlw.go.jp/znk-web/juminkanja/S2430/initialize?prefCd=18&kikanCd=7189001180&kikanKbn=nan", "url2": "http://www.phmirai.co.jp/", "内容": "共創未来東十郷薬局0福井県坂井市坂井町長畑２５字３－１" }, "geometry": { "type": "Point", "coordinates": [ 136.236289, 36.164644 ] } },
{ "type": "Feature", "properties": { "ID": 1857189001190, "正式名称": "フロンティア薬局三国店", "機関区分": 5, "都道府県コード": 18, "市区町村コード": 210, "所在地": "福井県坂井市三国町中央１丁目１番１９号", "緯度": 36.216089, "経度": 136.158431, "url": "https://www.iryou.teikyouseido.mhlw.go.jp/znk-web/juminkanja/S2430/initialize?prefCd=18&kikanCd=7189001190&kikanKbn=nan", "url2": "http://www.frontier-ph.com/", "内容": "フロンティア薬局三国店0福井県坂井市三国町中央１丁目１番１９号" }, "geometry": { "type": "Point", "coordinates": [ 136.158431, 36.216089 ] } },
{ "type": "Feature", "properties": { "ID": 1857189001200, "正式名称": "こばやし薬局", "機関区分": 5, "都道府県コード": 18, "市区町村コード": 210, "所在地": "福井県坂井市三国町三国東５－１９－１", "緯度": 36.210757, "経度": 136.158529, "url": "https://www.iryou.teikyouseido.mhlw.go.jp/znk-web/juminkanja/S2430/initialize?prefCd=18&kikanCd=7189001200&kikanKbn=nan", "url2": null, "内容": "こばやし薬局0福井県坂井市三国町三国東５－１９－１" }, "geometry": { "type": "Point", "coordinates": [ 136.158529, 36.210757 ] } },
{ "type": "Feature", "properties": { "ID": 1857189001210, "正式名称": "共創未来　春江町薬局", "機関区分": 5, "都道府県コード": 18, "市区町村コード": 210, "所在地": "福井県坂井市春江町江留上中央１１－５１", "緯度": 36.123308, "経度": 136.225677, "url": "https://www.iryou.teikyouseido.mhlw.go.jp/znk-web/juminkanja/S2430/initialize?prefCd=18&kikanCd=7189001210&kikanKbn=nan", "url2": "http://www.phmirai.co.jp/shops/detail.php?id=222", "内容": "共創未来　春江町薬局0福井県坂井市春江町江留上中央１１－５１" }, "geometry": { "type": "Point", "coordinates": [ 136.225677, 36.123308 ] } },
{ "type": "Feature", "properties": { "ID": 1857189001230, "正式名称": "クスリのアオキ三国薬局", "機関区分": 5, "都道府県コード": 18, "市区町村コード": 210, "所在地": "福井県坂井市三国町覚善第２号３１番地１", "緯度": 36.2177, "経度": 136.160875, "url": "https://www.iryou.teikyouseido.mhlw.go.jp/znk-web/juminkanja/S2430/initialize?prefCd=18&kikanCd=7189001230&kikanKbn=nan", "url2": "http://www.kusuri-aoki.co.jp/", "内容": "クスリのアオキ三国薬局0福井県坂井市三国町覚善第２号３１番地１" }, "geometry": { "type": "Point", "coordinates": [ 136.160875, 36.2177 ] } },
{ "type": "Feature", "properties": { "ID": 1857189001250, "正式名称": "アルプ薬局金津店", "機関区分": 5, "都道府県コード": 18, "市区町村コード": 208, "所在地": "福井県あわら市春宮２丁目８－２", "緯度": 36.21545, "経度": 136.232431, "url": "https://www.iryou.teikyouseido.mhlw.go.jp/znk-web/juminkanja/S2430/initialize?prefCd=18&kikanCd=7189001250&kikanKbn=nan", "url2": "http://www.alp-grp.jp/", "内容": "アルプ薬局金津店0福井県あわら市春宮２丁目８－２" }, "geometry": { "type": "Point", "coordinates": [ 136.232431, 36.21545 ] } },
{ "type": "Feature", "properties": { "ID": 1857189001260, "正式名称": "リフレ調剤薬局　本店", "機関区分": 5, "都道府県コード": 18, "市区町村コード": 210, "所在地": "福井県坂井市春江町東太郎丸２３－１－８", "緯度": 36.130033, "経度": 136.214319, "url": "https://www.iryou.teikyouseido.mhlw.go.jp/znk-web/juminkanja/S2430/initialize?prefCd=18&kikanCd=7189001260&kikanKbn=nan", "url2": "https://www.refre-pharmacy.jp/", "内容": "リフレ調剤薬局　本店0福井県坂井市春江町東太郎丸２３－１－８" }, "geometry": { "type": "Point", "coordinates": [ 136.214319, 36.130033 ] } },
{ "type": "Feature", "properties": { "ID": 1857189001270, "正式名称": "やなぎや薬局", "機関区分": 5, "都道府県コード": 18, "市区町村コード": 205, "所在地": "福井県大野市元町７－２３", "緯度": 35.985394, "経度": 136.489319, "url": "https://www.iryou.teikyouseido.mhlw.go.jp/znk-web/juminkanja/S2430/initialize?prefCd=18&kikanCd=7189001270&kikanKbn=nan", "url2": null, "内容": "やなぎや薬局0福井県大野市元町７－２３" }, "geometry": { "type": "Point", "coordinates": [ 136.489319, 35.985394 ] } },
{ "type": "Feature", "properties": { "ID": 1857189001290, "正式名称": "株式会社コトブキ薬局", "機関区分": 5, "都道府県コード": 18, "市区町村コード": 206, "所在地": "福井県勝山市元町２丁目１８－３２", "緯度": 36.054978, "経度": 136.503653, "url": "https://www.iryou.teikyouseido.mhlw.go.jp/znk-web/juminkanja/S2430/initialize?prefCd=18&kikanCd=7189001290&kikanKbn=nan", "url2": "https://kotobukipharmacy.business.site", "内容": "株式会社コトブキ薬局0福井県勝山市元町２丁目１８－３２" }, "geometry": { "type": "Point", "coordinates": [ 136.503653, 36.054978 ] } },
{ "type": "Feature", "properties": { "ID": 1857189001330, "正式名称": "カジタ薬局", "機関区分": 5, "都道府県コード": 18, "市区町村コード": 206, "所在地": "福井県勝山市芳野町２丁目２－５０", "緯度": 36.066783, "経度": 136.499569, "url": "https://www.iryou.teikyouseido.mhlw.go.jp/znk-web/juminkanja/S2430/initialize?prefCd=18&kikanCd=7189001330&kikanKbn=nan", "url2": null, "内容": "カジタ薬局0福井県勝山市芳野町２丁目２－５０" }, "geometry": { "type": "Point", "coordinates": [ 136.499569, 36.066783 ] } },
{ "type": "Feature", "properties": { "ID": 1857189001350, "正式名称": "山田薬局", "機関区分": 5, "都道府県コード": 18, "市区町村コード": 205, "所在地": "福井県大野市春日２－２－７", "緯度": 35.976978, "経度": 136.494236, "url": "https://www.iryou.teikyouseido.mhlw.go.jp/znk-web/juminkanja/S2430/initialize?prefCd=18&kikanCd=7189001350&kikanKbn=nan", "url2": null, "内容": "山田薬局0福井県大野市春日２－２－７" }, "geometry": { "type": "Point", "coordinates": [ 136.494236, 35.976978 ] } },
{ "type": "Feature", "properties": { "ID": 1857189001360, "正式名称": "酒井漢方薬局", "機関区分": 5, "都道府県コード": 18, "市区町村コード": 205, "所在地": "福井県大野市元町６－１６", "緯度": 35.984533, "経度": 136.489681, "url": "https://www.iryou.teikyouseido.mhlw.go.jp/znk-web/juminkanja/S2430/initialize?prefCd=18&kikanCd=7189001360&kikanKbn=nan", "url2": null, "内容": "酒井漢方薬局0福井県大野市元町６－１６" }, "geometry": { "type": "Point", "coordinates": [ 136.489681, 35.984533 ] } },
{ "type": "Feature", "properties": { "ID": 1857189001370, "正式名称": "ノムラ薬局", "機関区分": 5, "都道府県コード": 18, "市区町村コード": 205, "所在地": "福井県大野市大和町２－２３", "緯度": 35.983811, "経度": 136.494819, "url": "https://www.iryou.teikyouseido.mhlw.go.jp/znk-web/juminkanja/S2430/initialize?prefCd=18&kikanCd=7189001370&kikanKbn=nan", "url2": null, "内容": "ノムラ薬局0福井県大野市大和町２－２３" }, "geometry": { "type": "Point", "coordinates": [ 136.494819, 35.983811 ] } },
{ "type": "Feature", "properties": { "ID": 1857189001380, "正式名称": "三共薬局", "機関区分": 5, "都道府県コード": 18, "市区町村コード": 205, "所在地": "福井県大野市本町７－２", "緯度": 35.988894, "経度": 136.489986, "url": "https://www.iryou.teikyouseido.mhlw.go.jp/znk-web/juminkanja/S2430/initialize?prefCd=18&kikanCd=7189001380&kikanKbn=nan", "url2": null, "内容": "三共薬局0福井県大野市本町７－２" }, "geometry": { "type": "Point", "coordinates": [ 136.489986, 35.988894 ] } },
{ "type": "Feature", "properties": { "ID": 1857189001390, "正式名称": "（株）橋本薬局　　　ドラッグハシモト", "機関区分": 5, "都道府県コード": 18, "市区町村コード": 206, "所在地": "福井県勝山市長山町１丁目６－３２", "緯度": 36.069506, "経度": 136.507946, "url": "https://www.iryou.teikyouseido.mhlw.go.jp/znk-web/juminkanja/S2430/initialize?prefCd=18&kikanCd=7189001390&kikanKbn=nan", "url2": null, "内容": "（株）橋本薬局　　　ドラッグハシモト0福井県勝山市長山町１丁目６－３２" }, "geometry": { "type": "Point", "coordinates": [ 136.507946, 36.069506 ] } },
{ "type": "Feature", "properties": { "ID": 1857189001400, "正式名称": "タカダ薬局", "機関区分": 5, "都道府県コード": 18, "市区町村コード": 206, "所在地": "福井県勝山市郡町１丁目２－２４", "緯度": 36.070728, "経度": 136.496375, "url": "https://www.iryou.teikyouseido.mhlw.go.jp/znk-web/juminkanja/S2430/initialize?prefCd=18&kikanCd=7189001400&kikanKbn=nan", "url2": null, "内容": "タカダ薬局0福井県勝山市郡町１丁目２－２４" }, "geometry": { "type": "Point", "coordinates": [ 136.496375, 36.070728 ] } },
{ "type": "Feature", "properties": { "ID": 1857189001410, "正式名称": "おくえつ調剤薬局", "機関区分": 5, "都道府県コード": 18, "市区町村コード": 206, "所在地": "福井県勝山市長山町２丁目７－２５", "緯度": 36.070062, "経度": 136.505413, "url": "https://www.iryou.teikyouseido.mhlw.go.jp/znk-web/juminkanja/S2430/initialize?prefCd=18&kikanCd=7189001410&kikanKbn=nan", "url2": null, "内容": "おくえつ調剤薬局0福井県勝山市長山町２丁目７－２５" }, "geometry": { "type": "Point", "coordinates": [ 136.505413, 36.070062 ] } },
{ "type": "Feature", "properties": { "ID": 1857189001420, "正式名称": "ハシモト薬局サンプラザ店", "機関区分": 5, "都道府県コード": 18, "市区町村コード": 206, "所在地": "福井県勝山市元町１－７－２８", "緯度": 36.060999, "経度": 136.502522, "url": "https://www.iryou.teikyouseido.mhlw.go.jp/znk-web/juminkanja/S2430/initialize?prefCd=18&kikanCd=7189001420&kikanKbn=nan", "url2": null, "内容": "ハシモト薬局サンプラザ店0福井県勝山市元町１－７－２８" }, "geometry": { "type": "Point", "coordinates": [ 136.502522, 36.060999 ] } },
{ "type": "Feature", "properties": { "ID": 1857189001450, "正式名称": "谷屋山内薬行薬局", "機関区分": 5, "都道府県コード": 18, "市区町村コード": 206, "所在地": "福井県勝山市沢町２－５－２０", "緯度": 36.065228, "経度": 136.502264, "url": "https://www.iryou.teikyouseido.mhlw.go.jp/znk-web/juminkanja/S2430/initialize?prefCd=18&kikanCd=7189001450&kikanKbn=nan", "url2": null, "内容": "谷屋山内薬行薬局0福井県勝山市沢町２－５－２０" }, "geometry": { "type": "Point", "coordinates": [ 136.502264, 36.065228 ] } },
{ "type": "Feature", "properties": { "ID": 1857189001490, "正式名称": "内藤薬局", "機関区分": 5, "都道府県コード": 18, "市区町村コード": 209, "所在地": "福井県越前市本多２丁目１０－２４", "緯度": 35.9092, "経度": 136.165097, "url": "https://www.iryou.teikyouseido.mhlw.go.jp/znk-web/juminkanja/S2430/initialize?prefCd=18&kikanCd=7189001490&kikanKbn=nan", "url2": null, "内容": "内藤薬局0福井県越前市本多２丁目１０－２４" }, "geometry": { "type": "Point", "coordinates": [ 136.165097, 35.9092 ] } },
{ "type": "Feature", "properties": { "ID": 1857189001510, "正式名称": "有限会社　武生薬局", "機関区分": 5, "都道府県コード": 18, "市区町村コード": 209, "所在地": "福井県越前市天王町３－２５", "緯度": 35.901478, "経度": 136.166486, "url": "https://www.iryou.teikyouseido.mhlw.go.jp/znk-web/juminkanja/S2430/initialize?prefCd=18&kikanCd=7189001510&kikanKbn=nan", "url2": null, "内容": "有限会社　武生薬局0福井県越前市天王町３－２５" }, "geometry": { "type": "Point", "coordinates": [ 136.166486, 35.901478 ] } },
{ "type": "Feature", "properties": { "ID": 1857189001530, "正式名称": "扇屋薬局", "機関区分": 5, "都道府県コード": 18, "市区町村コード": 404, "所在地": "福井県南条郡南越前町今庄７５－３", "緯度": 35.772617, "経度": 136.197181, "url": "https://www.iryou.teikyouseido.mhlw.go.jp/znk-web/juminkanja/S2430/initialize?prefCd=18&kikanCd=7189001530&kikanKbn=nan", "url2": null, "内容": "扇屋薬局0福井県南条郡南越前町今庄７５－３" }, "geometry": { "type": "Point", "coordinates": [ 136.197181, 35.772617 ] } },
{ "type": "Feature", "properties": { "ID": 1857189001540, "正式名称": "千葉美康堂薬局", "機関区分": 5, "都道府県コード": 18, "市区町村コード": 209, "所在地": "福井県越前市御幸町１４－１", "緯度": 35.895311, "経度": 136.163625, "url": "https://www.iryou.teikyouseido.mhlw.go.jp/znk-web/juminkanja/S2430/initialize?prefCd=18&kikanCd=7189001540&kikanKbn=nan", "url2": null, "内容": "千葉美康堂薬局0福井県越前市御幸町１４－１" }, "geometry": { "type": "Point", "coordinates": [ 136.163625, 35.895311 ] } },
{ "type": "Feature", "properties": { "ID": 1857189001550, "正式名称": "徳永薬局", "機関区分": 5, "都道府県コード": 18, "市区町村コード": 209, "所在地": "福井県越前市清水頭町３－４０", "緯度": 35.893617, "経度": 136.227153, "url": "https://www.iryou.teikyouseido.mhlw.go.jp/znk-web/juminkanja/S2430/initialize?prefCd=18&kikanCd=7189001550&kikanKbn=nan", "url2": null, "内容": "徳永薬局0福井県越前市清水頭町３－４０" }, "geometry": { "type": "Point", "coordinates": [ 136.227153, 35.893617 ] } },
{ "type": "Feature", "properties": { "ID": 1857189001560, "正式名称": "漢鳳堂", "機関区分": 5, "都道府県コード": 18, "市区町村コード": 207, "所在地": "福井県鯖江市宮前１－４－１", "緯度": 35.939339, "経度": 136.190458, "url": "https://www.iryou.teikyouseido.mhlw.go.jp/znk-web/juminkanja/S2430/initialize?prefCd=18&kikanCd=7189001560&kikanKbn=nan", "url2": null, "内容": "漢鳳堂0福井県鯖江市宮前１－４－１" }, "geometry": { "type": "Point", "coordinates": [ 136.190458, 35.939339 ] } },
{ "type": "Feature", "properties": { "ID": 1857189001570, "正式名称": "モンゼン薬局", "機関区分": 5, "都道府県コード": 18, "市区町村コード": 207, "所在地": "福井県鯖江市小黒町１－３－２４", "緯度": 35.949478, "経度": 136.176403, "url": "https://www.iryou.teikyouseido.mhlw.go.jp/znk-web/juminkanja/S2430/initialize?prefCd=18&kikanCd=7189001570&kikanKbn=nan", "url2": null, "内容": "モンゼン薬局0福井県鯖江市小黒町１－３－２４" }, "geometry": { "type": "Point", "coordinates": [ 136.176403, 35.949478 ] } },
{ "type": "Feature", "properties": { "ID": 1857189001620, "正式名称": "正通瑞香堂薬局", "機関区分": 5, "都道府県コード": 18, "市区町村コード": 209, "所在地": "福井県越前市南３丁目５－４", "緯度": 35.892756, "経度": 136.165708, "url": "https://www.iryou.teikyouseido.mhlw.go.jp/znk-web/juminkanja/S2430/initialize?prefCd=18&kikanCd=7189001620&kikanKbn=nan", "url2": "shotsu-zuikodo.com", "内容": "正通瑞香堂薬局0福井県越前市南３丁目５－４" }, "geometry": { "type": "Point", "coordinates": [ 136.165708, 35.892756 ] } },
{ "type": "Feature", "properties": { "ID": 1857189001630, "正式名称": "三協薬局", "機関区分": 5, "都道府県コード": 18, "市区町村コード": 423, "所在地": "福井県丹生郡越前町織田９８－２１", "緯度": 35.957617, "経度": 136.055875, "url": "https://www.iryou.teikyouseido.mhlw.go.jp/znk-web/juminkanja/S2430/initialize?prefCd=18&kikanCd=7189001630&kikanKbn=nan", "url2": null, "内容": "三協薬局0福井県丹生郡越前町織田９８－２１" }, "geometry": { "type": "Point", "coordinates": [ 136.055875, 35.957617 ] } },
{ "type": "Feature", "properties": { "ID": 1857189001640, "正式名称": "コーナン薬局", "機関区分": 5, "都道府県コード": 18, "市区町村コード": 207, "所在地": "福井県鯖江市鳥羽２－６－１０", "緯度": 35.989339, "経度": 136.188403, "url": "https://www.iryou.teikyouseido.mhlw.go.jp/znk-web/juminkanja/S2430/initialize?prefCd=18&kikanCd=7189001640&kikanKbn=nan", "url2": "kraft-net.co.jp", "内容": "コーナン薬局0福井県鯖江市鳥羽２－６－１０" }, "geometry": { "type": "Point", "coordinates": [ 136.188403, 35.989339 ] } },
{ "type": "Feature", "properties": { "ID": 1857189001670, "正式名称": "ココロ薬局", "機関区分": 5, "都道府県コード": 18, "市区町村コード": 209, "所在地": "福井県越前市高瀬１丁目２０－２１", "緯度": 35.896024, "経度": 136.160741, "url": "https://www.iryou.teikyouseido.mhlw.go.jp/znk-web/juminkanja/S2430/initialize?prefCd=18&kikanCd=7189001670&kikanKbn=nan", "url2": "https://tannan.mypl.net/shop/00000367554/", "内容": "ココロ薬局0福井県越前市高瀬１丁目２０－２１" }, "geometry": { "type": "Point", "coordinates": [ 136.160741, 35.896024 ] } },
{ "type": "Feature", "properties": { "ID": 1857189001680, "正式名称": "賀川薬局", "機関区分": 5, "都道府県コード": 18, "市区町村コード": 209, "所在地": "福井県越前市神明町２－２６", "緯度": 35.899811, "経度": 136.166375, "url": "https://www.iryou.teikyouseido.mhlw.go.jp/znk-web/juminkanja/S2430/initialize?prefCd=18&kikanCd=7189001680&kikanKbn=nan", "url2": null, "内容": "賀川薬局0福井県越前市神明町２－２６" }, "geometry": { "type": "Point", "coordinates": [ 136.166375, 35.899811 ] } },
{ "type": "Feature", "properties": { "ID": 1857189001710, "正式名称": "有限会社　武生薬局　シピィ店", "機関区分": 5, "都道府県コード": 18, "市区町村コード": 209, "所在地": "福井県越前市新町７－８　シピィ１階", "緯度": 35.903678, "経度": 136.152321, "url": "https://www.iryou.teikyouseido.mhlw.go.jp/znk-web/juminkanja/S2430/initialize?prefCd=18&kikanCd=7189001710&kikanKbn=nan", "url2": null, "内容": "有限会社　武生薬局　シピィ店0福井県越前市新町７－８　シピィ１階" }, "geometry": { "type": "Point", "coordinates": [ 136.152321, 35.903678 ] } },
{ "type": "Feature", "properties": { "ID": 1857189001750, "正式名称": "丹南センター薬局", "機関区分": 5, "都道府県コード": 18, "市区町村コード": 209, "所在地": "福井県越前市横市町第７号１番地の２", "緯度": 35.915811, "経度": 136.192708, "url": "https://www.iryou.teikyouseido.mhlw.go.jp/znk-web/juminkanja/S2430/initialize?prefCd=18&kikanCd=7189001750&kikanKbn=nan", "url2": "https://www.facebook.com/profile.php?id=100057676440784", "内容": "丹南センター薬局0福井県越前市横市町第７号１番地の２" }, "geometry": { "type": "Point", "coordinates": [ 136.192708, 35.915811 ] } },
{ "type": "Feature", "properties": { "ID": 1857189001760, "正式名称": "アサヒ薬局", "機関区分": 5, "都道府県コード": 18, "市区町村コード": 423, "所在地": "福井県丹生郡越前町西田中１６－３－１", "緯度": 36.065178, "経度": 136.221527, "url": "https://www.iryou.teikyouseido.mhlw.go.jp/znk-web/juminkanja/S2430/initialize?prefCd=18&kikanCd=7189001760&kikanKbn=nan", "url2": null, "内容": "アサヒ薬局0福井県丹生郡越前町西田中１６－３－１" }, "geometry": { "type": "Point", "coordinates": [ 136.221527, 36.065178 ] } },
{ "type": "Feature", "properties": { "ID": 1857189001770, "正式名称": "株式会社　クララ調剤薬局", "機関区分": 5, "都道府県コード": 18, "市区町村コード": 207, "所在地": "福井県鯖江市三六町１－３－６", "緯度": 35.970672, "経度": 136.177653, "url": "https://www.iryou.teikyouseido.mhlw.go.jp/znk-web/juminkanja/S2430/initialize?prefCd=18&kikanCd=7189001770&kikanKbn=nan", "url2": null, "内容": "株式会社　クララ調剤薬局0福井県鯖江市三六町１－３－６" }, "geometry": { "type": "Point", "coordinates": [ 136.177653, 35.970672 ] } },
{ "type": "Feature", "properties": { "ID": 1857189001780, "正式名称": "クスリのアオキ　北野薬局", "機関区分": 5, "都道府県コード": 18, "市区町村コード": 207, "所在地": "福井県鯖江市北野町１丁目１番３３号", "緯度": 35.962942, "経度": 136.180593, "url": "https://www.iryou.teikyouseido.mhlw.go.jp/znk-web/juminkanja/S2430/initialize?prefCd=18&kikanCd=7189001780&kikanKbn=nan", "url2": "https://www.kusuri-aoki.co.jp/", "内容": "クスリのアオキ　北野薬局0福井県鯖江市北野町１丁目１番３３号" }, "geometry": { "type": "Point", "coordinates": [ 136.180593, 35.962942 ] } },
{ "type": "Feature", "properties": { "ID": 1857189001790, "正式名称": "共創未来　丹南薬局", "機関区分": 5, "都道府県コード": 18, "市区町村コード": 207, "所在地": "福井県鯖江市三六町１－１－２７", "緯度": 35.9702, "経度": 136.178764, "url": "https://www.iryou.teikyouseido.mhlw.go.jp/znk-web/juminkanja/S2430/initialize?prefCd=18&kikanCd=7189001790&kikanKbn=nan", "url2": null, "内容": "共創未来　丹南薬局0福井県鯖江市三六町１－１－２７" }, "geometry": { "type": "Point", "coordinates": [ 136.178764, 35.9702 ] } },
{ "type": "Feature", "properties": { "ID": 1857189001820, "正式名称": "エンゼル調剤薬局　武生店", "機関区分": 5, "都道府県コード": 18, "市区町村コード": 209, "所在地": "福井県越前市府中１－６－３０", "緯度": 35.90178, "経度": 136.169472, "url": "https://www.iryou.teikyouseido.mhlw.go.jp/znk-web/juminkanja/S2430/initialize?prefCd=18&kikanCd=7189001820&kikanKbn=nan", "url2": "https://angel-pharma.jp/", "内容": "エンゼル調剤薬局　武生店0福井県越前市府中１－６－３０" }, "geometry": { "type": "Point", "coordinates": [ 136.169472, 35.90178 ] } },
{ "type": "Feature", "properties": { "ID": 1857189001830, "正式名称": "セムイ調剤薬局", "機関区分": 5, "都道府県コード": 18, "市区町村コード": 209, "所在地": "福井県越前市横市町１６－１－１", "緯度": 35.906356, "経度": 136.185686, "url": "https://www.iryou.teikyouseido.mhlw.go.jp/znk-web/juminkanja/S2430/initialize?prefCd=18&kikanCd=7189001830&kikanKbn=nan", "url2": null, "内容": "セムイ調剤薬局0福井県越前市横市町１６－１－１" }, "geometry": { "type": "Point", "coordinates": [ 136.185686, 35.906356 ] } },
{ "type": "Feature", "properties": { "ID": 1857189001850, "正式名称": "ウシオ薬局　武生店", "機関区分": 5, "都道府県コード": 18, "市区町村コード": 209, "所在地": "福井県越前市府中１丁目４－１３", "緯度": 35.902506, "経度": 136.169153, "url": "https://www.iryou.teikyouseido.mhlw.go.jp/znk-web/juminkanja/S2430/initialize?prefCd=18&kikanCd=7189001850&kikanKbn=nan", "url2": "http://www.ds-ushio.jp/index.html", "内容": "ウシオ薬局　武生店0福井県越前市府中１丁目４－１３" }, "geometry": { "type": "Point", "coordinates": [ 136.169153, 35.902506 ] } },
{ "type": "Feature", "properties": { "ID": 1857189001870, "正式名称": "西鯖江ファーマライズ薬局", "機関区分": 5, "都道府県コード": 18, "市区町村コード": 207, "所在地": "福井県鯖江市本町２丁目３－１０", "緯度": 35.945644, "経度": 136.183764, "url": "https://www.iryou.teikyouseido.mhlw.go.jp/znk-web/juminkanja/S2430/initialize?prefCd=18&kikanCd=7189001870&kikanKbn=nan", "url2": "https://www.pharmarise.com/company/store/store.php?store_id=195", "内容": "西鯖江ファーマライズ薬局0福井県鯖江市本町２丁目３－１０" }, "geometry": { "type": "Point", "coordinates": [ 136.183764, 35.945644 ] } },
{ "type": "Feature", "properties": { "ID": 1857189001880, "正式名称": "鯖江らいふ薬局", "機関区分": 5, "都道府県コード": 18, "市区町村コード": 207, "所在地": "福井県鯖江市本町４丁目１－２５", "緯度": 35.948894, "経度": 136.185958, "url": "https://www.iryou.teikyouseido.mhlw.go.jp/znk-web/juminkanja/S2430/initialize?prefCd=18&kikanCd=7189001880&kikanKbn=nan", "url2": "https://hokuriku-qol.jp/", "内容": "鯖江らいふ薬局0福井県鯖江市本町４丁目１－２５" }, "geometry": { "type": "Point", "coordinates": [ 136.185958, 35.948894 ] } },
{ "type": "Feature", "properties": { "ID": 1857189001890, "正式名称": "今立らいふ薬局", "機関区分": 5, "都道府県コード": 18, "市区町村コード": 209, "所在地": "福井県越前市粟田部町２９－３２－１", "緯度": 35.91611, "経度": 136.24081, "url": "https://www.iryou.teikyouseido.mhlw.go.jp/znk-web/juminkanja/S2430/initialize?prefCd=18&kikanCd=7189001890&kikanKbn=nan", "url2": "http://www.life-jp.com/", "内容": "今立らいふ薬局0福井県越前市粟田部町２９－３２－１" }, "geometry": { "type": "Point", "coordinates": [ 136.24081, 35.91611 ] } },
{ "type": "Feature", "properties": { "ID": 1857189001900, "正式名称": "共創未来　今立薬局", "機関区分": 5, "都道府県コード": 18, "市区町村コード": 209, "所在地": "福井県越前市粟田部町３４－６－１", "緯度": 35.917627, "経度": 136.244566, "url": "https://www.iryou.teikyouseido.mhlw.go.jp/znk-web/juminkanja/S2430/initialize?prefCd=18&kikanCd=7189001900&kikanKbn=nan", "url2": "https://phmirai.co.jp/store/232/", "内容": "共創未来　今立薬局0福井県越前市粟田部町３４－６－１" }, "geometry": { "type": "Point", "coordinates": [ 136.244566, 35.917627 ] } },
{ "type": "Feature", "properties": { "ID": 1857189001920, "正式名称": "共創未来　水落薬局", "機関区分": 5, "都道府県コード": 18, "市区町村コード": 207, "所在地": "福井県鯖江市水落町２－２８－１", "緯度": 35.963831, "経度": 136.187992, "url": "https://www.iryou.teikyouseido.mhlw.go.jp/znk-web/juminkanja/S2430/initialize?prefCd=18&kikanCd=7189001920&kikanKbn=nan", "url2": "http://www.zenkaido.co.jp/", "内容": "共創未来　水落薬局0福井県鯖江市水落町２－２８－１" }, "geometry": { "type": "Point", "coordinates": [ 136.187992, 35.963831 ] } },
{ "type": "Feature", "properties": { "ID": 1857189001930, "正式名称": "エンゼル調剤薬局　織田店", "機関区分": 5, "都道府県コード": 18, "市区町村コード": 423, "所在地": "福井県丹生郡越前町織田１０３－５７－１", "緯度": 35.957633, "経度": 136.049496, "url": "https://www.iryou.teikyouseido.mhlw.go.jp/znk-web/juminkanja/S2430/initialize?prefCd=18&kikanCd=7189001930&kikanKbn=nan", "url2": "https://angel-pharma.jp/", "内容": "エンゼル調剤薬局　織田店0福井県丹生郡越前町織田１０３－５７－１" }, "geometry": { "type": "Point", "coordinates": [ 136.049496, 35.957633 ] } },
{ "type": "Feature", "properties": { "ID": 1857189001950, "正式名称": "カドノ薬局　木崎店", "機関区分": 5, "都道府県コード": 18, "市区町村コード": 202, "所在地": "福井県敦賀市木崎１９－１２－１", "緯度": 35.642808, "経度": 136.04794, "url": "https://www.iryou.teikyouseido.mhlw.go.jp/znk-web/juminkanja/S2430/initialize?prefCd=18&kikanCd=7189001950&kikanKbn=nan", "url2": "https://drug-kadono.com/", "内容": "カドノ薬局　木崎店0福井県敦賀市木崎１９－１２－１" }, "geometry": { "type": "Point", "coordinates": [ 136.04794, 35.642808 ] } },
{ "type": "Feature", "properties": { "ID": 1857189001980, "正式名称": "げんき堂薬局", "機関区分": 5, "都道府県コード": 18, "市区町村コード": 202, "所在地": "福井県敦賀市新和町１丁目１４－１", "緯度": 35.6322, "経度": 136.056097, "url": "https://www.iryou.teikyouseido.mhlw.go.jp/znk-web/juminkanja/S2430/initialize?prefCd=18&kikanCd=7189001980&kikanKbn=nan", "url2": null, "内容": "げんき堂薬局0福井県敦賀市新和町１丁目１４－１" }, "geometry": { "type": "Point", "coordinates": [ 136.056097, 35.6322 ] } },
{ "type": "Feature", "properties": { "ID": 1857189001990, "正式名称": "株式会社　ツルガ薬局", "機関区分": 5, "都道府県コード": 18, "市区町村コード": 202, "所在地": "福井県敦賀市白銀町７－１７", "緯度": 35.647283, "経度": 136.072875, "url": "https://www.iryou.teikyouseido.mhlw.go.jp/znk-web/juminkanja/S2430/initialize?prefCd=18&kikanCd=7189001990&kikanKbn=nan", "url2": "https://tsurugayakkyoku.com/", "内容": "株式会社　ツルガ薬局0福井県敦賀市白銀町７－１７" }, "geometry": { "type": "Point", "coordinates": [ 136.072875, 35.647283 ] } },
{ "type": "Feature", "properties": { "ID": 1857189002010, "正式名称": "一角堂薬局", "機関区分": 5, "都道府県コード": 18, "市区町村コード": 202, "所在地": "福井県敦賀市舞崎町２－１２－３", "緯度": 35.649811, "経度": 136.080321, "url": "https://www.iryou.teikyouseido.mhlw.go.jp/znk-web/juminkanja/S2430/initialize?prefCd=18&kikanCd=7189002010&kikanKbn=nan", "url2": null, "内容": "一角堂薬局0福井県敦賀市舞崎町２－１２－３" }, "geometry": { "type": "Point", "coordinates": [ 136.080321, 35.649811 ] } },
{ "type": "Feature", "properties": { "ID": 1857189002090, "正式名称": "ハタナカ薬局", "機関区分": 5, "都道府県コード": 18, "市区町村コード": 202, "所在地": "福井県敦賀市岡山町１１７３番地", "緯度": 35.625533, "経度": 136.071847, "url": "https://www.iryou.teikyouseido.mhlw.go.jp/znk-web/juminkanja/S2430/initialize?prefCd=18&kikanCd=7189002090&kikanKbn=nan", "url2": null, "内容": "ハタナカ薬局0福井県敦賀市岡山町１１７３番地" }, "geometry": { "type": "Point", "coordinates": [ 136.071847, 35.625533 ] } },
{ "type": "Feature", "properties": { "ID": 1857189002120, "正式名称": "株式会社　ツルガ薬局　市野々店", "機関区分": 5, "都道府県コード": 18, "市区町村コード": 202, "所在地": "福井県敦賀市市野々町１ー８０８", "緯度": 35.627728, "経度": 136.048653, "url": "https://www.iryou.teikyouseido.mhlw.go.jp/znk-web/juminkanja/S2430/initialize?prefCd=18&kikanCd=7189002120&kikanKbn=nan", "url2": "https://tsurugayakkyoku.com/", "内容": "株式会社　ツルガ薬局　市野々店0福井県敦賀市市野々町１ー８０８" }, "geometry": { "type": "Point", "coordinates": [ 136.048653, 35.627728 ] } },
{ "type": "Feature", "properties": { "ID": 1857189002130, "正式名称": "日本調剤　三島町薬局", "機関区分": 5, "都道府県コード": 18, "市区町村コード": 202, "所在地": "福井県敦賀市三島町１丁目５－１６－２", "緯度": 35.652894, "経度": 136.065236, "url": "https://www.iryou.teikyouseido.mhlw.go.jp/znk-web/juminkanja/S2430/initialize?prefCd=18&kikanCd=7189002130&kikanKbn=nan", "url2": "http://www.nicho.co.jp/tenpo/misimatyo/", "内容": "日本調剤　三島町薬局0福井県敦賀市三島町１丁目５－１６－２" }, "geometry": { "type": "Point", "coordinates": [ 136.065236, 35.652894 ] } },
{ "type": "Feature", "properties": { "ID": 1857189002140, "正式名称": "有限会社　井上調剤薬局", "機関区分": 5, "都道府県コード": 18, "市区町村コード": 202, "所在地": "福井県敦賀市結城町１７－８", "緯度": 35.653367, "経度": 136.064208, "url": "https://www.iryou.teikyouseido.mhlw.go.jp/znk-web/juminkanja/S2430/initialize?prefCd=18&kikanCd=7189002140&kikanKbn=nan", "url2": null, "内容": "有限会社　井上調剤薬局0福井県敦賀市結城町１７－８" }, "geometry": { "type": "Point", "coordinates": [ 136.064208, 35.653367 ] } },
{ "type": "Feature", "properties": { "ID": 1857189002150, "正式名称": "あい調剤薬局　敦賀店", "機関区分": 5, "都道府県コード": 18, "市区町村コード": 202, "所在地": "福井県敦賀市結城町１７－９", "緯度": 35.653339, "経度": 136.064069, "url": "https://www.iryou.teikyouseido.mhlw.go.jp/znk-web/juminkanja/S2430/initialize?prefCd=18&kikanCd=7189002150&kikanKbn=nan", "url2": null, "内容": "あい調剤薬局　敦賀店0福井県敦賀市結城町１７－９" }, "geometry": { "type": "Point", "coordinates": [ 136.064069, 35.653339 ] } },
{ "type": "Feature", "properties": { "ID": 1857189002170, "正式名称": "カドノ薬局　市立病院前店", "機関区分": 5, "都道府県コード": 18, "市区町村コード": 202, "所在地": "福井県敦賀市結城町１７－７", "緯度": 35.653244, "経度": 136.0648, "url": "https://www.iryou.teikyouseido.mhlw.go.jp/znk-web/juminkanja/S2430/initialize?prefCd=18&kikanCd=7189002170&kikanKbn=nan", "url2": "https://drug-kadono.com/", "内容": "カドノ薬局　市立病院前店0福井県敦賀市結城町１７－７" }, "geometry": { "type": "Point", "coordinates": [ 136.0648, 35.653244 ] } },
{ "type": "Feature", "properties": { "ID": 1857189002190, "正式名称": "みはま調剤薬局", "機関区分": 5, "都道府県コード": 18, "市区町村コード": 442, "所在地": "福井県三方郡美浜町興道寺８－３７－１", "緯度": 35.598952, "経度": 135.942207, "url": "https://www.iryou.teikyouseido.mhlw.go.jp/znk-web/juminkanja/S2430/initialize?prefCd=18&kikanCd=7189002190&kikanKbn=nan", "url2": null, "内容": "みはま調剤薬局0福井県三方郡美浜町興道寺８－３７－１" }, "geometry": { "type": "Point", "coordinates": [ 135.942207, 35.598952 ] } },
{ "type": "Feature", "properties": { "ID": 1857189002200, "正式名称": "みなみ調剤薬局", "機関区分": 5, "都道府県コード": 18, "市区町村コード": 202, "所在地": "福井県敦賀市金山５８－１５－１", "緯度": 35.624922, "経度": 136.034069, "url": "https://www.iryou.teikyouseido.mhlw.go.jp/znk-web/juminkanja/S2430/initialize?prefCd=18&kikanCd=7189002200&kikanKbn=nan", "url2": "https://minami-pharmacy.com/.", "内容": "みなみ調剤薬局0福井県敦賀市金山５８－１５－１" }, "geometry": { "type": "Point", "coordinates": [ 136.034069, 35.624922 ] } },
{ "type": "Feature", "properties": { "ID": 1857189002210, "正式名称": "エーワン薬局", "機関区分": 5, "都道府県コード": 18, "市区町村コード": 202, "所在地": "福井県敦賀市市野々町２丁目１５６７番地", "緯度": 35.621635, "経度": 136.050196, "url": "https://www.iryou.teikyouseido.mhlw.go.jp/znk-web/juminkanja/S2430/initialize?prefCd=18&kikanCd=7189002210&kikanKbn=nan", "url2": null, "内容": "エーワン薬局0福井県敦賀市市野々町２丁目１５６７番地" }, "geometry": { "type": "Point", "coordinates": [ 136.050196, 35.621635 ] } },
{ "type": "Feature", "properties": { "ID": 1857189002220, "正式名称": "株式会社　クララ調剤薬局野神店", "機関区分": 5, "都道府県コード": 18, "市区町村コード": 202, "所在地": "福井県敦賀市野神４０号２５８番４号", "緯度": 35.639392, "経度": 136.050533, "url": "https://www.iryou.teikyouseido.mhlw.go.jp/znk-web/juminkanja/S2430/initialize?prefCd=18&kikanCd=7189002220&kikanKbn=nan", "url2": "e-classa.net/kuraranogami/", "内容": "株式会社　クララ調剤薬局野神店0福井県敦賀市野神４０号２５８番４号" }, "geometry": { "type": "Point", "coordinates": [ 136.050533, 35.639392 ] } },
{ "type": "Feature", "properties": { "ID": 1857189002230, "正式名称": "有限会社　山下薬局", "機関区分": 5, "都道府県コード": 18, "市区町村コード": 204, "所在地": "福井県小浜市駅前町６－２７", "緯度": 35.493805, "経度": 135.745485, "url": "https://www.iryou.teikyouseido.mhlw.go.jp/znk-web/juminkanja/S2430/initialize?prefCd=18&kikanCd=7189002230&kikanKbn=nan", "url2": "https://yyy-m.jp", "内容": "有限会社　山下薬局0福井県小浜市駅前町６－２７" }, "geometry": { "type": "Point", "coordinates": [ 135.745485, 35.493805 ] } },
{ "type": "Feature", "properties": { "ID": 1857189002240, "正式名称": "株式会社オバマ薬局", "機関区分": 5, "都道府県コード": 18, "市区町村コード": 204, "所在地": "福井県小浜市南川町１４－３５", "緯度": 35.491117, "経度": 135.752903, "url": "https://www.iryou.teikyouseido.mhlw.go.jp/znk-web/juminkanja/S2430/initialize?prefCd=18&kikanCd=7189002240&kikanKbn=nan", "url2": "https://obama-pharmacy.com", "内容": "株式会社オバマ薬局0福井県小浜市南川町１４－３５" }, "geometry": { "type": "Point", "coordinates": [ 135.752903, 35.491117 ] } },
{ "type": "Feature", "properties": { "ID": 1857189002250, "正式名称": "高浜調剤薬局", "機関区分": 5, "都道府県コード": 18, "市区町村コード": 481, "所在地": "福井県大飯郡高浜町宮崎８７－１５－２０", "緯度": 35.488694, "経度": 135.547349, "url": "https://www.iryou.teikyouseido.mhlw.go.jp/znk-web/juminkanja/S2430/initialize?prefCd=18&kikanCd=7189002250&kikanKbn=nan", "url2": null, "内容": "高浜調剤薬局0福井県大飯郡高浜町宮崎８７－１５－２０" }, "geometry": { "type": "Point", "coordinates": [ 135.547349, 35.488694 ] } },
{ "type": "Feature", "properties": { "ID": 1857189002270, "正式名称": "佐々木薬局　高浜店", "機関区分": 5, "都道府県コード": 18, "市区町村コード": 481, "所在地": "福井県大飯郡高浜町宮崎７７－７－１", "緯度": 35.487117, "経度": 135.547986, "url": "https://www.iryou.teikyouseido.mhlw.go.jp/znk-web/juminkanja/S2430/initialize?prefCd=18&kikanCd=7189002270&kikanKbn=nan", "url2": "http://www.myph.jp/sasakipharm/pc/index.html", "内容": "佐々木薬局　高浜店0福井県大飯郡高浜町宮崎７７－７－１" }, "geometry": { "type": "Point", "coordinates": [ 135.547986, 35.487117 ] } },
{ "type": "Feature", "properties": { "ID": 1857189002290, "正式名称": "おおて薬局", "機関区分": 5, "都道府県コード": 18, "市区町村コード": 204, "所在地": "福井県小浜市大手町２－１７　池田ビルディング１Ｆ", "緯度": 35.495256, "経度": 135.745569, "url": "https://www.iryou.teikyouseido.mhlw.go.jp/znk-web/juminkanja/S2430/initialize?prefCd=18&kikanCd=7189002290&kikanKbn=nan", "url2": null, "内容": "おおて薬局0福井県小浜市大手町２－１７　池田ビルディング１Ｆ" }, "geometry": { "type": "Point", "coordinates": [ 135.745569, 35.495256 ] } },
{ "type": "Feature", "properties": { "ID": 1857189002300, "正式名称": "たんぽぽ薬局　小浜店", "機関区分": 5, "都道府県コード": 18, "市区町村コード": 204, "所在地": "福井県小浜市駅前町８－７", "緯度": 35.493728, "経度": 135.745625, "url": "https://www.iryou.teikyouseido.mhlw.go.jp/znk-web/juminkanja/S2430/initialize?prefCd=18&kikanCd=7189002300&kikanKbn=nan", "url2": "http://www.tanpopo-ph.co.jp", "内容": "たんぽぽ薬局　小浜店0福井県小浜市駅前町８－７" }, "geometry": { "type": "Point", "coordinates": [ 135.745625, 35.493728 ] } },
{ "type": "Feature", "properties": { "ID": 1857189002310, "正式名称": "日本調剤　小浜薬局", "機関区分": 5, "都道府県コード": 18, "市区町村コード": 204, "所在地": "福井県小浜市大手町２－１１", "緯度": 35.494921, "経度": 135.745788, "url": "https://www.iryou.teikyouseido.mhlw.go.jp/znk-web/juminkanja/S2430/initialize?prefCd=18&kikanCd=7189002310&kikanKbn=nan", "url2": "https://www.nicho.co.jp/tenpo/obama/", "内容": "日本調剤　小浜薬局0福井県小浜市大手町２－１１" }, "geometry": { "type": "Point", "coordinates": [ 135.745788, 35.494921 ] } },
{ "type": "Feature", "properties": { "ID": 1857189002320, "正式名称": "渋谷薬局", "機関区分": 5, "都道府県コード": 18, "市区町村コード": 204, "所在地": "福井県小浜市深野７－１２－２", "緯度": 35.4257, "経度": 135.688375, "url": "https://www.iryou.teikyouseido.mhlw.go.jp/znk-web/juminkanja/S2430/initialize?prefCd=18&kikanCd=7189002320&kikanKbn=nan", "url2": "https://shibutani-land.jp", "内容": "渋谷薬局0福井県小浜市深野７－１２－２" }, "geometry": { "type": "Point", "coordinates": [ 135.688375, 35.4257 ] } },
{ "type": "Feature", "properties": { "ID": 1857189002330, "正式名称": "なの花薬局　若狭市場店", "機関区分": 5, "都道府県コード": 18, "市区町村コード": 501, "所在地": "福井県三方上中郡若狭町市場１９－２－１", "緯度": 35.462444, "経度": 135.857877, "url": "https://www.iryou.teikyouseido.mhlw.go.jp/znk-web/juminkanja/S2430/initialize?prefCd=18&kikanCd=7189002330&kikanKbn=nan", "url2": "https://www.nanohana-ph.jp", "内容": "なの花薬局　若狭市場店0福井県三方上中郡若狭町市場１９－２－１" }, "geometry": { "type": "Point", "coordinates": [ 135.857877, 35.462444 ] } },
{ "type": "Feature", "properties": { "ID": 1857189002370, "正式名称": "酒井薬局", "機関区分": 5, "都道府県コード": 18, "市区町村コード": 210, "所在地": "福井県坂井市春江町江留下宇和江３０", "緯度": 36.127571, "経度": 136.220402, "url": "https://www.iryou.teikyouseido.mhlw.go.jp/znk-web/juminkanja/S2430/initialize?prefCd=18&kikanCd=7189002370&kikanKbn=nan", "url2": "https://www.kanpou-sakai.com/", "内容": "酒井薬局0福井県坂井市春江町江留下宇和江３０" }, "geometry": { "type": "Point", "coordinates": [ 136.220402, 36.127571 ] } },
{ "type": "Feature", "properties": { "ID": 1857189002380, "正式名称": "サクラ薬局", "機関区分": 5, "都道府県コード": 18, "市区町村コード": 423, "所在地": "福井県丹生郡越前町織田１０６－４３－２", "緯度": 35.957613, "経度": 136.046816, "url": "https://www.iryou.teikyouseido.mhlw.go.jp/znk-web/juminkanja/S2430/initialize?prefCd=18&kikanCd=7189002380&kikanKbn=nan", "url2": null, "内容": "サクラ薬局0福井県丹生郡越前町織田１０６－４３－２" }, "geometry": { "type": "Point", "coordinates": [ 136.046816, 35.957613 ] } },
{ "type": "Feature", "properties": { "ID": 1857189002400, "正式名称": "加藤薬局　芝原店", "機関区分": 5, "都道府県コード": 18, "市区町村コード": 209, "所在地": "福井県越前市芝原５丁目１１－２", "緯度": 35.922635, "経度": 136.16033, "url": "https://www.iryou.teikyouseido.mhlw.go.jp/znk-web/juminkanja/S2430/initialize?prefCd=18&kikanCd=7189002400&kikanKbn=nan", "url2": null, "内容": "加藤薬局　芝原店0福井県越前市芝原５丁目１１－２" }, "geometry": { "type": "Point", "coordinates": [ 136.16033, 35.922635 ] } },
{ "type": "Feature", "properties": { "ID": 1857189002410, "正式名称": "ハート調剤薬局　平井店", "機関区分": 5, "都道府県コード": 18, "市区町村コード": 207, "所在地": "福井県鯖江市平井町３１－６－１", "緯度": 35.957728, "経度": 136.168014, "url": "https://www.iryou.teikyouseido.mhlw.go.jp/znk-web/juminkanja/S2430/initialize?prefCd=18&kikanCd=7189002410&kikanKbn=nan", "url2": null, "内容": "ハート調剤薬局　平井店0福井県鯖江市平井町３１－６－１" }, "geometry": { "type": "Point", "coordinates": [ 136.168014, 35.957728 ] } },
{ "type": "Feature", "properties": { "ID": 1857189002420, "正式名称": "アイン薬局　四ツ居店", "機関区分": 5, "都道府県コード": 18, "市区町村コード": 201, "所在地": "福井県福井市北四ツ居２－１８－３３", "緯度": 36.065392, "経度": 136.247599, "url": "https://www.iryou.teikyouseido.mhlw.go.jp/znk-web/juminkanja/S2430/initialize?prefCd=18&kikanCd=7189002420&kikanKbn=nan", "url2": "https://www.ainj.co.jp/", "内容": "アイン薬局　四ツ居店0福井県福井市北四ツ居２－１８－３３" }, "geometry": { "type": "Point", "coordinates": [ 136.247599, 36.065392 ] } },
{ "type": "Feature", "properties": { "ID": 1857189002430, "正式名称": "すみれ薬局", "機関区分": 5, "都道府県コード": 18, "市区町村コード": 209, "所在地": "福井県越前市東千福町２３－１７", "緯度": 35.891644, "経度": 136.157181, "url": "https://www.iryou.teikyouseido.mhlw.go.jp/znk-web/juminkanja/S2430/initialize?prefCd=18&kikanCd=7189002430&kikanKbn=nan", "url2": "https://botanical-pharmacy.com", "内容": "すみれ薬局0福井県越前市東千福町２３－１７" }, "geometry": { "type": "Point", "coordinates": [ 136.157181, 35.891644 ] } },
{ "type": "Feature", "properties": { "ID": 1857189002440, "正式名称": "岩並薬局", "機関区分": 5, "都道府県コード": 18, "市区町村コード": 201, "所在地": "福井県福井市渕２丁目８２０　塚谷ビルＤ－１", "緯度": 36.040866, "経度": 136.188201, "url": "https://www.iryou.teikyouseido.mhlw.go.jp/znk-web/juminkanja/S2430/initialize?prefCd=18&kikanCd=7189002440&kikanKbn=nan", "url2": "https://iwanami-p.com/", "内容": "岩並薬局0福井県福井市渕２丁目８２０　塚谷ビルＤ－１" }, "geometry": { "type": "Point", "coordinates": [ 136.188201, 36.040866 ] } },
{ "type": "Feature", "properties": { "ID": 1857189002470, "正式名称": "かめだ薬局", "機関区分": 5, "都道府県コード": 18, "市区町村コード": 483, "所在地": "福井県大飯郡おおい町名田庄下３３－１３－２", "緯度": 35.407283, "経度": 135.651486, "url": "https://www.iryou.teikyouseido.mhlw.go.jp/znk-web/juminkanja/S2430/initialize?prefCd=18&kikanCd=7189002470&kikanKbn=nan", "url2": null, "内容": "かめだ薬局0福井県大飯郡おおい町名田庄下３３－１３－２" }, "geometry": { "type": "Point", "coordinates": [ 135.651486, 35.407283 ] } },
{ "type": "Feature", "properties": { "ID": 1857189002480, "正式名称": "クスリのアオキ敦賀南薬局", "機関区分": 5, "都道府県コード": 18, "市区町村コード": 202, "所在地": "福井県敦賀市若葉町２－７０５", "緯度": 35.631095, "経度": 136.052597, "url": "https://www.iryou.teikyouseido.mhlw.go.jp/znk-web/juminkanja/S2430/initialize?prefCd=18&kikanCd=7189002480&kikanKbn=nan", "url2": "https://www.kusuri-aoki.co.jp/", "内容": "クスリのアオキ敦賀南薬局0福井県敦賀市若葉町２－７０５" }, "geometry": { "type": "Point", "coordinates": [ 136.052597, 35.631095 ] } },
{ "type": "Feature", "properties": { "ID": 1857189002550, "正式名称": "まりん調剤薬局", "機関区分": 5, "都道府県コード": 18, "市区町村コード": 201, "所在地": "福井県福井市四ツ井１－１７－１２", "緯度": 36.066509, "経度": 136.236531, "url": "https://www.iryou.teikyouseido.mhlw.go.jp/znk-web/juminkanja/S2430/initialize?prefCd=18&kikanCd=7189002550&kikanKbn=nan", "url2": "http://marin-pharmacy.com", "内容": "まりん調剤薬局0福井県福井市四ツ井１－１７－１２" }, "geometry": { "type": "Point", "coordinates": [ 136.236531, 36.066509 ] } },
{ "type": "Feature", "properties": { "ID": 1857189002560, "正式名称": "あおば薬局高木店", "機関区分": 5, "都道府県コード": 18, "市区町村コード": 201, "所在地": "福井県福井市高木中央３－８０２", "緯度": 36.08961, "経度": 136.238202, "url": "https://www.iryou.teikyouseido.mhlw.go.jp/znk-web/juminkanja/S2430/initialize?prefCd=18&kikanCd=7189002560&kikanKbn=nan", "url2": "http://www.add-vantage.jp/", "内容": "あおば薬局高木店0福井県福井市高木中央３－８０２" }, "geometry": { "type": "Point", "coordinates": [ 136.238202, 36.08961 ] } },
{ "type": "Feature", "properties": { "ID": 1857189002570, "正式名称": "クスリのアオキ米松薬局", "機関区分": 5, "都道府県コード": 18, "市区町村コード": 201, "所在地": "福井県福井市米松二丁目４番１２号", "緯度": 36.06865, "経度": 136.241436, "url": "https://www.iryou.teikyouseido.mhlw.go.jp/znk-web/juminkanja/S2430/initialize?prefCd=18&kikanCd=7189002570&kikanKbn=nan", "url2": "http://www.kusuri-aoki.co.jp/", "内容": "クスリのアオキ米松薬局0福井県福井市米松二丁目４番１２号" }, "geometry": { "type": "Point", "coordinates": [ 136.241436, 36.06865 ] } },
{ "type": "Feature", "properties": { "ID": 1857189002610, "正式名称": "クスリのアオキ新鮮館灯明寺薬局", "機関区分": 5, "都道府県コード": 18, "市区町村コード": 201, "所在地": "福井県福井市舟橋黒竜１丁目１１０", "緯度": 36.098812, "経度": 136.214743, "url": "https://www.iryou.teikyouseido.mhlw.go.jp/znk-web/juminkanja/S2430/initialize?prefCd=18&kikanCd=7189002610&kikanKbn=nan", "url2": "http://www.kusuri-aoki.co.jp/", "内容": "クスリのアオキ新鮮館灯明寺薬局0福井県福井市舟橋黒竜１丁目１１０" }, "geometry": { "type": "Point", "coordinates": [ 136.214743, 36.098812 ] } },
{ "type": "Feature", "properties": { "ID": 1857189002630, "正式名称": "さくら薬局　越前平出店", "機関区分": 5, "都道府県コード": 18, "市区町村コード": 209, "所在地": "福井県越前市平出１丁目１２－２８", "緯度": 36.065178, "経度": 136.221527, "url": "https://www.iryou.teikyouseido.mhlw.go.jp/znk-web/juminkanja/S2430/initialize?prefCd=18&kikanCd=7189002630&kikanKbn=nan", "url2": "http://www.kraft-net.co.jp/", "内容": "さくら薬局　越前平出店0福井県越前市平出１丁目１２－２８" }, "geometry": { "type": "Point", "coordinates": [ 136.221527, 36.065178 ] } },
{ "type": "Feature", "properties": { "ID": 1857189002640, "正式名称": "みなみ薬局　金山店", "機関区分": 5, "都道府県コード": 18, "市区町村コード": 202, "所在地": "福井県敦賀市金山７６－１－１", "緯度": 35.625783, "経度": 136.041097, "url": "https://www.iryou.teikyouseido.mhlw.go.jp/znk-web/juminkanja/S2430/initialize?prefCd=18&kikanCd=7189002640&kikanKbn=nan", "url2": "http://minami-pharmacy.com", "内容": "みなみ薬局　金山店0福井県敦賀市金山７６－１－１" }, "geometry": { "type": "Point", "coordinates": [ 136.041097, 35.625783 ] } },
{ "type": "Feature", "properties": { "ID": 1857189002690, "正式名称": "協和調剤薬局", "機関区分": 5, "都道府県コード": 18, "市区町村コード": 201, "所在地": "福井県福井市板垣４丁目１０１番地", "緯度": 36.046236, "経度": 136.227139, "url": "https://www.iryou.teikyouseido.mhlw.go.jp/znk-web/juminkanja/S2430/initialize?prefCd=18&kikanCd=7189002690&kikanKbn=nan", "url2": null, "内容": "協和調剤薬局0福井県福井市板垣４丁目１０１番地" }, "geometry": { "type": "Point", "coordinates": [ 136.227139, 36.046236 ] } },
{ "type": "Feature", "properties": { "ID": 1857189002710, "正式名称": "まつみ調剤薬局", "機関区分": 5, "都道府県コード": 18, "市区町村コード": 204, "所在地": "福井県小浜市南川町１２－１３", "緯度": 35.491756, "経度": 135.755319, "url": "https://www.iryou.teikyouseido.mhlw.go.jp/znk-web/juminkanja/S2430/initialize?prefCd=18&kikanCd=7189002710&kikanKbn=nan", "url2": null, "内容": "まつみ調剤薬局0福井県小浜市南川町１２－１３" }, "geometry": { "type": "Point", "coordinates": [ 135.755319, 35.491756 ] } },
{ "type": "Feature", "properties": { "ID": 1857189002720, "正式名称": "クスリのアオキ南四ツ居薬局", "機関区分": 5, "都道府県コード": 18, "市区町村コード": 201, "所在地": "福井県福井市南四ツ居１丁目３番１３号", "緯度": 36.062978, "経度": 136.243514, "url": "https://www.iryou.teikyouseido.mhlw.go.jp/znk-web/juminkanja/S2430/initialize?prefCd=18&kikanCd=7189002720&kikanKbn=nan", "url2": "http://www.kusuri-aoki.co.jp", "内容": "クスリのアオキ南四ツ居薬局0福井県福井市南四ツ居１丁目３番１３号" }, "geometry": { "type": "Point", "coordinates": [ 136.243514, 36.062978 ] } },
{ "type": "Feature", "properties": { "ID": 1857189002730, "正式名称": "羽水らいふ薬局", "機関区分": 5, "都道府県コード": 18, "市区町村コード": 201, "所在地": "福井県福井市木田３丁目２８０３番地", "緯度": 36.065178, "経度": 136.221527, "url": "https://www.iryou.teikyouseido.mhlw.go.jp/znk-web/juminkanja/S2430/initialize?prefCd=18&kikanCd=7189002730&kikanKbn=nan", "url2": "https://hokuriku-qol.jp/", "内容": "羽水らいふ薬局0福井県福井市木田３丁目２８０３番地" }, "geometry": { "type": "Point", "coordinates": [ 136.221527, 36.065178 ] } },
{ "type": "Feature", "properties": { "ID": 1857189002750, "正式名称": "すまいる調剤薬局　四ツ井店", "機関区分": 5, "都道府県コード": 18, "市区町村コード": 201, "所在地": "福井県福井市四ツ井１－２２－２１", "緯度": 36.065789, "経度": 136.239617, "url": "https://www.iryou.teikyouseido.mhlw.go.jp/znk-web/juminkanja/S2430/initialize?prefCd=18&kikanCd=7189002750&kikanKbn=nan", "url2": null, "内容": "すまいる調剤薬局　四ツ井店0福井県福井市四ツ井１－２２－２１" }, "geometry": { "type": "Point", "coordinates": [ 136.239617, 36.065789 ] } },
{ "type": "Feature", "properties": { "ID": 1857189002760, "正式名称": "くるみ薬局", "機関区分": 5, "都道府県コード": 18, "市区町村コード": 209, "所在地": "福井県越前市国高２丁目２７８番地", "緯度": 35.909033, "経度": 136.186681, "url": "https://www.iryou.teikyouseido.mhlw.go.jp/znk-web/juminkanja/S2430/initialize?prefCd=18&kikanCd=7189002760&kikanKbn=nan", "url2": "https://botanical-pharmacy.com/tenpo2#kurumi", "内容": "くるみ薬局0福井県越前市国高２丁目２７８番地" }, "geometry": { "type": "Point", "coordinates": [ 136.186681, 35.909033 ] } },
{ "type": "Feature", "properties": { "ID": 1857189002770, "正式名称": "株式会社クララ調剤薬局　住吉店", "機関区分": 5, "都道府県コード": 18, "市区町村コード": 209, "所在地": "福井県越前市住吉町９－１９", "緯度": 35.897895, "経度": 136.168645, "url": "https://www.iryou.teikyouseido.mhlw.go.jp/znk-web/juminkanja/S2430/initialize?prefCd=18&kikanCd=7189002770&kikanKbn=nan", "url2": "https://appli.e-classa.net/kurarasumiyoshi/index.html", "内容": "株式会社クララ調剤薬局　住吉店0福井県越前市住吉町９－１９" }, "geometry": { "type": "Point", "coordinates": [ 136.168645, 35.897895 ] } },
{ "type": "Feature", "properties": { "ID": 1857189002780, "正式名称": "南山堂薬局　松本店", "機関区分": 5, "都道府県コード": 18, "市区町村コード": 201, "所在地": "福井県福井市松本４－５２３", "緯度": 36.071973, "経度": 136.220529, "url": "https://www.iryou.teikyouseido.mhlw.go.jp/znk-web/juminkanja/S2430/initialize?prefCd=18&kikanCd=7189002780&kikanKbn=nan", "url2": "https://www.nanzando.co.jp/matsumoto.html", "内容": "南山堂薬局　松本店0福井県福井市松本４－５２３" }, "geometry": { "type": "Point", "coordinates": [ 136.220529, 36.071973 ] } },
{ "type": "Feature", "properties": { "ID": 1857189002790, "正式名称": "さくら薬局　越前大野店", "機関区分": 5, "都道府県コード": 18, "市区町村コード": 205, "所在地": "福井県大野市春日１丁目１１番１３号", "緯度": 35.978665, "経度": 136.495946, "url": "https://www.iryou.teikyouseido.mhlw.go.jp/znk-web/juminkanja/S2430/initialize?prefCd=18&kikanCd=7189002790&kikanKbn=nan", "url2": "http://www.kraft-net.co.jp/", "内容": "さくら薬局　越前大野店0福井県大野市春日１丁目１１番１３号" }, "geometry": { "type": "Point", "coordinates": [ 136.495946, 35.978665 ] } },
{ "type": "Feature", "properties": { "ID": 1857189002800, "正式名称": "南山堂陽明薬局", "機関区分": 5, "都道府県コード": 18, "市区町村コード": 205, "所在地": "福井県大野市陽明町２丁目１０２", "緯度": 35.990399, "経度": 136.49947, "url": "https://www.iryou.teikyouseido.mhlw.go.jp/znk-web/juminkanja/S2430/initialize?prefCd=18&kikanCd=7189002800&kikanKbn=nan", "url2": "https://www.nanzando-holdings.co.jp/youmei.html", "内容": "南山堂陽明薬局0福井県大野市陽明町２丁目１０２" }, "geometry": { "type": "Point", "coordinates": [ 136.49947, 35.990399 ] } },
{ "type": "Feature", "properties": { "ID": 1857189002810, "正式名称": "ハート調剤薬局　今庄店", "機関区分": 5, "都道府県コード": 18, "市区町村コード": 404, "所在地": "福井県南条郡南越前町今庄８４－２８－６", "緯度": 35.773422, "経度": 136.199708, "url": "https://www.iryou.teikyouseido.mhlw.go.jp/znk-web/juminkanja/S2430/initialize?prefCd=18&kikanCd=7189002810&kikanKbn=nan", "url2": "https://store.qol-net.co.jp/detail/1073/", "内容": "ハート調剤薬局　今庄店0福井県南条郡南越前町今庄８４－２８－６" }, "geometry": { "type": "Point", "coordinates": [ 136.199708, 35.773422 ] } },
{ "type": "Feature", "properties": { "ID": 1857189002820, "正式名称": "クオール薬局おおい店", "機関区分": 5, "都道府県コード": 18, "市区町村コード": 483, "所在地": "福井県大飯郡おおい町本郷９２－５３－４", "緯度": 35.474571, "経度": 135.623586, "url": "https://www.iryou.teikyouseido.mhlw.go.jp/znk-web/juminkanja/S2430/initialize?prefCd=18&kikanCd=7189002820&kikanKbn=nan", "url2": "https://www.qol-net.co.jp/pharmacy/map/detail.php?id=353", "内容": "クオール薬局おおい店0福井県大飯郡おおい町本郷９２－５３－４" }, "geometry": { "type": "Point", "coordinates": [ 135.623586, 35.474571 ] } },
{ "type": "Feature", "properties": { "ID": 1857189002830, "正式名称": "クスリのアオキ丸岡薬局", "機関区分": 5, "都道府県コード": 18, "市区町村コード": 210, "所在地": "福井県坂井市丸岡町里丸岡１丁目４４番", "緯度": 36.146293, "経度": 136.275937, "url": "https://www.iryou.teikyouseido.mhlw.go.jp/znk-web/juminkanja/S2430/initialize?prefCd=18&kikanCd=7189002830&kikanKbn=nan", "url2": "https://www.kusuri-aoki.co.jp/", "内容": "クスリのアオキ丸岡薬局0福井県坂井市丸岡町里丸岡１丁目４４番" }, "geometry": { "type": "Point", "coordinates": [ 136.275937, 36.146293 ] } },
{ "type": "Feature", "properties": { "ID": 1857189002840, "正式名称": "クスリのアオキ春江薬局", "機関区分": 5, "都道府県コード": 18, "市区町村コード": 210, "所在地": "福井県坂井市春江町江留下高道１３２番", "緯度": 36.128839, "経度": 136.219736, "url": "https://www.iryou.teikyouseido.mhlw.go.jp/znk-web/juminkanja/S2430/initialize?prefCd=18&kikanCd=7189002840&kikanKbn=nan", "url2": "https://www.kusuri-aoki.co.jp/", "内容": "クスリのアオキ春江薬局0福井県坂井市春江町江留下高道１３２番" }, "geometry": { "type": "Point", "coordinates": [ 136.219736, 36.128839 ] } },
{ "type": "Feature", "properties": { "ID": 1857189002850, "正式名称": "共創未来　中藤薬局", "機関区分": 5, "都道府県コード": 18, "市区町村コード": 201, "所在地": "福井県福井市高柳３丁目３２０５", "緯度": 36.097624, "経度": 136.240603, "url": "https://www.iryou.teikyouseido.mhlw.go.jp/znk-web/juminkanja/S2430/initialize?prefCd=18&kikanCd=7189002850&kikanKbn=nan", "url2": "https://phmirai.co.jp", "内容": "共創未来　中藤薬局0福井県福井市高柳３丁目３２０５" }, "geometry": { "type": "Point", "coordinates": [ 136.240603, 36.097624 ] } }
]
}
